report_date,fromprovince_new,toprovince_new,externallane_new,client_name,mau,avg_lt_prepickup_hour,avg_lt_firstmile_hour,avg_lt_middlemile_hour,avg_lt_lastmile_hour,avg_lt_e2e_hour
2026-08-14,,,,SPB,8,1.36,15.86,22.23,9.63,49.12
2026-08-14,,,,SPE,28,2.91,13.48,40.23,13.68,71.99
2026-08-14,Bắc Ninh,Hà Nội,Intra region,SPB,704,8.8,5.74,11.84,13.76,40.22
2026-08-14,Bắc Ninh,Hà Nội,Intra region,SPE,1683,6.04,11.52,11.22,13.07,41.83
2026-08-14,Cà Mau,Phú Thọ,Cross region,SPB,1,0.07,,,22.88,125.15
2026-08-14,Gia Lai,Tuyên Quang,Cross region,SPB,1,0.0,,,2.63,75.47
2026-08-14,Hà Nội,An Giang,Cross region,SPB,371,3.27,8.53,58.03,15.01,84.76
2026-08-14,Hà Nội,An Giang,Cross region,SPE,2575,3.62,9.85,57.26,15.01,85.89
2026-08-14,Hà Nội,Bắc Ninh,Intra region,SPB,749,3.05,10.76,13.08,15.88,42.99
2026-08-14,Hà Nội,Bắc Ninh,Intra region,SPE,3749,3.48,10.47,11.69,16.91,42.82
2026-08-14,Hà Nội,Cần Thơ,Cross region,SPB,301,2.46,9.23,51.19,18.77,81.6
2026-08-14,Hà Nội,Cần Thơ,Cross region,SPE,2318,3.49,9.89,52.15,15.31,80.96
2026-08-14,Hà Nội,Gia Lai,Cross region,SPB,301,3.01,9.25,39.8,11.99,64.17
2026-08-14,Hà Nội,Gia Lai,Cross region,SPE,1755,3.07,9.64,41.91,10.85,65.74
2026-08-14,Hà Nội,Hà Nội,Intra city,SPB,2880,5.72,12.6,12.26,10.54,37.6
2026-08-14,Hà Nội,Hà Nội,Intra city,SPE,1897,1.87,8.84,11.64,13.3,35.92
2026-08-14,Hà Nội,Hưng Yên,Intra region,SPB,680,3.51,10.11,12.51,13.23,39.42
2026-08-14,Hà Nội,Hưng Yên,Intra region,SPE,3184,3.41,9.98,12.79,14.63,41.02
2026-08-14,Hà Nội,Hải Phòng,Intra region,SPB,1017,3.45,10.26,14.68,17.04,45.44
2026-08-14,Hà Nội,Hải Phòng,Intra region,SPE,4066,3.78,10.33,13.5,15.24,43.14
2026-08-14,Hà Nội,Hồ Chí Minh,Cross metro,SPB,2341,3.94,9.69,48.49,13.0,75.11
2026-08-14,Hà Nội,Hồ Chí Minh,Cross metro,SPE,4495,3.62,8.18,50.38,11.22,73.4
2026-08-14,Hà Nội,Lào Cai,Intra region,SPB,287,4.02,11.59,17.52,11.81,45.11
2026-08-14,Hà Nội,Lào Cai,Intra region,SPE,1764,3.18,10.33,18.73,15.26,47.65
2026-08-14,Hà Nội,Lâm Đồng,Cross region,SPB,492,3.4,8.19,50.58,15.49,77.79
2026-08-14,Hà Nội,Lâm Đồng,Cross region,SPE,2376,3.34,9.68,51.22,13.64,78.03
2026-08-14,Hà Nội,Nghệ An,Cross region,SPB,440,3.64,9.59,23.14,19.79,56.26
2026-08-14,Hà Nội,Nghệ An,Cross region,SPE,2605,3.37,10.54,25.12,24.61,63.7
2026-08-14,Hà Nội,Ninh Bình,Intra region,SPB,730,3.31,10.23,13.01,12.26,39.07
2026-08-14,Hà Nội,Ninh Bình,Intra region,SPE,3699,3.47,9.86,13.41,10.15,37.16
2026-08-14,Hà Nội,Phú Thọ,Intra region,SPB,621,3.84,9.86,13.96,12.81,40.8
2026-08-14,Hà Nội,Phú Thọ,Intra region,SPE,4076,3.48,10.25,12.81,11.41,38.09
2026-08-14,Hà Nội,Quảng Ninh,Intra region,SPB,488,3.32,10.79,19.36,14.84,48.15
2026-08-14,Hà Nội,Quảng Ninh,Intra region,SPE,2152,3.41,10.28,15.58,16.46,45.99
2026-08-14,Hà Nội,Thanh Hóa,Intra region,SPB,553,3.76,10.35,17.92,17.56,49.59
2026-08-14,Hà Nội,Thanh Hóa,Intra region,SPE,3451,3.56,10.17,19.94,19.53,53.35
2026-08-14,Hà Nội,Tây Ninh,Cross region,SPB,312,3.3,9.01,48.62,20.78,81.59
2026-08-14,Hà Nội,Tây Ninh,Cross region,SPE,1970,3.3,9.8,47.07,20.48,80.8
2026-08-14,Hà Nội,Đà Nẵng,Cross metro *,SPB,597,2.7,9.45,33.05,17.69,63.0
2026-08-14,Hà Nội,Đà Nẵng,Cross metro *,SPE,1140,3.39,8.22,32.86,16.17,60.68
2026-08-14,Hà Nội,Đắk Lắk,Cross region,SPB,325,3.12,9.0,43.57,16.43,72.27
2026-08-14,Hà Nội,Đắk Lắk,Cross region,SPE,1809,3.29,9.68,46.27,11.74,71.38
2026-08-14,Hà Nội,Đồng Nai,Cross region,SPB,547,2.75,9.21,48.6,15.18,75.72
2026-08-14,Hà Nội,Đồng Nai,Cross region,SPE,3032,3.3,9.64,52.03,15.11,80.23
2026-08-14,Hồ Chí Minh,An Giang,Intra region,SPB,1215,4.0,8.66,18.5,14.85,45.93
2026-08-14,Hồ Chí Minh,An Giang,Intra region,SPE,3815,4.13,9.54,17.69,16.49,47.75
2026-08-14,Hồ Chí Minh,Cà Mau,Intra region,SPB,558,4.76,8.03,14.45,16.65,44.04
2026-08-14,Hồ Chí Minh,Cà Mau,Intra region,SPE,1888,4.12,9.71,14.99,13.57,42.45
2026-08-14,Hồ Chí Minh,Cần Thơ,Intra region,SPB,988,4.26,7.2,13.54,12.48,37.59
2026-08-14,Hồ Chí Minh,Cần Thơ,Intra region,SPE,3185,4.13,9.76,14.0,12.72,40.63
2026-08-14,Hồ Chí Minh,Gia Lai,Cross region,SPB,487,4.56,6.88,31.21,15.17,58.13
2026-08-14,Hồ Chí Minh,Gia Lai,Cross region,SPE,1526,4.02,9.2,31.12,12.1,56.38
2026-08-14,Hồ Chí Minh,Hà Nội,Cross metro,SPB,1765,4.34,6.95,47.41,13.58,72.57
2026-08-14,Hồ Chí Minh,Hà Nội,Cross metro,SPE,1859,3.83,7.48,48.26,13.61,73.06
2026-08-14,Hồ Chí Minh,Hải Phòng,Cross region,SPB,430,4.43,6.78,49.3,17.15,77.64
2026-08-14,Hồ Chí Minh,Hải Phòng,Cross region,SPE,1648,4.05,9.1,50.35,17.33,80.63
2026-08-14,Hồ Chí Minh,Hồ Chí Minh,Intra city,SPB,7120,4.87,7.39,12.34,7.92,27.49
2026-08-14,Hồ Chí Minh,Hồ Chí Minh,Intra city,SPE,4650,3.24,7.96,13.63,11.03,35.83
2026-08-14,Hồ Chí Minh,Khánh Hòa,Cross region,SPB,608,4.38,7.87,24.68,16.58,53.74
2026-08-14,Hồ Chí Minh,Khánh Hòa,Cross region,SPE,1097,4.25,8.99,26.1,12.93,52.02
2026-08-14,Hồ Chí Minh,Lâm Đồng,Cross region,SPB,1219,4.7,8.2,18.9,14.27,46.12
2026-08-14,Hồ Chí Minh,Lâm Đồng,Cross region,SPE,2768,4.17,9.6,18.07,12.65,44.46
2026-08-14,Hồ Chí Minh,Ninh Bình,Cross region,SPB,316,4.41,6.72,42.35,11.88,65.99
2026-08-14,Hồ Chí Minh,Ninh Bình,Cross region,SPE,1394,3.81,9.45,45.45,12.0,70.43
2026-08-14,Hồ Chí Minh,Tây Ninh,Intra region,SPB,1264,4.11,7.29,11.98,17.37,40.79
2026-08-14,Hồ Chí Minh,Tây Ninh,Intra region,SPE,3201,4.2,9.28,10.43,15.7,39.4
2026-08-14,Hồ Chí Minh,Vĩnh Long,Intra region,SPB,828,4.23,7.68,13.35,16.13,41.49
2026-08-14,Hồ Chí Minh,Vĩnh Long,Intra region,SPE,2545,4.03,9.36,13.44,15.72,42.57
2026-08-14,Hồ Chí Minh,Đà Nẵng,Cross metro *,SPB,798,4.18,8.1,33.73,15.61,61.52
2026-08-14,Hồ Chí Minh,Đà Nẵng,Cross metro *,SPE,774,3.91,7.39,33.89,15.36,60.52
2026-08-14,Hồ Chí Minh,Đắk Lắk,Cross region,SPB,508,4.22,8.15,27.85,14.54,55.0
2026-08-14,Hồ Chí Minh,Đắk Lắk,Cross region,SPE,1618,4.22,8.97,26.71,14.33,54.08
2026-08-14,Hồ Chí Minh,Đồng Nai,Intra region,SPB,1906,4.25,7.85,14.17,11.94,38.31
2026-08-14,Hồ Chí Minh,Đồng Nai,Intra region,SPE,4804,4.15,9.34,14.31,14.15,41.91
2026-08-14,Hồ Chí Minh,Đồng Tháp,Intra region,SPB,927,3.94,7.49,12.95,14.89,39.48
2026-08-14,Hồ Chí Minh,Đồng Tháp,Intra region,SPE,2524,4.05,9.14,12.9,13.77,39.87
2026-08-14,Lâm Đồng,Lạng Sơn,Cross region,SPB,1,0.05,,,6.5,77.15
2026-08-14,Điện Biên,Gia Lai,Cross region,SPE,1,1.7,,,22.58,82.07
2026-08-14,Điện Biên,Hà Tĩnh,Cross region,SPE,1,0.12,,,11.07,122.98
2026-08-14,Điện Biên,Hưng Yên,Intra region,SPE,1,0.12,,,6.2,51.43
2026-08-14,Điện Biên,Lạng Sơn,Intra region,SPE,1,0.12,,,5.7,69.35
2026-08-14,Điện Biên,Quảng Ngãi,Cross region,SPE,1,0.12,,,10.82,99.58
2026-08-14,Điện Biên,Quảng Ninh,Intra region,SPE,1,1.7,,,6.07,77.82
2026-08-14,Điện Biên,Đắk Lắk,Cross region,SPE,1,1.7,,,3.93,100.65
2026-08-14,Đà Nẵng,Hà Nội,Cross metro *,SPB,98,5.92,7.46,30.77,13.56,57.69
2026-08-14,Đà Nẵng,Hà Nội,Cross metro *,SPE,39,0.56,8.74,34.52,14.89,58.58
2026-08-14,Đà Nẵng,Hồ Chí Minh,Cross metro *,SPB,151,6.18,6.76,36.09,11.58,60.69
2026-08-14,Đà Nẵng,Hồ Chí Minh,Cross metro *,SPE,63,1.5,10.83,37.04,12.0,61.22
2026-08-14,Đồng Tháp,Cao Bằng,Cross region,SPB,1,0.02,,,7.18,126.13
2026-08-14,Đồng Tháp,Lạng Sơn,Cross region,SPB,1,10.37,,,2.73,108.1
2026-08-13,,,,SPB,9,3.31,15.64,29.87,16.6,65.44
2026-08-13,,,,SPE,33,3.01,10.01,37.22,20.09,70.03
2026-08-13,Bắc Ninh,Hà Nội,Intra region,SPB,665,8.26,6.21,12.6,14.64,41.89
2026-08-13,Bắc Ninh,Hà Nội,Intra region,SPE,1880,6.37,10.28,11.58,11.65,39.8
2026-08-13,Cao Bằng,Gia Lai,Cross region,SPE,1,,,50.25,21.5,109.28
2026-08-13,Hà Nội,An Giang,Cross region,SPB,392,3.32,9.8,56.77,17.72,87.66
2026-08-13,Hà Nội,An Giang,Cross region,SPE,3074,3.57,10.05,56.13,17.93,87.75
2026-08-13,Hà Nội,Bắc Ninh,Intra region,SPB,733,4.74,12.15,13.4,17.04,47.19
2026-08-13,Hà Nội,Bắc Ninh,Intra region,SPE,4509,3.69,9.92,11.9,16.61,42.26
2026-08-13,Hà Nội,Cần Thơ,Cross region,SPB,306,3.95,11.76,49.67,19.44,85.2
2026-08-13,Hà Nội,Cần Thơ,Cross region,SPE,2791,3.65,10.14,50.52,17.57,81.89
2026-08-13,Hà Nội,Gia Lai,Cross region,SPB,312,3.43,10.97,40.24,14.25,68.74
2026-08-13,Hà Nội,Gia Lai,Cross region,SPE,2469,3.59,9.47,43.1,10.68,66.76
2026-08-13,Hà Nội,Hà Nội,Intra city,SPB,3052,5.59,13.06,13.5,10.85,39.44
2026-08-13,Hà Nội,Hà Nội,Intra city,SPE,2736,3.19,9.23,13.11,12.29,38.2
2026-08-13,Hà Nội,Hưng Yên,Intra region,SPB,608,3.49,11.95,13.7,12.56,41.76
2026-08-13,Hà Nội,Hưng Yên,Intra region,SPE,3878,3.61,10.13,12.47,14.49,40.69
2026-08-13,Hà Nội,Hải Phòng,Intra region,SPB,968,3.84,11.37,16.2,16.57,48.04
2026-08-13,Hà Nội,Hải Phòng,Intra region,SPE,5250,3.51,9.86,13.72,15.5,42.56
2026-08-13,Hà Nội,Hồ Chí Minh,Cross metro,SPB,2326,4.06,11.3,48.58,13.96,77.97
2026-08-13,Hà Nội,Hồ Chí Minh,Cross metro,SPE,4921,4.13,8.4,50.38,11.33,74.25
2026-08-13,Hà Nội,Lào Cai,Intra region,SPB,249,4.07,11.26,18.75,13.92,47.79
2026-08-13,Hà Nội,Lào Cai,Intra region,SPE,1975,3.67,10.35,18.35,16.43,48.64
2026-08-13,Hà Nội,Lâm Đồng,Cross region,SPB,534,3.3,10.37,48.99,16.37,78.99
2026-08-13,Hà Nội,Lâm Đồng,Cross region,SPE,3174,3.32,9.93,51.33,14.02,78.58
2026-08-13,Hà Nội,Nghệ An,Cross region,SPB,461,4.88,11.42,25.77,21.37,63.23
2026-08-13,Hà Nội,Nghệ An,Cross region,SPE,3311,3.77,10.14,26.56,25.26,65.72
2026-08-13,Hà Nội,Ninh Bình,Intra region,SPB,745,4.6,10.8,13.73,12.94,42.06
2026-08-13,Hà Nội,Ninh Bình,Intra region,SPE,4502,3.67,10.08,13.02,9.99,36.65
2026-08-13,Hà Nội,Phú Thọ,Intra region,SPB,695,4.08,11.44,14.91,12.39,42.64
2026-08-13,Hà Nội,Phú Thọ,Intra region,SPE,4773,3.78,10.18,13.08,12.18,39.17
2026-08-13,Hà Nội,Quảng Ninh,Intra region,SPB,396,3.62,11.4,20.22,14.42,49.45
2026-08-13,Hà Nội,Quảng Ninh,Intra region,SPE,2676,3.66,10.38,15.35,17.24,46.45
2026-08-13,Hà Nội,Thanh Hóa,Intra region,SPB,633,4.57,11.02,21.17,18.74,55.62
2026-08-13,Hà Nội,Thanh Hóa,Intra region,SPE,4233,3.45,10.2,21.05,19.48,54.25
2026-08-13,Hà Nội,Tây Ninh,Cross region,SPB,331,3.57,9.99,47.57,21.01,81.96
2026-08-13,Hà Nội,Tây Ninh,Cross region,SPE,2440,3.64,10.04,47.03,21.76,82.64
2026-08-13,Hà Nội,Đà Nẵng,Cross metro *,SPB,600,4.31,10.53,31.73,16.68,63.23
2026-08-13,Hà Nội,Đà Nẵng,Cross metro *,SPE,1187,3.37,8.76,33.42,16.0,61.66
2026-08-13,Hà Nội,Đắk Lắk,Cross region,SPB,329,3.19,10.48,43.9,16.3,73.92
2026-08-13,Hà Nội,Đắk Lắk,Cross region,SPE,2332,3.41,9.89,44.74,11.63,69.57
2026-08-13,Hà Nội,Đồng Nai,Cross region,SPB,574,3.44,10.47,49.1,17.7,80.75
2026-08-13,Hà Nội,Đồng Nai,Cross region,SPE,3720,3.69,9.89,52.93,17.32,83.75
2026-08-13,Hồ Chí Minh,An Giang,Intra region,SPB,1340,4.64,9.12,20.01,15.44,49.36
2026-08-13,Hồ Chí Minh,An Giang,Intra region,SPE,4894,3.82,9.29,17.13,16.74,46.68
2026-08-13,Hồ Chí Minh,Cà Mau,Intra region,SPB,575,4.22,8.72,15.17,15.74,44.02
2026-08-13,Hồ Chí Minh,Cà Mau,Intra region,SPE,2457,3.6,9.24,14.79,14.71,42.05
2026-08-13,Hồ Chí Minh,Cần Thơ,Intra region,SPB,1070,4.65,8.28,13.28,12.96,39.32
2026-08-13,Hồ Chí Minh,Cần Thơ,Intra region,SPE,4456,3.66,9.09,13.0,12.55,38.07
2026-08-13,Hồ Chí Minh,Gia Lai,Cross region,SPB,532,5.34,7.09,30.15,14.81,57.97
2026-08-13,Hồ Chí Minh,Gia Lai,Cross region,SPE,2147,3.67,9.34,30.65,12.33,55.75
2026-08-13,Hồ Chí Minh,Hà Nội,Cross metro,SPB,1902,5.26,7.88,48.3,15.72,77.66
2026-08-13,Hồ Chí Minh,Hà Nội,Cross metro,SPE,1976,4.04,8.12,49.24,14.44,75.69
2026-08-13,Hồ Chí Minh,Hải Phòng,Cross region,SPB,418,5.09,8.3,48.69,19.08,81.37
2026-08-13,Hồ Chí Minh,Hải Phòng,Cross region,SPE,2178,3.72,8.81,50.25,21.16,83.78
2026-08-13,Hồ Chí Minh,Hồ Chí Minh,Intra city,SPB,7524,6.26,8.48,12.04,7.4,28.5
2026-08-13,Hồ Chí Minh,Hồ Chí Minh,Intra city,SPE,5399,3.79,8.34,13.59,10.08,35.86
2026-08-13,Hồ Chí Minh,Khánh Hòa,Cross region,SPB,579,5.46,7.75,24.89,16.26,54.44
2026-08-13,Hồ Chí Minh,Khánh Hòa,Cross region,SPE,1598,3.66,9.09,23.41,14.18,50.14
2026-08-13,Hồ Chí Minh,Lâm Đồng,Cross region,SPB,1229,5.18,8.96,20.37,15.3,49.95
2026-08-13,Hồ Chí Minh,Lâm Đồng,Cross region,SPE,3771,3.76,8.99,20.9,13.88,47.29
2026-08-13,Hồ Chí Minh,Ninh Bình,Cross region,SPB,327,6.18,8.27,45.33,15.48,75.88
2026-08-13,Hồ Chí Minh,Ninh Bình,Cross region,SPE,1887,3.48,9.76,44.86,13.46,71.29
2026-08-13,Hồ Chí Minh,Tây Ninh,Intra region,SPB,1216,4.59,8.17,11.89,17.78,42.74
2026-08-13,Hồ Chí Minh,Tây Ninh,Intra region,SPE,4328,3.51,9.04,10.43,13.22,36.0
2026-08-13,Hồ Chí Minh,Vĩnh Long,Intra region,SPB,899,4.18,7.57,13.24,14.14,39.63
2026-08-13,Hồ Chí Minh,Vĩnh Long,Intra region,SPE,3523,3.51,8.79,12.88,14.71,39.68
2026-08-13,Hồ Chí Minh,Đà Nẵng,Cross metro *,SPB,940,5.16,7.36,33.94,14.74,61.33
2026-08-13,Hồ Chí Minh,Đà Nẵng,Cross metro *,SPE,867,3.58,7.97,33.93,13.7,59.18
2026-08-13,Hồ Chí Minh,Đắk Lắk,Cross region,SPB,537,5.89,7.95,27.04,17.06,58.34
2026-08-13,Hồ Chí Minh,Đắk Lắk,Cross region,SPE,2238,3.66,8.73,25.91,14.72,52.94
2026-08-13,Hồ Chí Minh,Đồng Nai,Intra region,SPB,1913,5.11,8.08,14.01,14.15,41.53
2026-08-13,Hồ Chí Minh,Đồng Nai,Intra region,SPE,6779,3.63,9.05,13.56,13.6,39.65
2026-08-13,Hồ Chí Minh,Đồng Tháp,Intra region,SPB,938,4.99,8.02,12.75,13.89,40.02
2026-08-13,Hồ Chí Minh,Đồng Tháp,Intra region,SPE,3585,3.73,8.95,12.6,13.86,39.13
2026-08-13,Lâm Đồng,Ninh Bình,Cross region,SPB,1,0.1,,,10.07,80.85
2026-08-13,Lạng Sơn,Thái Nguyên,Intra region,SPB,1,2.05,,,9.42,46.17
2026-08-13,Sơn La,Cà Mau,Cross region,SPE,1,,,,8.3,94.73
2026-08-13,Sơn La,Huế,Cross region,SPE,1,,,,4.78,66.92
2026-08-13,Sơn La,Quảng Ngãi,Cross region,SPE,1,,,43.72,2.07,90.28
2026-08-13,Điện Biên,Vĩnh Long,Cross region,SPE,1,0.98,,,31.35,131.47
2026-08-13,Đà Nẵng,Hà Nội,Cross metro *,SPB,101,6.27,5.13,30.38,17.48,59.31
2026-08-13,Đà Nẵng,Hà Nội,Cross metro *,SPE,34,1.08,10.33,34.11,13.7,59.24
2026-08-13,Đà Nẵng,Hồ Chí Minh,Cross metro *,SPB,114,7.15,6.97,36.43,9.98,60.58
2026-08-13,Đà Nẵng,Hồ Chí Minh,Cross metro *,SPE,68,1.97,12.03,37.96,8.43,61.1
2026-08-13,Đồng Tháp,Quảng Ninh,Cross region,SPB,4,0.07,,,10.84,80.28
2026-08-12,,,,SPB,3,3.51,4.44,19.23,22.54,80.6
2026-08-12,,,,SPE,28,2.31,9.37,37.05,22.06,70.4
2026-08-12,Bắc Ninh,Hà Nội,Intra region,SPB,691,8.41,7.83,13.65,14.26,44.17
2026-08-12,Bắc Ninh,Hà Nội,Intra region,SPE,2671,4.95,10.98,11.95,10.37,38.43
2026-08-12,Cà Mau,Hưng Yên,Cross region,SPB,1,0.1,,,4.77,72.53
2026-08-12,Gia Lai,Cần Thơ,Cross region,SPB,1,,,42.85,9.37,55.9
2026-08-12,Hà Nội,An Giang,Cross region,SPB,400,3.09,11.71,60.74,20.24,95.54
2026-08-12,Hà Nội,An Giang,Cross region,SPE,4547,2.84,10.18,58.76,18.56,90.43
2026-08-12,Hà Nội,Bắc Ninh,Intra region,SPB,799,4.09,13.82,14.04,17.73,49.63
2026-08-12,Hà Nội,Bắc Ninh,Intra region,SPE,6562,2.89,10.37,12.41,15.83,41.49
2026-08-12,Hà Nội,Cần Thơ,Cross region,SPB,342,4.17,11.35,48.08,20.32,83.89
2026-08-12,Hà Nội,Cần Thơ,Cross region,SPE,3880,2.82,10.25,50.88,18.6,82.64
2026-08-12,Hà Nội,Gia Lai,Cross region,SPB,329,3.2,9.88,41.04,13.73,68.04
2026-08-12,Hà Nội,Gia Lai,Cross region,SPE,2043,3.89,9.22,41.38,11.7,66.16
2026-08-12,Hà Nội,Hà Nội,Intra city,SPB,3298,5.62,14.54,14.2,11.34,42.05
2026-08-12,Hà Nội,Hà Nội,Intra city,SPE,2464,4.25,9.76,12.84,11.37,38.72
2026-08-12,Hà Nội,Hưng Yên,Intra region,SPB,710,4.06,11.78,13.52,15.67,44.96
2026-08-12,Hà Nội,Hưng Yên,Intra region,SPE,5413,2.96,9.91,12.45,15.18,40.54
2026-08-12,Hà Nội,Hải Phòng,Intra region,SPB,1115,4.25,11.67,18.84,16.62,51.42
2026-08-12,Hà Nội,Hải Phòng,Intra region,SPE,7405,2.98,10.35,14.94,15.16,43.5
2026-08-12,Hà Nội,Hồ Chí Minh,Cross metro,SPB,2539,4.16,11.88,48.98,12.9,77.94
2026-08-12,Hà Nội,Hồ Chí Minh,Cross metro,SPE,5294,3.89,9.14,49.7,10.43,73.24
2026-08-12,Hà Nội,Lào Cai,Intra region,SPB,299,3.96,11.17,19.99,14.97,50.03
2026-08-12,Hà Nội,Lào Cai,Intra region,SPE,2546,2.82,9.82,18.55,16.42,47.56
2026-08-12,Hà Nội,Lâm Đồng,Cross region,SPB,524,3.69,11.8,47.98,16.51,79.79
2026-08-12,Hà Nội,Lâm Đồng,Cross region,SPE,3445,3.36,9.99,49.07,13.99,76.39
2026-08-12,Hà Nội,Nghệ An,Cross region,SPB,509,4.29,11.69,24.75,23.52,64.25
2026-08-12,Hà Nội,Nghệ An,Cross region,SPE,2662,3.62,9.04,27.26,26.4,66.35
2026-08-12,Hà Nội,Ninh Bình,Intra region,SPB,844,3.9,11.89,13.94,12.42,42.26
2026-08-12,Hà Nội,Ninh Bình,Intra region,SPE,6690,2.82,9.85,12.84,10.08,35.72
2026-08-12,Hà Nội,Phú Thọ,Intra region,SPB,731,3.51,11.24,15.49,13.53,43.96
2026-08-12,Hà Nội,Phú Thọ,Intra region,SPE,6661,2.89,10.44,13.27,11.99,38.5
2026-08-12,Hà Nội,Quảng Ninh,Intra region,SPB,528,3.65,12.37,24.05,16.31,56.84
2026-08-12,Hà Nội,Quảng Ninh,Intra region,SPE,3838,2.8,10.2,17.78,17.93,48.68
2026-08-12,Hà Nội,Thanh Hóa,Intra region,SPB,691,3.46,11.73,19.77,19.44,54.64
2026-08-12,Hà Nội,Thanh Hóa,Intra region,SPE,6200,2.76,10.22,20.95,19.87,53.84
2026-08-12,Hà Nội,Tây Ninh,Cross region,SPB,335,3.47,11.11,49.72,23.11,87.05
2026-08-12,Hà Nội,Tây Ninh,Cross region,SPE,3629,2.84,10.22,47.42,22.24,82.68
2026-08-12,Hà Nội,Đà Nẵng,Cross metro *,SPB,651,3.95,11.83,31.28,17.46,64.48
2026-08-12,Hà Nội,Đà Nẵng,Cross metro *,SPE,1205,3.66,8.55,30.63,15.43,58.34
2026-08-12,Hà Nội,Đắk Lắk,Cross region,SPB,353,3.3,12.17,44.96,15.86,75.9
2026-08-12,Hà Nội,Đắk Lắk,Cross region,SPE,1923,3.62,8.88,46.08,13.19,71.75
2026-08-12,Hà Nội,Đồng Nai,Cross region,SPB,557,3.65,11.08,48.01,18.55,81.2
2026-08-12,Hà Nội,Đồng Nai,Cross region,SPE,6104,2.75,9.86,50.77,18.48,81.95
2026-08-12,Hồ Chí Minh,An Giang,Intra region,SPB,1373,3.87,10.96,20.15,16.14,51.04
2026-08-12,Hồ Chí Minh,An Giang,Intra region,SPE,7134,2.78,9.3,16.65,16.94,45.56
2026-08-12,Hồ Chí Minh,Cà Mau,Intra region,SPB,613,4.85,11.74,15.58,16.3,48.48
2026-08-12,Hồ Chí Minh,Cà Mau,Intra region,SPE,3620,2.81,9.56,14.95,13.74,41.05
2026-08-12,Hồ Chí Minh,Cần Thơ,Intra region,SPB,1075,4.21,11.88,13.39,13.99,43.64
2026-08-12,Hồ Chí Minh,Cần Thơ,Intra region,SPE,6468,2.86,9.39,13.44,12.04,37.66
2026-08-12,Hồ Chí Minh,Gia Lai,Cross region,SPB,601,5.05,13.13,31.58,15.4,65.34
2026-08-12,Hồ Chí Minh,Gia Lai,Cross region,SPE,3399,2.74,9.24,33.45,11.12,56.38
2026-08-12,Hồ Chí Minh,Hà Nội,Cross metro,SPB,2128,4.17,14.5,50.28,15.33,84.26
2026-08-12,Hồ Chí Minh,Hà Nội,Cross metro,SPE,2027,3.77,7.81,50.57,12.42,74.47
2026-08-12,Hồ Chí Minh,Hải Phòng,Cross region,SPB,509,3.8,14.92,52.04,18.79,89.65
2026-08-12,Hồ Chí Minh,Hải Phòng,Cross region,SPE,3346,2.68,8.95,52.75,19.81,84.22
2026-08-12,Hồ Chí Minh,Hồ Chí Minh,Intra city,SPB,8506,5.37,15.37,12.13,8.06,33.71
2026-08-12,Hồ Chí Minh,Hồ Chí Minh,Intra city,SPE,4957,4.08,8.32,13.97,9.67,36.18
2026-08-12,Hồ Chí Minh,Khánh Hòa,Cross region,SPB,633,4.47,13.41,26.63,16.69,61.0
2026-08-12,Hồ Chí Minh,Khánh Hòa,Cross region,SPE,2508,2.67,8.84,23.78,12.65,47.79
2026-08-12,Hồ Chí Minh,Lâm Đồng,Cross region,SPB,1442,4.73,12.67,20.31,16.0,53.59
2026-08-12,Hồ Chí Minh,Lâm Đồng,Cross region,SPE,5866,2.67,9.5,18.81,14.15,45.0
2026-08-12,Hồ Chí Minh,Ninh Bình,Cross region,SPB,375,3.85,16.58,45.89,14.37,80.38
2026-08-12,Hồ Chí Minh,Ninh Bình,Cross region,SPE,2860,2.94,9.37,46.02,13.07,71.26
2026-08-12,Hồ Chí Minh,Tây Ninh,Intra region,SPB,1389,4.53,10.6,11.86,19.89,47.06
2026-08-12,Hồ Chí Minh,Tây Ninh,Intra region,SPE,6431,2.72,9.07,10.55,13.68,35.99
2026-08-12,Hồ Chí Minh,Vĩnh Long,Intra region,SPB,1042,4.53,10.85,13.74,16.04,45.3
2026-08-12,Hồ Chí Minh,Vĩnh Long,Intra region,SPE,5144,2.71,9.17,13.19,15.21,40.27
2026-08-12,Hồ Chí Minh,Đà Nẵng,Cross metro *,SPB,1026,4.3,13.35,35.1,15.18,68.08
2026-08-12,Hồ Chí Minh,Đà Nẵng,Cross metro *,SPE,837,3.52,8.13,34.96,12.73,59.59
2026-08-12,Hồ Chí Minh,Đắk Lắk,Cross region,SPB,609,4.54,13.6,30.01,15.3,63.64
2026-08-12,Hồ Chí Minh,Đắk Lắk,Cross region,SPE,3385,2.87,9.32,27.31,14.53,53.88
2026-08-12,Hồ Chí Minh,Đồng Nai,Intra region,SPB,2144,4.56,12.06,15.49,14.07,46.16
2026-08-12,Hồ Chí Minh,Đồng Nai,Intra region,SPE,10077,2.67,9.31,13.96,13.85,39.61
2026-08-12,Hồ Chí Minh,Đồng Tháp,Intra region,SPB,1022,4.38,11.43,13.09,15.45,44.43
2026-08-12,Hồ Chí Minh,Đồng Tháp,Intra region,SPE,5304,2.7,9.2,13.74,13.65,39.21
2026-08-12,Lâm Đồng,Bắc Ninh,Cross region,SPB,1,0.27,,,26.62,99.2
2026-08-12,Lâm Đồng,Quảng Ninh,Cross region,SPB,1,0.27,,,11.33,86.1
2026-08-12,Sơn La,Cà Mau,Cross region,SPE,1,,,,8.72,96.05
2026-08-12,Sơn La,Quảng Ngãi,Cross region,SPE,1,,,,30.02,93.37
2026-08-12,Thanh Hóa,Điện Biên,Intra region,SPB,1,,,32.95,11.6,50.75
2026-08-12,Điện Biên,Cà Mau,Cross region,SPE,1,0.15,,,20.15,121.27
2026-08-12,Điện Biên,Gia Lai,Cross region,SPE,2,0.15,,,10.09,99.38
2026-08-12,Điện Biên,Khánh Hòa,Cross region,SPE,1,0.08,,,32.78,121.48
2026-08-12,Điện Biên,Thái Nguyên,Intra region,SPE,1,,,34.78,12.98,51.05
2026-08-12,Điện Biên,Đồng Tháp,Cross region,SPE,1,0.15,,,9.3,103.23
2026-08-12,Đà Nẵng,Hà Nội,Cross metro *,SPB,65,4.35,5.45,35.2,14.21,59.24
2026-08-12,Đà Nẵng,Hà Nội,Cross metro *,SPE,37,0.48,9.15,30.26,9.89,49.8
2026-08-12,Đà Nẵng,Hồ Chí Minh,Cross metro *,SPB,116,5.89,10.04,36.08,11.27,63.13
2026-08-12,Đà Nẵng,Hồ Chí Minh,Cross metro *,SPE,68,0.6,12.23,37.0,11.61,62.26
2026-08-12,Đồng Tháp,Huế,Cross region,SPB,5,0.03,,,15.14,61.85
2026-08-12,Đồng Tháp,Điện Biên,Cross region,SPB,1,0.07,,,28.27,95.0
2026-08-11,,,,SPB,6,5.2,4.18,25.43,35.77,70.84
2026-08-11,,,,SPE,42,2.31,7.63,34.07,22.26,66.34
2026-08-11,An Giang,Ninh Bình,Cross region,SPB,1,0.02,,,0.08,98.88
2026-08-11,Bắc Ninh,Hà Nội,Intra region,SPB,695,9.83,9.78,14.92,12.6,47.14
2026-08-11,Bắc Ninh,Hà Nội,Intra region,SPE,2768,5.18,12.42,11.28,10.15,38.93
2026-08-11,Cà Mau,Hưng Yên,Cross region,SPB,1,0.0,,,1.7,68.3
2026-08-11,Hà Nội,An Giang,Cross region,SPB,420,3.55,11.06,57.88,20.83,93.39
2026-08-11,Hà Nội,An Giang,Cross region,SPE,4407,3.5,11.4,57.0,18.8,90.79
2026-08-11,Hà Nội,Bắc Ninh,Intra region,SPB,893,3.68,13.98,13.67,17.05,48.36
2026-08-11,Hà Nội,Bắc Ninh,Intra region,SPE,6467,3.67,11.33,12.66,16.42,44.0
2026-08-11,Hà Nội,Cần Thơ,Cross region,SPB,346,2.27,13.0,47.18,21.08,83.79
2026-08-11,Hà Nội,Cần Thơ,Cross region,SPE,4135,3.26,11.14,50.26,18.9,83.64
2026-08-11,Hà Nội,Gia Lai,Cross region,SPB,407,3.38,12.35,41.31,13.74,71.25
2026-08-11,Hà Nội,Gia Lai,Cross region,SPE,275,5.08,9.61,43.3,10.8,68.87
2026-08-11,Hà Nội,Hà Nội,Intra city,SPB,5511,5.39,14.5,15.24,11.3,42.75
2026-08-11,Hà Nội,Hà Nội,Intra city,SPE,1727,4.14,10.45,12.64,10.42,38.47
2026-08-11,Hà Nội,Hưng Yên,Intra region,SPB,863,3.77,14.05,13.77,15.26,46.84
2026-08-11,Hà Nội,Hưng Yên,Intra region,SPE,5265,3.42,11.09,13.16,14.23,41.92
2026-08-11,Hà Nội,Hải Phòng,Intra region,SPB,1296,3.72,12.71,20.36,19.21,56.17
2026-08-11,Hà Nội,Hải Phòng,Intra region,SPE,7317,3.66,11.27,15.34,15.73,46.02
2026-08-11,Hà Nội,Hồ Chí Minh,Cross metro,SPB,2915,4.05,13.68,49.73,13.36,80.98
2026-08-11,Hà Nội,Hồ Chí Minh,Cross metro,SPE,5639,3.74,9.42,50.28,9.83,73.63
2026-08-11,Hà Nội,Lào Cai,Intra region,SPB,340,4.86,11.32,18.08,14.49,49.37
2026-08-11,Hà Nội,Lào Cai,Intra region,SPE,2561,3.48,11.21,18.32,17.17,50.25
2026-08-11,Hà Nội,Lâm Đồng,Cross region,SPB,605,3.29,12.32,48.04,17.85,81.71
2026-08-11,Hà Nội,Lâm Đồng,Cross region,SPE,2219,3.64,11.09,50.39,12.2,77.45
2026-08-11,Hà Nội,Nghệ An,Cross region,SPB,526,4.65,14.07,25.87,23.14,67.48
2026-08-11,Hà Nội,Nghệ An,Cross region,SPE,427,5.49,10.15,28.65,25.73,69.81
2026-08-11,Hà Nội,Ninh Bình,Intra region,SPB,1037,3.93,13.91,14.12,12.79,44.9
2026-08-11,Hà Nội,Ninh Bình,Intra region,SPE,6280,3.71,11.42,13.39,10.18,38.79
2026-08-11,Hà Nội,Phú Thọ,Intra region,SPB,786,3.63,13.01,15.31,12.93,45.18
2026-08-11,Hà Nội,Phú Thọ,Intra region,SPE,6498,3.74,11.14,13.44,12.27,40.62
2026-08-11,Hà Nội,Quảng Ninh,Intra region,SPB,548,3.45,14.64,25.12,17.63,60.87
2026-08-11,Hà Nội,Quảng Ninh,Intra region,SPE,4013,3.57,11.03,18.68,17.97,51.26
2026-08-11,Hà Nội,Thanh Hóa,Intra region,SPB,898,3.78,13.94,19.39,20.11,57.13
2026-08-11,Hà Nội,Thanh Hóa,Intra region,SPE,5846,3.54,11.3,19.24,19.91,53.99
2026-08-11,Hà Nội,Tây Ninh,Cross region,SPB,343,4.0,12.64,50.71,24.65,92.1
2026-08-11,Hà Nội,Tây Ninh,Cross region,SPE,3754,3.52,11.2,46.16,21.22,82.09
2026-08-11,Hà Nội,Đà Nẵng,Cross metro *,SPB,702,3.81,13.16,31.37,16.25,65.03
2026-08-11,Hà Nội,Đà Nẵng,Cross metro *,SPE,1261,3.69,9.0,31.27,14.44,58.44
2026-08-11,Hà Nội,Đắk Lắk,Cross region,SPB,341,4.57,11.4,43.52,17.55,77.06
2026-08-11,Hà Nội,Đắk Lắk,Cross region,SPE,290,5.17,8.87,45.19,13.55,73.15
2026-08-11,Hà Nội,Đồng Nai,Cross region,SPB,642,4.31,11.97,48.36,17.68,82.54
2026-08-11,Hà Nội,Đồng Nai,Cross region,SPE,6478,3.38,11.08,50.25,18.56,83.3
2026-08-11,Hồ Chí Minh,An Giang,Intra region,SPB,1434,5.8,9.34,19.64,16.23,51.39
2026-08-11,Hồ Chí Minh,An Giang,Intra region,SPE,7219,3.62,9.77,17.41,16.95,47.64
2026-08-11,Hồ Chí Minh,Cà Mau,Intra region,SPB,691,4.87,10.71,15.78,18.0,49.26
2026-08-11,Hồ Chí Minh,Cà Mau,Intra region,SPE,3748,3.49,9.93,15.45,13.51,42.24
2026-08-11,Hồ Chí Minh,Cần Thơ,Intra region,SPB,1088,5.79,10.01,13.99,15.88,45.88
2026-08-11,Hồ Chí Minh,Cần Thơ,Intra region,SPE,7023,3.47,9.93,14.18,12.83,40.26
2026-08-11,Hồ Chí Minh,Gia Lai,Cross region,SPB,550,5.87,10.79,31.56,14.48,62.54
2026-08-11,Hồ Chí Minh,Gia Lai,Cross region,SPE,3228,3.58,9.48,32.52,11.03,56.49
2026-08-11,Hồ Chí Minh,Hà Nội,Cross metro,SPB,2242,5.52,9.68,49.27,15.33,80.1
2026-08-11,Hồ Chí Minh,Hà Nội,Cross metro,SPE,2168,3.94,8.4,49.34,11.7,73.51
2026-08-11,Hồ Chí Minh,Hải Phòng,Cross region,SPB,495,4.92,10.1,53.14,19.74,87.85
2026-08-11,Hồ Chí Minh,Hải Phòng,Cross region,SPE,3218,3.91,9.62,53.73,19.41,86.38
2026-08-11,Hồ Chí Minh,Hồ Chí Minh,Intra city,SPB,9035,6.71,10.77,12.34,8.13,31.71
2026-08-11,Hồ Chí Minh,Hồ Chí Minh,Intra city,SPE,4273,4.32,9.42,14.21,10.17,38.06
2026-08-11,Hồ Chí Minh,Khánh Hòa,Cross region,SPB,664,5.84,8.9,25.31,17.74,57.88
2026-08-11,Hồ Chí Minh,Khánh Hòa,Cross region,SPE,2370,3.84,9.66,22.77,13.32,49.38
2026-08-11,Hồ Chí Minh,Lâm Đồng,Cross region,SPB,1366,5.71,10.17,20.53,16.4,52.99
2026-08-11,Hồ Chí Minh,Lâm Đồng,Cross region,SPE,6216,3.7,9.87,18.39,14.1,45.92
2026-08-11,Hồ Chí Minh,Ninh Bình,Cross region,SPB,328,4.82,9.42,46.12,15.77,75.94
2026-08-11,Hồ Chí Minh,Ninh Bình,Cross region,SPE,2619,3.68,9.9,46.32,13.38,73.13
2026-08-11,Hồ Chí Minh,Tây Ninh,Intra region,SPB,1376,5.32,9.77,12.5,19.2,46.92
2026-08-11,Hồ Chí Minh,Tây Ninh,Intra region,SPE,6890,3.45,9.73,10.68,14.9,38.68
2026-08-11,Hồ Chí Minh,Vĩnh Long,Intra region,SPB,976,5.21,10.1,13.63,17.01,46.04
2026-08-11,Hồ Chí Minh,Vĩnh Long,Intra region,SPE,5339,3.46,9.71,13.64,15.32,42.04
2026-08-11,Hồ Chí Minh,Đà Nẵng,Cross metro *,SPB,858,5.71,11.15,35.75,15.31,67.69
2026-08-11,Hồ Chí Minh,Đà Nẵng,Cross metro *,SPE,896,4.18,8.57,35.27,13.45,61.48
2026-08-11,Hồ Chí Minh,Đắk Lắk,Cross region,SPB,555,6.39,10.28,29.34,17.28,63.16
2026-08-11,Hồ Chí Minh,Đắk Lắk,Cross region,SPE,3279,3.68,9.9,27.61,14.87,55.85
2026-08-11,Hồ Chí Minh,Đồng Nai,Intra region,SPB,2197,5.92,9.68,15.47,15.55,46.68
2026-08-11,Hồ Chí Minh,Đồng Nai,Intra region,SPE,11283,3.4,9.76,14.32,13.72,41.08
2026-08-11,Hồ Chí Minh,Đồng Tháp,Intra region,SPB,1135,5.65,10.17,13.34,16.79,45.91
2026-08-11,Hồ Chí Minh,Đồng Tháp,Intra region,SPE,5410,3.34,9.69,14.09,14.3,41.35
2026-08-11,Lạng Sơn,Cà Mau,Cross region,SPB,1,11.27,,,25.97,138.68
2026-08-11,Sơn La,Vĩnh Long,Cross region,SPE,1,,,61.62,5.87,77.52
2026-08-11,Tây Ninh,Cao Bằng,Cross region,SPB,3,0.08,,,59.38,149.86
2026-08-11,Đà Nẵng,Hà Nội,Cross metro *,SPB,91,4.17,7.77,35.5,15.44,62.83
2026-08-11,Đà Nẵng,Hà Nội,Cross metro *,SPE,38,0.42,7.96,34.4,10.09,55.17
2026-08-11,Đà Nẵng,Hồ Chí Minh,Cross metro *,SPB,128,5.12,7.8,33.49,10.86,57.34
2026-08-11,Đà Nẵng,Hồ Chí Minh,Cross metro *,SPE,78,0.56,12.04,36.18,9.63,58.44
2026-08-10,,,,SPB,6,10.11,21.67,30.22,19.63,77.6
2026-08-10,,,,SPE,41,3.84,10.41,33.88,16.72,64.42
2026-08-10,Bắc Ninh,Hà Nội,Intra region,SPB,1801,10.07,11.86,16.93,13.76,52.67
2026-08-10,Bắc Ninh,Hà Nội,Intra region,SPE,2810,7.17,12.4,11.47,10.31,41.3
2026-08-10,Cà Mau,Hà Tĩnh,Cross region,SPB,1,0.12,,,20.85,72.33
2026-08-10,Cà Mau,Thanh Hóa,Cross region,SPB,1,0.12,,,50.95,127.52
2026-08-10,Hà Nội,An Giang,Cross region,SPB,563,3.33,14.09,58.91,20.44,96.83
2026-08-10,Hà Nội,An Giang,Cross region,SPE,3995,4.28,11.84,57.73,19.19,93.18
2026-08-10,Hà Nội,Bắc Ninh,Intra region,SPB,1513,4.62,16.26,13.94,18.0,52.73
2026-08-10,Hà Nội,Bắc Ninh,Intra region,SPE,6491,4.3,12.43,12.54,16.74,46.09
2026-08-10,Hà Nội,Cần Thơ,Cross region,SPB,446,3.5,13.93,50.51,20.88,89.15
2026-08-10,Hà Nội,Cần Thơ,Cross region,SPE,3572,4.34,11.93,52.79,17.88,87.06
2026-08-10,Hà Nội,Gia Lai,Cross region,SPB,503,3.85,13.93,40.64,13.43,71.67
2026-08-10,Hà Nội,Gia Lai,Cross region,SPE,2318,2.22,11.9,41.01,11.13,66.38
2026-08-10,Hà Nội,Hà Nội,Intra city,SPB,9154,7.24,16.5,16.4,11.53,47.58
2026-08-10,Hà Nội,Hà Nội,Intra city,SPE,2874,5.82,11.3,13.56,10.64,41.77
2026-08-10,Hà Nội,Hưng Yên,Intra region,SPB,1255,4.55,14.67,15.04,15.44,50.16
2026-08-10,Hà Nội,Hưng Yên,Intra region,SPE,5714,4.06,12.74,14.22,15.49,46.68
2026-08-10,Hà Nội,Hải Phòng,Intra region,SPB,2038,4.82,15.95,20.55,19.13,60.58
2026-08-10,Hà Nội,Hải Phòng,Intra region,SPE,7355,4.22,12.39,15.84,16.31,48.9
2026-08-10,Hà Nội,Hồ Chí Minh,Cross metro,SPB,4403,4.72,14.34,49.88,13.48,82.63
2026-08-10,Hà Nội,Hồ Chí Minh,Cross metro,SPE,7680,4.61,10.65,50.85,10.14,76.45
2026-08-10,Hà Nội,Lào Cai,Intra region,SPB,501,4.9,15.37,19.82,15.58,55.86
2026-08-10,Hà Nội,Lào Cai,Intra region,SPE,2620,4.06,12.22,19.83,17.99,54.38
2026-08-10,Hà Nội,Lâm Đồng,Cross region,SPB,838,4.02,13.23,49.81,18.16,85.5
2026-08-10,Hà Nội,Lâm Đồng,Cross region,SPE,3509,3.41,11.68,51.68,13.75,80.58
2026-08-10,Hà Nội,Nghệ An,Cross region,SPB,886,4.67,17.08,26.02,21.49,69.39
2026-08-10,Hà Nội,Nghệ An,Cross region,SPE,3534,2.32,12.0,24.7,26.04,65.2
2026-08-10,Hà Nội,Ninh Bình,Intra region,SPB,1543,4.35,16.72,15.21,13.78,50.28
2026-08-10,Hà Nội,Ninh Bình,Intra region,SPE,6505,4.01,12.23,14.12,11.1,41.64
2026-08-10,Hà Nội,Phú Thọ,Intra region,SPB,1106,4.2,15.12,16.6,12.51,48.7
2026-08-10,Hà Nội,Phú Thọ,Intra region,SPE,6590,4.05,12.29,14.35,12.69,43.49
2026-08-10,Hà Nội,Quảng Ninh,Intra region,SPB,829,4.22,14.22,25.18,16.03,60.35
2026-08-10,Hà Nội,Quảng Ninh,Intra region,SPE,3861,4.3,12.25,18.62,17.04,52.29
2026-08-10,Hà Nội,Thanh Hóa,Intra region,SPB,1280,4.89,15.41,19.58,19.78,60.43
2026-08-10,Hà Nội,Thanh Hóa,Intra region,SPE,6080,4.03,12.16,18.58,19.4,54.4
2026-08-10,Hà Nội,Tây Ninh,Cross region,SPB,495,3.78,14.44,49.63,22.65,90.59
2026-08-10,Hà Nội,Tây Ninh,Cross region,SPE,3406,4.26,11.89,46.15,20.17,82.7
2026-08-10,Hà Nội,Đà Nẵng,Cross metro *,SPB,1026,3.99,13.14,32.26,18.03,67.58
2026-08-10,Hà Nội,Đà Nẵng,Cross metro *,SPE,1725,3.93,10.22,31.89,14.32,60.59
2026-08-10,Hà Nội,Đắk Lắk,Cross region,SPB,538,4.21,12.92,43.31,16.09,76.36
2026-08-10,Hà Nội,Đắk Lắk,Cross region,SPE,2249,2.24,11.95,45.64,13.75,73.59
2026-08-10,Hà Nội,Đồng Nai,Cross region,SPB,927,4.01,13.72,51.33,19.36,88.72
2026-08-10,Hà Nội,Đồng Nai,Cross region,SPE,5842,4.32,12.03,52.7,18.48,87.56
2026-08-10,Hà Tĩnh,Hà Tĩnh,Intra city,SPB,3,,,,24.04,30.06
2026-08-10,Hồ Chí Minh,An Giang,Intra region,SPB,2314,6.63,11.14,20.55,17.38,55.88
2026-08-10,Hồ Chí Minh,An Giang,Intra region,SPE,6982,4.45,10.7,18.64,17.87,51.68
2026-08-10,Hồ Chí Minh,Cà Mau,Intra region,SPB,944,6.97,11.18,17.38,16.97,52.87
2026-08-10,Hồ Chí Minh,Cà Mau,Intra region,SPE,3359,4.6,10.49,16.48,13.93,45.55
2026-08-10,Hồ Chí Minh,Cần Thơ,Intra region,SPB,1852,7.45,11.2,15.51,17.08,51.26
2026-08-10,Hồ Chí Minh,Cần Thơ,Intra region,SPE,6327,4.76,10.64,15.4,14.01,44.89
2026-08-10,Hồ Chí Minh,Gia Lai,Cross region,SPB,1066,9.65,11.27,30.7,14.89,66.88
2026-08-10,Hồ Chí Minh,Gia Lai,Cross region,SPE,3206,4.49,10.24,31.32,12.16,58.22
2026-08-10,Hồ Chí Minh,Hà Nội,Cross metro,SPB,5182,10.23,11.1,51.54,15.6,88.52
2026-08-10,Hồ Chí Minh,Hà Nội,Cross metro,SPE,4956,3.48,10.36,50.74,10.54,75.1
2026-08-10,Hồ Chí Minh,Hải Phòng,Cross region,SPB,999,9.6,11.95,53.03,22.25,97.1
2026-08-10,Hồ Chí Minh,Hải Phòng,Cross region,SPE,3313,4.22,10.59,54.93,18.2,87.45
2026-08-10,Hồ Chí Minh,Hồ Chí Minh,Intra city,SPB,18126,9.6,11.97,13.14,8.48,35.1
2026-08-10,Hồ Chí Minh,Hồ Chí Minh,Intra city,SPE,7105,4.86,10.5,15.57,9.66,40.58
2026-08-10,Hồ Chí Minh,Khánh Hòa,Cross region,SPB,1318,9.17,10.76,25.71,18.04,63.66
2026-08-10,Hồ Chí Minh,Khánh Hòa,Cross region,SPE,2293,5.0,10.29,23.26,12.88,51.23
2026-08-10,Hồ Chí Minh,Lâm Đồng,Cross region,SPB,2379,8.82,11.23,22.19,15.63,57.78
2026-08-10,Hồ Chí Minh,Lâm Đồng,Cross region,SPE,5808,4.86,10.49,19.03,13.42,47.78
2026-08-10,Hồ Chí Minh,Ninh Bình,Cross region,SPB,792,10.78,13.0,45.18,14.78,83.64
2026-08-10,Hồ Chí Minh,Ninh Bình,Cross region,SPE,2666,4.08,11.01,47.8,14.07,76.66
2026-08-10,Hồ Chí Minh,Tây Ninh,Intra region,SPB,2331,7.78,10.66,12.98,20.0,51.74
2026-08-10,Hồ Chí Minh,Tây Ninh,Intra region,SPE,6182,4.65,10.12,10.79,15.17,40.69
2026-08-10,Hồ Chí Minh,Vĩnh Long,Intra region,SPB,1532,6.45,10.65,15.05,16.51,48.8
2026-08-10,Hồ Chí Minh,Vĩnh Long,Intra region,SPE,4989,4.66,10.56,14.13,16.19,45.45
2026-08-10,Hồ Chí Minh,Đà Nẵng,Cross metro *,SPB,1914,7.38,10.88,36.64,17.52,72.54
2026-08-10,Hồ Chí Minh,Đà Nẵng,Cross metro *,SPE,1617,3.75,10.09,37.03,14.38,64.67
2026-08-10,Hồ Chí Minh,Đắk Lắk,Cross region,SPB,1078,9.13,10.99,29.64,17.0,67.07
2026-08-10,Hồ Chí Minh,Đắk Lắk,Cross region,SPE,3051,4.51,10.4,27.76,14.01,56.62
2026-08-10,Hồ Chí Minh,Đồng Nai,Intra region,SPB,3848,8.15,11.18,16.14,15.98,51.48
2026-08-10,Hồ Chí Minh,Đồng Nai,Intra region,SPE,10375,4.72,10.5,15.94,14.3,45.37
2026-08-10,Hồ Chí Minh,Đồng Tháp,Intra region,SPB,1729,6.96,11.16,14.72,17.89,50.68
2026-08-10,Hồ Chí Minh,Đồng Tháp,Intra region,SPE,5005,4.43,10.56,14.21,15.28,44.35
2026-08-10,Thái Nguyên,Cao Bằng,Intra region,SPB,1,,,11.07,10.08,33.02
2026-08-10,Điện Biên,Bắc Ninh,Intra region,SPE,1,,,16.85,31.58,59.25
2026-08-10,Điện Biên,Hải Phòng,Intra region,SPB,1,,,36.88,12.98,78.17
2026-08-10,Điện Biên,Khánh Hòa,Cross region,SPE,1,0.98,,,3.23,99.13
2026-08-10,Điện Biên,Lạng Sơn,Intra region,SPE,1,,,35.68,6.23,52.73
2026-08-10,Điện Biên,Nghệ An,Cross region,SPE,1,0.97,,,3.42,74.72
2026-08-10,Điện Biên,Đồng Tháp,Cross region,SPE,2,0.98,,59.58,16.77,102.58
2026-08-10,Đà Nẵng,Hà Nội,Cross metro *,SPB,246,5.93,6.89,36.01,17.54,66.39
2026-08-10,Đà Nẵng,Hà Nội,Cross metro *,SPE,79,1.35,10.81,37.55,10.63,60.77
2026-08-10,Đà Nẵng,Hồ Chí Minh,Cross metro *,SPB,252,4.43,6.44,38.33,11.94,61.14
2026-08-10,Đà Nẵng,Hồ Chí Minh,Cross metro *,SPE,119,1.64,10.65,37.96,10.22,60.82
2026-08-09,,,,SPB,5,8.96,11.1,28.67,4.71,53.46
2026-08-09,,,,SPE,34,4.54,11.32,39.65,16.44,72.39
2026-08-09,Bắc Ninh,Hà Nội,Intra region,SPB,1003,11.56,12.53,16.1,14.66,54.93
2026-08-09,Bắc Ninh,Hà Nội,Intra region,SPE,2251,8.35,14.17,11.58,10.69,44.62
2026-08-09,Huế,Huế,Intra city,SPB,1,31.2,,,6.28,41.58
2026-08-09,Hà Nội,An Giang,Cross region,SPB,511,6.45,16.64,59.46,19.49,102.47
2026-08-09,Hà Nội,An Giang,Cross region,SPE,2430,6.13,13.43,57.59,19.07,96.63
2026-08-09,Hà Nội,Bắc Ninh,Intra region,SPB,1148,6.92,16.38,13.88,17.32,54.4
2026-08-09,Hà Nội,Bắc Ninh,Intra region,SPE,4127,6.0,13.74,11.9,16.04,47.8
2026-08-09,Hà Nội,Cần Thơ,Cross region,SPB,431,6.44,15.48,53.15,21.95,97.1
2026-08-09,Hà Nội,Cần Thơ,Cross region,SPE,2328,6.26,13.19,54.29,16.95,90.74
2026-08-09,Hà Nội,Gia Lai,Cross region,SPB,523,6.49,18.0,39.38,13.4,77.44
2026-08-09,Hà Nội,Gia Lai,Cross region,SPE,2034,5.93,13.21,39.98,10.84,69.88
2026-08-09,Hà Nội,Hà Nội,Intra city,SPB,8926,8.99,17.37,15.7,11.84,50.4
2026-08-09,Hà Nội,Hà Nội,Intra city,SPE,1801,8.19,11.38,12.83,10.48,43.2
2026-08-09,Hà Nội,Hưng Yên,Intra region,SPB,1045,6.72,15.19,14.58,16.51,53.06
2026-08-09,Hà Nội,Hưng Yên,Intra region,SPE,3538,6.47,13.27,14.46,15.0,49.29
2026-08-09,Hà Nội,Hải Phòng,Intra region,SPB,1581,6.58,15.83,20.42,19.52,62.48
2026-08-09,Hà Nội,Hải Phòng,Intra region,SPE,4711,6.35,13.19,15.26,15.56,50.38
2026-08-09,Hà Nội,Hồ Chí Minh,Cross metro,SPB,3776,7.63,15.39,50.56,13.64,87.56
2026-08-09,Hà Nội,Hồ Chí Minh,Cross metro,SPE,4907,7.82,11.75,51.67,9.93,81.4
2026-08-09,Hà Nội,Lào Cai,Intra region,SPB,372,6.67,15.0,19.96,13.52,55.46
2026-08-09,Hà Nội,Lào Cai,Intra region,SPE,1674,5.9,13.94,17.75,16.96,54.37
2026-08-09,Hà Nội,Lâm Đồng,Cross region,SPB,802,6.29,14.72,49.65,16.74,87.67
2026-08-09,Hà Nội,Lâm Đồng,Cross region,SPE,2686,6.14,13.21,52.37,15.99,87.79
2026-08-09,Hà Nội,Nghệ An,Cross region,SPB,857,6.82,16.39,23.43,22.22,68.94
2026-08-09,Hà Nội,Nghệ An,Cross region,SPE,2953,6.26,13.19,24.86,25.87,70.07
2026-08-09,Hà Nội,Ninh Bình,Intra region,SPB,1324,6.23,15.39,16.12,13.4,51.28
2026-08-09,Hà Nội,Ninh Bình,Intra region,SPE,4316,6.36,13.4,13.84,10.55,44.06
2026-08-09,Hà Nội,Phú Thọ,Intra region,SPB,1018,6.39,15.53,16.86,13.83,52.83
2026-08-09,Hà Nội,Phú Thọ,Intra region,SPE,4339,6.2,13.45,13.93,12.31,45.96
2026-08-09,Hà Nội,Quảng Ninh,Intra region,SPB,646,5.81,15.83,24.4,14.96,61.54
2026-08-09,Hà Nội,Quảng Ninh,Intra region,SPE,2336,6.24,13.43,16.99,15.08,51.72
2026-08-09,Hà Nội,Thanh Hóa,Intra region,SPB,1152,6.23,14.94,19.49,18.4,59.07
2026-08-09,Hà Nội,Thanh Hóa,Intra region,SPE,4088,6.19,13.4,18.14,18.17,56.03
2026-08-09,Hà Nội,Tây Ninh,Cross region,SPB,367,6.62,14.82,49.13,22.02,93.35
2026-08-09,Hà Nội,Tây Ninh,Cross region,SPE,2140,6.47,13.05,45.43,19.82,84.84
2026-08-09,Hà Nội,Đà Nẵng,Cross metro *,SPB,915,7.08,15.38,31.97,18.09,72.91
2026-08-09,Hà Nội,Đà Nẵng,Cross metro *,SPE,1036,7.19,11.92,32.54,15.4,67.07
2026-08-09,Hà Nội,Đắk Lắk,Cross region,SPB,474,6.64,15.84,41.83,14.77,79.4
2026-08-09,Hà Nội,Đắk Lắk,Cross region,SPE,1931,5.81,13.55,42.98,13.81,76.02
2026-08-09,Hà Nội,Đồng Nai,Cross region,SPB,832,6.54,14.28,52.39,18.35,91.8
2026-08-09,Hà Nội,Đồng Nai,Cross region,SPE,3772,6.14,13.08,55.63,16.78,91.57
2026-08-09,Hồ Chí Minh,An Giang,Intra region,SPB,1118,10.49,12.03,19.22,15.66,57.79
2026-08-09,Hồ Chí Minh,An Giang,Intra region,SPE,3930,7.55,13.67,18.42,18.05,57.61
2026-08-09,Hồ Chí Minh,Cà Mau,Intra region,SPB,456,10.11,12.96,17.67,20.52,61.45
2026-08-09,Hồ Chí Minh,Cà Mau,Intra region,SPE,1913,7.63,13.48,18.32,13.6,52.65
2026-08-09,Hồ Chí Minh,Cần Thơ,Intra region,SPB,922,10.57,11.19,15.11,16.63,53.83
2026-08-09,Hồ Chí Minh,Cần Thơ,Intra region,SPE,3523,7.71,13.25,15.82,13.1,49.75
2026-08-09,Hồ Chí Minh,Gia Lai,Cross region,SPB,683,13.46,9.95,29.74,15.19,69.29
2026-08-09,Hồ Chí Minh,Gia Lai,Cross region,SPE,1730,7.47,13.1,31.58,12.37,64.3
2026-08-09,Hồ Chí Minh,Hà Nội,Cross metro,SPB,3046,18.06,8.74,53.3,16.71,96.73
2026-08-09,Hồ Chí Minh,Hà Nội,Cross metro,SPE,2262,8.48,12.77,51.93,10.45,83.37
2026-08-09,Hồ Chí Minh,Hải Phòng,Cross region,SPB,669,17.04,8.39,54.83,19.93,99.94
2026-08-09,Hồ Chí Minh,Hải Phòng,Cross region,SPE,1967,7.74,13.17,55.29,18.77,94.78
2026-08-09,Hồ Chí Minh,Hồ Chí Minh,Intra city,SPB,11750,13.1,10.42,13.3,7.94,37.69
2026-08-09,Hồ Chí Minh,Hồ Chí Minh,Intra city,SPE,3934,9.58,12.75,15.32,9.97,47.15
2026-08-09,Hồ Chí Minh,Khánh Hòa,Cross region,SPB,684,13.27,9.42,26.03,17.24,66.67
2026-08-09,Hồ Chí Minh,Khánh Hòa,Cross region,SPE,1308,7.63,13.25,23.03,13.18,56.96
2026-08-09,Hồ Chí Minh,Lâm Đồng,Cross region,SPB,1288,12.08,10.98,21.01,16.2,61.09
2026-08-09,Hồ Chí Minh,Lâm Đồng,Cross region,SPE,3096,7.08,13.72,18.57,13.95,53.29
2026-08-09,Hồ Chí Minh,Ninh Bình,Cross region,SPB,433,17.52,9.2,46.92,15.1,88.67
2026-08-09,Hồ Chí Minh,Ninh Bình,Cross region,SPE,1621,8.02,13.53,49.58,13.9,84.99
2026-08-09,Hồ Chí Minh,Tây Ninh,Intra region,SPB,1126,11.58,10.86,12.69,20.79,56.12
2026-08-09,Hồ Chí Minh,Tây Ninh,Intra region,SPE,3532,7.55,13.23,11.19,14.9,46.68
2026-08-09,Hồ Chí Minh,Vĩnh Long,Intra region,SPB,796,10.55,11.26,13.49,15.78,51.46
2026-08-09,Hồ Chí Minh,Vĩnh Long,Intra region,SPE,2708,7.51,13.42,14.4,15.2,50.21
2026-08-09,Hồ Chí Minh,Đà Nẵng,Cross metro *,SPB,963,13.31,10.53,36.16,16.15,76.62
2026-08-09,Hồ Chí Minh,Đà Nẵng,Cross metro *,SPE,724,7.97,12.82,36.53,12.99,70.33
2026-08-09,Hồ Chí Minh,Đắk Lắk,Cross region,SPB,586,12.72,9.94,28.59,17.16,68.85
2026-08-09,Hồ Chí Minh,Đắk Lắk,Cross region,SPE,1703,7.64,13.32,27.98,14.32,62.94
2026-08-09,Hồ Chí Minh,Đồng Nai,Intra region,SPB,1989,12.84,10.77,16.53,15.41,55.89
2026-08-09,Hồ Chí Minh,Đồng Nai,Intra region,SPE,5656,7.48,13.17,15.8,13.9,50.22
2026-08-09,Hồ Chí Minh,Đồng Tháp,Intra region,SPB,855,11.14,10.86,14.0,18.23,54.51
2026-08-09,Hồ Chí Minh,Đồng Tháp,Intra region,SPE,2813,7.11,13.11,14.18,15.26,49.75
2026-08-09,Lâm Đồng,Lào Cai,Cross region,SPB,1,0.03,,,11.27,84.65
2026-08-09,Sơn La,Đồng Tháp,Cross region,SPE,2,,,60.46,5.86,67.67
2026-08-09,Điện Biên,Cao Bằng,Intra region,SPE,1,0.12,,,2.98,90.73
2026-08-09,Điện Biên,Hà Tĩnh,Cross region,SPE,1,2.07,,,9.58,58.05
2026-08-09,Điện Biên,Thanh Hóa,Intra region,SPE,1,0.12,,,10.13,96.17
2026-08-09,Điện Biên,Đắk Lắk,Cross region,SPE,2,1.08,,,5.16,97.32
2026-08-09,Đà Nẵng,Hà Nội,Cross metro *,SPB,135,10.71,7.02,36.74,16.12,70.56
2026-08-09,Đà Nẵng,Hà Nội,Cross metro *,SPE,21,3.11,11.9,39.82,16.59,71.42
2026-08-09,Đà Nẵng,Hồ Chí Minh,Cross metro *,SPB,161,9.42,9.41,39.69,9.77,68.46
2026-08-09,Đà Nẵng,Hồ Chí Minh,Cross metro *,SPE,45,2.83,10.24,41.81,8.73,65.54
2026-08-09,Đồng Tháp,Thái Nguyên,Cross region,SPB,5,0.03,,,25.47,124.36
2026-08-09,Đồng Tháp,Điện Biên,Cross region,SPB,1,0.07,,,74.5,154.67
2026-08-08,,,,SPB,15,9.86,12.34,25.97,12.41,59.56
2026-08-08,,,,SPE,29,8.99,12.02,40.52,24.18,84.32
2026-08-08,Bắc Ninh,Hà Nội,Intra region,SPB,7430,13.79,16.41,14.34,14.1,58.66
2026-08-08,Bắc Ninh,Hà Nội,Intra region,SPE,3784,13.11,15.11,11.84,12.03,51.83
2026-08-08,Hà Nội,An Giang,Cross region,SPB,922,4.28,13.88,59.33,18.99,96.74
2026-08-08,Hà Nội,An Giang,Cross region,SPE,3350,4.64,12.9,58.3,19.25,94.98
2026-08-08,Hà Nội,Bắc Ninh,Intra region,SPB,2795,5.08,16.18,14.02,17.18,52.35
2026-08-08,Hà Nội,Bắc Ninh,Intra region,SPE,5489,5.47,13.25,12.53,18.57,49.66
2026-08-08,Hà Nội,Cần Thơ,Cross region,SPB,790,3.58,13.97,52.54,20.0,90.14
2026-08-08,Hà Nội,Cần Thơ,Cross region,SPE,3041,4.67,12.23,52.92,18.03,87.86
2026-08-08,Hà Nội,Gia Lai,Cross region,SPB,1085,4.53,14.36,39.88,13.09,71.92
2026-08-08,Hà Nội,Gia Lai,Cross region,SPE,2749,4.91,12.37,39.72,11.89,68.94
2026-08-08,Hà Nội,Hà Nội,Intra city,SPB,13176,7.73,17.97,14.57,11.64,48.29
2026-08-08,Hà Nội,Hà Nội,Intra city,SPE,3530,2.72,12.84,11.76,14.01,41.29
2026-08-08,Hà Nội,Hưng Yên,Intra region,SPB,2620,5.48,14.9,15.18,17.31,52.95
2026-08-08,Hà Nội,Hưng Yên,Intra region,SPE,4948,5.1,12.67,14.01,16.98,48.47
2026-08-08,Hà Nội,Hải Phòng,Intra region,SPB,3920,5.35,14.82,20.28,21.48,61.73
2026-08-08,Hà Nội,Hải Phòng,Intra region,SPE,6439,5.47,13.06,15.8,18.54,52.63
2026-08-08,Hà Nội,Hồ Chí Minh,Cross metro,SPB,8406,4.98,15.32,51.27,13.77,85.41
2026-08-08,Hà Nội,Hồ Chí Minh,Cross metro,SPE,9003,4.84,11.96,51.12,9.07,77.02
2026-08-08,Hà Nội,Lào Cai,Intra region,SPB,810,4.89,14.87,21.18,13.82,54.61
2026-08-08,Hà Nội,Lào Cai,Intra region,SPE,2193,4.83,12.59,18.76,17.37,53.48
2026-08-08,Hà Nội,Lâm Đồng,Cross region,SPB,1513,4.38,14.22,50.7,17.21,86.55
2026-08-08,Hà Nội,Lâm Đồng,Cross region,SPE,3689,4.8,12.48,52.48,15.08,84.69
2026-08-08,Hà Nội,Nghệ An,Cross region,SPB,1690,5.55,14.7,24.77,22.4,67.35
2026-08-08,Hà Nội,Nghệ An,Cross region,SPE,3796,5.03,13.14,25.94,25.79,69.85
2026-08-08,Hà Nội,Ninh Bình,Intra region,SPB,3160,4.95,15.49,16.09,13.86,50.38
2026-08-08,Hà Nội,Ninh Bình,Intra region,SPE,5910,4.94,12.64,14.12,11.49,42.95
2026-08-08,Hà Nội,Phú Thọ,Intra region,SPB,2213,5.03,14.64,17.07,14.52,51.24
2026-08-08,Hà Nội,Phú Thọ,Intra region,SPE,5762,4.9,12.51,14.73,13.34,45.31
2026-08-08,Hà Nội,Quảng Ninh,Intra region,SPB,1485,4.6,15.84,25.07,15.08,60.36
2026-08-08,Hà Nội,Quảng Ninh,Intra region,SPE,3365,5.25,12.4,18.85,16.28,52.75
2026-08-08,Hà Nội,Thanh Hóa,Intra region,SPB,2464,5.2,14.96,19.83,19.14,59.17
2026-08-08,Hà Nội,Thanh Hóa,Intra region,SPE,5868,4.82,12.45,19.69,20.79,57.79
2026-08-08,Hà Nội,Tây Ninh,Cross region,SPB,760,4.4,13.8,51.29,23.31,92.75
2026-08-08,Hà Nội,Tây Ninh,Cross region,SPE,2668,4.75,12.54,46.28,20.6,84.07
2026-08-08,Hà Nội,Đà Nẵng,Cross metro *,SPB,2127,4.93,15.13,33.11,17.38,70.48
2026-08-08,Hà Nội,Đà Nẵng,Cross metro *,SPE,2075,4.5,11.28,32.66,14.96,63.59
2026-08-08,Hà Nội,Đắk Lắk,Cross region,SPB,892,4.39,15.28,44.07,15.48,79.17
2026-08-08,Hà Nội,Đắk Lắk,Cross region,SPE,2606,4.72,12.04,44.98,12.19,73.86
2026-08-08,Hà Nội,Đồng Nai,Cross region,SPB,1545,4.43,14.67,59.03,17.02,95.28
2026-08-08,Hà Nội,Đồng Nai,Cross region,SPE,4722,4.94,12.88,55.79,16.34,89.88
2026-08-08,Hồ Chí Minh,An Giang,Intra region,SPB,4082,11.06,10.14,19.61,16.91,57.84
2026-08-08,Hồ Chí Minh,An Giang,Intra region,SPE,5994,5.75,11.87,18.01,19.58,54.73
2026-08-08,Hồ Chí Minh,Cà Mau,Intra region,SPB,1789,11.4,9.81,18.54,18.13,58.01
2026-08-08,Hồ Chí Minh,Cà Mau,Intra region,SPE,2676,5.66,11.42,18.29,13.93,48.99
2026-08-08,Hồ Chí Minh,Cần Thơ,Intra region,SPB,3514,11.66,9.08,15.39,15.7,51.89
2026-08-08,Hồ Chí Minh,Cần Thơ,Intra region,SPE,5194,6.02,11.47,15.48,15.31,47.95
2026-08-08,Hồ Chí Minh,Gia Lai,Cross region,SPB,2940,16.04,7.57,30.34,14.61,69.02
2026-08-08,Hồ Chí Minh,Gia Lai,Cross region,SPE,2922,6.14,11.32,32.51,12.33,62.0
2026-08-08,Hồ Chí Minh,Hà Nội,Cross metro,SPB,13404,17.58,7.32,55.12,16.09,96.43
2026-08-08,Hồ Chí Minh,Hà Nội,Cross metro,SPE,7621,6.02,8.99,51.21,9.99,76.0
2026-08-08,Hồ Chí Minh,Hải Phòng,Cross region,SPB,2559,15.02,7.8,55.69,20.98,99.9
2026-08-08,Hồ Chí Minh,Hải Phòng,Cross region,SPE,3295,6.33,11.03,56.26,19.23,92.53
2026-08-08,Hồ Chí Minh,Hồ Chí Minh,Intra city,SPB,35513,16.02,8.29,13.46,9.67,41.94
2026-08-08,Hồ Chí Minh,Hồ Chí Minh,Intra city,SPE,9290,5.27,10.35,14.62,11.96,42.18
2026-08-08,Hồ Chí Minh,Khánh Hòa,Cross region,SPB,3113,14.77,8.22,25.06,15.79,63.91
2026-08-08,Hồ Chí Minh,Khánh Hòa,Cross region,SPE,2128,6.06,10.86,23.64,13.68,53.72
2026-08-08,Hồ Chí Minh,Lâm Đồng,Cross region,SPB,5459,13.63,9.34,21.32,15.06,59.77
2026-08-08,Hồ Chí Minh,Lâm Đồng,Cross region,SPE,5009,6.14,11.25,19.19,14.8,51.0
2026-08-08,Hồ Chí Minh,Ninh Bình,Cross region,SPB,1924,15.21,7.79,48.99,14.14,86.42
2026-08-08,Hồ Chí Minh,Ninh Bình,Cross region,SPE,2669,6.69,10.8,49.72,13.38,80.35
2026-08-08,Hồ Chí Minh,Tây Ninh,Intra region,SPB,4413,12.99,8.78,12.21,20.57,54.57
2026-08-08,Hồ Chí Minh,Tây Ninh,Intra region,SPE,5188,5.76,11.76,10.74,17.67,45.48
2026-08-08,Hồ Chí Minh,Vĩnh Long,Intra region,SPB,2844,11.75,8.82,14.33,16.6,51.82
2026-08-08,Hồ Chí Minh,Vĩnh Long,Intra region,SPE,4087,5.54,10.85,13.82,17.13,47.19
2026-08-08,Hồ Chí Minh,Đà Nẵng,Cross metro *,SPB,4242,12.56,9.07,36.82,15.6,74.32
2026-08-08,Hồ Chí Minh,Đà Nẵng,Cross metro *,SPE,2030,5.65,9.42,36.81,13.65,65.47
2026-08-08,Hồ Chí Minh,Đắk Lắk,Cross region,SPB,2687,15.71,7.37,28.39,15.39,67.2
2026-08-08,Hồ Chí Minh,Đắk Lắk,Cross region,SPE,2770,5.89,11.35,28.12,14.65,59.51
2026-08-08,Hồ Chí Minh,Đồng Nai,Intra region,SPB,8492,14.61,8.66,16.48,14.61,54.43
2026-08-08,Hồ Chí Minh,Đồng Nai,Intra region,SPE,9032,6.13,11.88,16.03,14.69,48.32
2026-08-08,Hồ Chí Minh,Đồng Tháp,Intra region,SPB,3461,11.41,9.1,14.24,17.03,51.81
2026-08-08,Hồ Chí Minh,Đồng Tháp,Intra region,SPE,4068,5.5,11.2,13.65,16.44,46.43
2026-08-08,Sơn La,An Giang,Cross region,SPE,1,,,59.23,34.92,95.98
2026-08-08,Điện Biên,Tây Ninh,Cross region,SPE,2,0.1,,59.18,11.63,102.68
2026-08-08,Đà Nẵng,Hà Nội,Cross metro *,SPB,1170,19.84,5.81,38.02,16.0,79.58
2026-08-08,Đà Nẵng,Hà Nội,Cross metro *,SPE,105,1.65,8.36,36.01,10.29,56.07
2026-08-08,Đà Nẵng,Hồ Chí Minh,Cross metro *,SPB,939,19.76,5.49,40.45,12.7,78.35
2026-08-08,Đà Nẵng,Hồ Chí Minh,Cross metro *,SPE,115,1.1,13.23,41.99,8.4,64.41
2026-08-07,,,,SPB,6,1.7,8.72,23.83,11.45,44.7
2026-08-07,,,,SPE,38,3.8,9.03,32.54,18.27,63.19
2026-08-07,Bắc Ninh,Hà Nội,Intra region,SPB,2140,11.66,11.18,12.94,14.15,50.15
2026-08-07,Bắc Ninh,Hà Nội,Intra region,SPE,2265,6.06,11.11,12.0,12.46,41.59
2026-08-07,Gia Lai,Tuyên Quang,Cross region,SPB,1,,,66.42,2.35,90.93
2026-08-07,Hà Nội,An Giang,Cross region,SPB,446,4.45,9.49,60.04,20.87,95.07
2026-08-07,Hà Nội,An Giang,Cross region,SPE,3575,3.86,10.3,58.55,19.06,91.94
2026-08-07,Hà Nội,Bắc Ninh,Intra region,SPB,827,4.69,11.25,12.87,16.9,45.82
2026-08-07,Hà Nội,Bắc Ninh,Intra region,SPE,5345,3.81,10.39,11.44,17.34,42.89
2026-08-07,Hà Nội,Cần Thơ,Cross region,SPB,306,4.21,10.31,52.72,22.18,89.28
2026-08-07,Hà Nội,Cần Thơ,Cross region,SPE,3259,3.39,10.23,53.24,18.35,85.21
2026-08-07,Hà Nội,Gia Lai,Cross region,SPB,364,3.63,10.33,41.64,15.75,71.38
2026-08-07,Hà Nội,Gia Lai,Cross region,SPE,2617,3.44,9.77,42.1,12.61,68.02
2026-08-07,Hà Nội,Hà Nội,Intra city,SPB,3757,5.17,13.22,13.26,10.4,37.62
2026-08-07,Hà Nội,Hà Nội,Intra city,SPE,1746,3.5,9.72,11.25,13.49,37.76
2026-08-07,Hà Nội,Hưng Yên,Intra region,SPB,717,4.21,9.64,13.69,13.33,40.71
2026-08-07,Hà Nội,Hưng Yên,Intra region,SPE,4750,3.78,10.51,13.46,16.25,44.02
2026-08-07,Hà Nội,Hải Phòng,Intra region,SPB,1231,5.16,11.23,16.98,18.9,52.48
2026-08-07,Hà Nội,Hải Phòng,Intra region,SPE,6123,3.8,10.46,14.22,16.85,45.2
2026-08-07,Hà Nội,Hồ Chí Minh,Cross metro,SPB,2726,4.91,11.39,50.61,14.49,81.36
2026-08-07,Hà Nội,Hồ Chí Minh,Cross metro,SPE,4929,4.55,9.85,51.55,11.32,77.27
2026-08-07,Hà Nội,Lào Cai,Intra region,SPB,311,3.5,11.28,18.16,16.36,49.4
2026-08-07,Hà Nội,Lào Cai,Intra region,SPE,2376,3.53,10.29,17.58,16.4,47.68
2026-08-07,Hà Nội,Lâm Đồng,Cross region,SPB,589,3.96,9.83,52.26,17.12,83.5
2026-08-07,Hà Nội,Lâm Đồng,Cross region,SPE,3636,3.8,10.16,51.83,16.41,82.44
2026-08-07,Hà Nội,Nghệ An,Cross region,SPB,534,5.14,11.36,22.42,22.28,61.35
2026-08-07,Hà Nội,Nghệ An,Cross region,SPE,4028,3.76,10.48,23.32,27.55,65.01
2026-08-07,Hà Nội,Ninh Bình,Intra region,SPB,961,5.27,10.7,13.57,12.99,42.52
2026-08-07,Hà Nội,Ninh Bình,Intra region,SPE,5660,3.78,10.34,13.71,10.48,38.29
2026-08-07,Hà Nội,Phú Thọ,Intra region,SPB,789,4.53,10.87,16.75,13.2,45.36
2026-08-07,Hà Nội,Phú Thọ,Intra region,SPE,5674,3.74,10.3,12.92,11.85,38.73
2026-08-07,Hà Nội,Quảng Ninh,Intra region,SPB,580,4.69,11.79,23.28,14.41,54.33
2026-08-07,Hà Nội,Quảng Ninh,Intra region,SPE,3273,3.67,10.1,16.84,16.17,46.75
2026-08-07,Hà Nội,Thanh Hóa,Intra region,SPB,770,4.81,9.54,19.32,17.29,51.07
2026-08-07,Hà Nội,Thanh Hóa,Intra region,SPE,6245,3.63,10.3,19.7,20.08,53.67
2026-08-07,Hà Nội,Tây Ninh,Cross region,SPB,365,4.29,8.61,48.29,27.09,88.48
2026-08-07,Hà Nội,Tây Ninh,Cross region,SPE,2842,3.67,10.11,47.44,22.51,83.61
2026-08-07,Hà Nội,Đà Nẵng,Cross metro *,SPB,744,4.98,10.62,32.12,17.58,65.28
2026-08-07,Hà Nội,Đà Nẵng,Cross metro *,SPE,1127,3.76,8.81,33.32,16.58,62.77
2026-08-07,Hà Nội,Đắk Lắk,Cross region,SPB,315,4.93,9.99,42.56,14.92,73.65
2026-08-07,Hà Nội,Đắk Lắk,Cross region,SPE,2579,3.61,9.99,41.82,12.42,67.7
2026-08-07,Hà Nội,Đồng Nai,Cross region,SPB,655,4.41,10.61,50.79,19.77,85.7
2026-08-07,Hà Nội,Đồng Nai,Cross region,SPE,4540,3.57,10.26,53.83,17.57,85.34
2026-08-07,Hồ Chí Minh,An Giang,Intra region,SPB,1648,4.84,7.64,19.13,17.82,49.67
2026-08-07,Hồ Chí Minh,An Giang,Intra region,SPE,6110,3.31,8.57,16.92,18.86,47.54
2026-08-07,Hồ Chí Minh,Cà Mau,Intra region,SPB,702,5.17,7.5,16.35,15.19,44.23
2026-08-07,Hồ Chí Minh,Cà Mau,Intra region,SPE,3017,3.41,8.7,15.75,14.9,42.59
2026-08-07,Hồ Chí Minh,Cần Thơ,Intra region,SPB,1268,5.25,7.07,15.03,14.15,41.56
2026-08-07,Hồ Chí Minh,Cần Thơ,Intra region,SPE,5544,3.44,8.7,14.35,14.83,41.13
2026-08-07,Hồ Chí Minh,Gia Lai,Cross region,SPB,868,7.24,5.67,31.01,14.01,57.99
2026-08-07,Hồ Chí Minh,Gia Lai,Cross region,SPE,2693,3.32,8.34,32.14,12.34,55.86
2026-08-07,Hồ Chí Minh,Hà Nội,Cross metro,SPB,2714,6.49,7.14,53.71,16.33,83.72
2026-08-07,Hồ Chí Minh,Hà Nội,Cross metro,SPE,2492,3.74,7.7,50.79,13.05,75.21
2026-08-07,Hồ Chí Minh,Hải Phòng,Cross region,SPB,642,6.4,6.93,53.71,21.51,89.11
2026-08-07,Hồ Chí Minh,Hải Phòng,Cross region,SPE,2620,3.58,8.4,53.88,21.25,87.01
2026-08-07,Hồ Chí Minh,Hồ Chí Minh,Intra city,SPB,10588,6.48,6.57,12.19,8.07,28.89
2026-08-07,Hồ Chí Minh,Hồ Chí Minh,Intra city,SPE,4576,4.2,7.75,14.44,10.65,37.55
2026-08-07,Hồ Chí Minh,Khánh Hòa,Cross region,SPB,992,6.17,6.09,24.06,16.1,52.6
2026-08-07,Hồ Chí Minh,Khánh Hòa,Cross region,SPE,1905,3.62,7.92,23.75,14.44,49.65
2026-08-07,Hồ Chí Minh,Lâm Đồng,Cross region,SPB,1742,5.64,7.52,20.79,15.04,49.06
2026-08-07,Hồ Chí Minh,Lâm Đồng,Cross region,SPE,4726,3.51,8.31,18.35,15.05,45.16
2026-08-07,Hồ Chí Minh,Ninh Bình,Cross region,SPB,444,7.31,6.98,48.54,14.14,77.39
2026-08-07,Hồ Chí Minh,Ninh Bình,Cross region,SPE,2302,3.48,8.51,48.64,13.8,74.17
2026-08-07,Hồ Chí Minh,Tây Ninh,Intra region,SPB,1640,5.7,6.29,11.16,19.18,42.49
2026-08-07,Hồ Chí Minh,Tây Ninh,Intra region,SPE,5372,3.23,8.43,10.5,15.41,37.49
2026-08-07,Hồ Chí Minh,Vĩnh Long,Intra region,SPB,1149,5.46,7.03,13.52,15.64,41.92
2026-08-07,Hồ Chí Minh,Vĩnh Long,Intra region,SPE,4268,3.5,8.51,13.02,16.8,41.75
2026-08-07,Hồ Chí Minh,Đà Nẵng,Cross metro *,SPB,1203,6.2,7.39,33.15,15.86,62.67
2026-08-07,Hồ Chí Minh,Đà Nẵng,Cross metro *,SPE,889,3.53,7.63,33.73,14.71,59.68
2026-08-07,Hồ Chí Minh,Đắk Lắk,Cross region,SPB,739,6.13,5.96,26.76,17.01,55.93
2026-08-07,Hồ Chí Minh,Đắk Lắk,Cross region,SPE,2603,3.33,8.27,26.46,15.9,53.87
2026-08-07,Hồ Chí Minh,Đồng Nai,Intra region,SPB,2846,5.77,6.92,14.78,13.68,41.3
2026-08-07,Hồ Chí Minh,Đồng Nai,Intra region,SPE,8450,3.31,8.57,14.17,14.73,40.68
2026-08-07,Hồ Chí Minh,Đồng Tháp,Intra region,SPB,1171,5.38,6.99,13.37,15.93,41.85
2026-08-07,Hồ Chí Minh,Đồng Tháp,Intra region,SPE,4261,3.51,8.28,13.1,16.37,41.18
2026-08-07,Khánh Hòa,Bắc Ninh,Cross region,SPB,1,,,47.45,49.9,107.87
2026-08-07,Quảng Ngãi,Quảng Ngãi,Intra city,SPE,1,0.07,,,19.32,46.87
2026-08-07,Điện Biên,Cần Thơ,Cross region,SPE,3,0.02,,65.06,23.47,103.99
2026-08-07,Điện Biên,Quảng Trị,Cross region,SPE,1,1.82,,,5.77,60.48
2026-08-07,Điện Biên,Đồng Tháp,Cross region,SPE,1,1.8,,,7.77,126.73
2026-08-07,Đà Nẵng,Hà Nội,Cross metro *,SPB,318,9.27,4.04,34.79,15.68,63.71
2026-08-07,Đà Nẵng,Hà Nội,Cross metro *,SPE,48,1.18,9.98,34.59,13.57,58.82
2026-08-07,Đà Nẵng,Hồ Chí Minh,Cross metro *,SPB,321,9.18,4.81,39.38,13.01,66.31
2026-08-07,Đà Nẵng,Hồ Chí Minh,Cross metro *,SPE,49,1.77,10.33,37.22,10.9,59.9
2026-08-07,Đồng Tháp,Quảng Trị,Cross region,SPB,1,0.08,,,53.9,106.47
2026-08-07,Đồng Tháp,Tuyên Quang,Cross region,SPB,2,4.71,,,5.1,78.68
2026-08-06,,,,SPB,4,8.89,3.9,25.62,32.17,70.6
2026-08-06,,,,SPE,33,1.38,10.6,32.78,29.8,74.2
2026-08-06,Bắc Ninh,Hà Nội,Intra region,SPB,1072,9.14,8.83,11.5,11.63,41.21
2026-08-06,Bắc Ninh,Hà Nội,Intra region,SPE,2022,6.86,11.5,12.04,10.47,40.79
2026-08-06,Cần Thơ,Quảng Trị,Cross region,SPB,1,,,41.58,22.08,73.33
2026-08-06,Hà Nội,An Giang,Cross region,SPB,432,3.29,11.45,59.24,20.65,94.96
2026-08-06,Hà Nội,An Giang,Cross region,SPE,2999,3.43,10.2,59.03,20.05,92.86
2026-08-06,Hà Nội,Bắc Ninh,Intra region,SPB,849,4.15,12.1,12.67,14.45,43.28
2026-08-06,Hà Nội,Bắc Ninh,Intra region,SPE,4546,3.74,10.77,12.67,17.0,44.08
2026-08-06,Hà Nội,Cần Thơ,Cross region,SPB,305,3.09,9.44,50.13,23.0,86.06
2026-08-06,Hà Nội,Cần Thơ,Cross region,SPE,2795,3.88,10.6,54.77,19.18,88.48
2026-08-06,Hà Nội,Gia Lai,Cross region,SPB,332,3.4,9.53,38.81,11.97,63.68
2026-08-06,Hà Nội,Gia Lai,Cross region,SPE,2154,3.63,10.42,40.24,11.93,66.11
2026-08-06,Hà Nội,Hà Nội,Intra city,SPB,4149,5.11,13.78,12.14,8.67,34.98
2026-08-06,Hà Nội,Hà Nội,Intra city,SPE,2434,3.34,10.63,11.3,10.25,35.1
2026-08-06,Hà Nội,Hưng Yên,Intra region,SPB,672,3.28,10.94,13.0,14.29,41.49
2026-08-06,Hà Nội,Hưng Yên,Intra region,SPE,3963,4.02,10.08,13.05,13.8,40.96
2026-08-06,Hà Nội,Hải Phòng,Intra region,SPB,1071,4.23,10.21,16.86,19.37,50.6
2026-08-06,Hà Nội,Hải Phòng,Intra region,SPE,5472,3.92,10.25,14.85,16.3,45.29
2026-08-06,Hà Nội,Hồ Chí Minh,Cross metro,SPB,2720,4.89,11.11,49.63,14.51,80.16
2026-08-06,Hà Nội,Hồ Chí Minh,Cross metro,SPE,5026,4.83,9.55,53.29,11.65,79.38
2026-08-06,Hà Nội,Lào Cai,Intra region,SPB,330,4.18,11.26,19.02,15.07,49.64
2026-08-06,Hà Nội,Lào Cai,Intra region,SPE,2101,3.87,10.37,21.09,20.69,55.99
2026-08-06,Hà Nội,Lâm Đồng,Cross region,SPB,631,3.41,10.98,50.37,17.96,82.56
2026-08-06,Hà Nội,Lâm Đồng,Cross region,SPE,2931,3.69,9.84,50.43,17.64,81.6
2026-08-06,Hà Nội,Nghệ An,Cross region,SPB,446,4.36,10.54,21.83,25.25,62.07
2026-08-06,Hà Nội,Nghệ An,Cross region,SPE,3083,3.93,10.64,25.8,24.07,64.3
2026-08-06,Hà Nội,Ninh Bình,Intra region,SPB,835,3.44,9.13,13.85,11.96,38.53
2026-08-06,Hà Nội,Ninh Bình,Intra region,SPE,4746,3.8,10.2,13.89,10.21,38.25
2026-08-06,Hà Nội,Phú Thọ,Intra region,SPB,679,3.86,10.02,14.58,13.11,41.79
2026-08-06,Hà Nội,Phú Thọ,Intra region,SPE,4914,3.76,10.36,14.14,13.2,41.34
2026-08-06,Hà Nội,Quảng Ninh,Intra region,SPB,472,3.61,10.2,20.08,15.21,49.33
2026-08-06,Hà Nội,Quảng Ninh,Intra region,SPE,2871,3.74,10.22,17.19,16.18,47.18
2026-08-06,Hà Nội,Thanh Hóa,Intra region,SPB,751,3.69,10.82,19.14,19.51,53.65
2026-08-06,Hà Nội,Thanh Hóa,Intra region,SPE,5137,3.7,10.19,20.76,19.52,54.2
2026-08-06,Hà Nội,Tây Ninh,Cross region,SPB,335,3.51,11.24,48.07,24.99,87.84
2026-08-06,Hà Nội,Tây Ninh,Cross region,SPE,2342,3.72,10.38,48.22,24.46,86.7
2026-08-06,Hà Nội,Đà Nẵng,Cross metro *,SPB,683,3.51,10.48,31.7,15.98,61.6
2026-08-06,Hà Nội,Đà Nẵng,Cross metro *,SPE,1171,3.74,9.02,33.17,15.1,61.14
2026-08-06,Hà Nội,Đắk Lắk,Cross region,SPB,353,3.32,9.98,42.55,15.4,72.4
2026-08-06,Hà Nội,Đắk Lắk,Cross region,SPE,2078,3.44,9.89,45.4,12.63,71.61
2026-08-06,Hà Nội,Đồng Nai,Cross region,SPB,590,3.46,9.83,48.8,19.72,81.93
2026-08-06,Hà Nội,Đồng Nai,Cross region,SPE,3883,3.64,10.01,53.86,18.79,86.34
2026-08-06,Hồ Chí Minh,An Giang,Intra region,SPB,1331,4.49,8.07,18.3,17.05,48.06
2026-08-06,Hồ Chí Minh,An Giang,Intra region,SPE,5237,3.76,8.79,17.04,18.61,48.06
2026-08-06,Hồ Chí Minh,Cà Mau,Intra region,SPB,544,4.28,8.53,15.43,16.88,45.12
2026-08-06,Hồ Chí Minh,Cà Mau,Intra region,SPE,2561,3.68,8.69,15.22,14.07,41.54
2026-08-06,Hồ Chí Minh,Cần Thơ,Intra region,SPB,1103,4.44,6.81,13.81,12.65,37.81
2026-08-06,Hồ Chí Minh,Cần Thơ,Intra region,SPE,4602,3.85,8.71,14.43,14.0,40.86
2026-08-06,Hồ Chí Minh,Gia Lai,Cross region,SPB,492,5.29,7.55,30.49,13.56,56.65
2026-08-06,Hồ Chí Minh,Gia Lai,Cross region,SPE,2007,3.66,8.38,31.81,13.15,56.91
2026-08-06,Hồ Chí Minh,Hà Nội,Cross metro,SPB,1984,5.18,7.46,49.11,15.32,77.41
2026-08-06,Hồ Chí Minh,Hà Nội,Cross metro,SPE,2263,3.26,7.29,48.2,13.82,72.47
2026-08-06,Hồ Chí Minh,Hải Phòng,Cross region,SPB,462,5.26,7.47,55.49,24.63,92.69
2026-08-06,Hồ Chí Minh,Hải Phòng,Cross region,SPE,2268,3.94,8.71,55.44,21.48,89.28
2026-08-06,Hồ Chí Minh,Hồ Chí Minh,Intra city,SPB,8780,5.03,6.68,12.48,5.96,23.62
2026-08-06,Hồ Chí Minh,Hồ Chí Minh,Intra city,SPE,4673,3.12,7.65,14.16,9.93,34.99
2026-08-06,Hồ Chí Minh,Khánh Hòa,Cross region,SPB,630,5.24,6.35,22.83,16.4,51.33
2026-08-06,Hồ Chí Minh,Khánh Hòa,Cross region,SPE,1642,3.75,8.6,23.36,15.69,50.95
2026-08-06,Hồ Chí Minh,Lâm Đồng,Cross region,SPB,1255,4.81,7.92,19.52,14.66,46.99
2026-08-06,Hồ Chí Minh,Lâm Đồng,Cross region,SPE,3864,3.79,8.68,18.43,13.58,44.21
2026-08-06,Hồ Chí Minh,Ninh Bình,Cross region,SPB,338,4.9,8.16,47.13,14.89,75.17
2026-08-06,Hồ Chí Minh,Ninh Bình,Cross region,SPE,1870,3.82,8.7,48.06,13.74,74.07
2026-08-06,Hồ Chí Minh,Tây Ninh,Intra region,SPB,1287,4.75,6.99,11.77,17.02,40.74
2026-08-06,Hồ Chí Minh,Tây Ninh,Intra region,SPE,4410,3.87,8.56,10.95,15.52,38.69
2026-08-06,Hồ Chí Minh,Vĩnh Long,Intra region,SPB,940,4.66,6.9,13.49,14.25,39.53
2026-08-06,Hồ Chí Minh,Vĩnh Long,Intra region,SPE,3686,3.67,8.39,13.61,15.59,41.11
2026-08-06,Hồ Chí Minh,Đà Nẵng,Cross metro *,SPB,864,4.72,8.58,32.16,16.56,62.02
2026-08-06,Hồ Chí Minh,Đà Nẵng,Cross metro *,SPE,817,3.2,7.67,32.55,14.56,58.13
2026-08-06,Hồ Chí Minh,Đắk Lắk,Cross region,SPB,483,4.96,8.42,27.93,16.93,58.49
2026-08-06,Hồ Chí Minh,Đắk Lắk,Cross region,SPE,2146,3.79,8.34,27.04,15.05,53.89
2026-08-06,Hồ Chí Minh,Đồng Nai,Intra region,SPB,2008,4.79,7.9,14.06,11.72,38.63
2026-08-06,Hồ Chí Minh,Đồng Nai,Intra region,SPE,7172,3.85,8.69,14.04,14.08,40.45
2026-08-06,Hồ Chí Minh,Đồng Tháp,Intra region,SPB,969,4.36,7.15,13.83,14.39,40.14
2026-08-06,Hồ Chí Minh,Đồng Tháp,Intra region,SPE,3578,3.62,8.64,12.99,15.05,40.13
2026-08-06,Điện Biên,Gia Lai,Cross region,SPE,2,0.02,,60.05,8.25,95.37
2026-08-06,Điện Biên,Nghệ An,Cross region,SPE,4,1.77,,46.97,19.66,80.71
2026-08-06,Điện Biên,Quảng Ngãi,Cross region,SPE,1,0.02,,,5.45,98.38
2026-08-06,Điện Biên,Điện Biên,Intra city,SPB,1,0.05,,,25.38,28.17
2026-08-06,Đà Nẵng,Hà Nội,Cross metro *,SPB,101,5.62,5.46,34.3,15.3,60.7
2026-08-06,Đà Nẵng,Hà Nội,Cross metro *,SPE,43,2.88,9.5,34.86,13.16,60.68
2026-08-06,Đà Nẵng,Hồ Chí Minh,Cross metro *,SPB,131,5.31,5.82,37.85,11.01,60.2
2026-08-06,Đà Nẵng,Hồ Chí Minh,Cross metro *,SPE,80,1.88,9.01,37.02,12.79,60.67
2026-08-06,Đồng Tháp,Thái Nguyên,Cross region,SPB,1,9.82,,,7.65,113.73
2026-08-05,,,,SPB,5,4.74,7.52,38.48,17.49,68.24
2026-08-05,,,,SPE,37,2.37,9.01,34.23,27.8,73.44
2026-08-05,Bắc Ninh,Hà Nội,Intra region,SPB,896,9.57,8.8,10.87,11.04,40.34
2026-08-05,Bắc Ninh,Hà Nội,Intra region,SPE,2621,6.37,10.42,12.01,10.04,38.53
2026-08-05,Hà Nội,An Giang,Cross region,SPB,417,2.64,11.7,59.45,20.75,94.63
2026-08-05,Hà Nội,An Giang,Cross region,SPE,3857,3.5,10.67,58.31,21.37,94.04
2026-08-05,Hà Nội,Bắc Ninh,Intra region,SPB,785,4.06,11.45,12.84,16.19,44.81
2026-08-05,Hà Nội,Bắc Ninh,Intra region,SPE,5791,3.14,10.48,11.39,15.74,40.74
2026-08-05,Hà Nội,Cần Thơ,Cross region,SPB,311,3.47,10.89,51.65,20.37,86.44
2026-08-05,Hà Nội,Cần Thơ,Cross region,SPE,3561,3.58,10.56,53.6,18.91,86.59
2026-08-05,Hà Nội,Gia Lai,Cross region,SPB,357,3.19,12.2,39.13,12.26,66.84
2026-08-05,Hà Nội,Gia Lai,Cross region,SPE,2814,2.97,10.08,41.47,11.18,65.78
2026-08-05,Hà Nội,Hà Nội,Intra city,SPB,3739,5.54,14.99,11.92,8.54,35.35
2026-08-05,Hà Nội,Hà Nội,Intra city,SPE,1590,5.19,10.48,11.96,10.28,37.42
2026-08-05,Hà Nội,Hưng Yên,Intra region,SPB,668,4.1,12.25,13.59,14.99,44.69
2026-08-05,Hà Nội,Hưng Yên,Intra region,SPE,5386,3.31,10.14,12.55,14.04,40.11
2026-08-05,Hà Nội,Hải Phòng,Intra region,SPB,1168,4.15,11.4,17.37,17.51,50.49
2026-08-05,Hà Nội,Hải Phòng,Intra region,SPE,7430,3.3,10.13,14.25,16.17,43.86
2026-08-05,Hà Nội,Hồ Chí Minh,Cross metro,SPB,2603,4.35,11.79,48.39,12.69,77.37
2026-08-05,Hà Nội,Hồ Chí Minh,Cross metro,SPE,4802,4.96,9.53,51.39,9.77,75.76
2026-08-05,Hà Nội,Lào Cai,Intra region,SPB,290,3.73,11.59,18.94,16.04,50.35
2026-08-05,Hà Nội,Lào Cai,Intra region,SPE,2637,3.01,10.53,20.24,19.37,53.06
2026-08-05,Hà Nội,Lâm Đồng,Cross region,SPB,553,4.05,10.77,48.3,21.59,84.75
2026-08-05,Hà Nội,Lâm Đồng,Cross region,SPE,3760,3.46,10.22,50.21,16.36,80.34
2026-08-05,Hà Nội,Nghệ An,Cross region,SPB,457,4.82,10.42,22.42,24.26,62.16
2026-08-05,Hà Nội,Nghệ An,Cross region,SPE,3980,3.32,10.21,25.44,24.48,63.4
2026-08-05,Hà Nội,Ninh Bình,Intra region,SPB,823,4.05,10.65,14.3,11.37,40.6
2026-08-05,Hà Nội,Ninh Bình,Intra region,SPE,6304,3.47,10.18,13.0,10.29,36.94
2026-08-05,Hà Nội,Phú Thọ,Intra region,SPB,706,4.04,11.45,15.08,14.06,44.68
2026-08-05,Hà Nội,Phú Thọ,Intra region,SPE,6186,3.2,10.34,13.32,12.47,39.35
2026-08-05,Hà Nội,Quảng Ninh,Intra region,SPB,520,5.09,10.81,20.09,15.11,50.93
2026-08-05,Hà Nội,Quảng Ninh,Intra region,SPE,3778,3.25,10.58,16.81,16.43,47.06
2026-08-05,Hà Nội,Thanh Hóa,Intra region,SPB,741,3.83,12.07,17.38,19.32,52.63
2026-08-05,Hà Nội,Thanh Hóa,Intra region,SPE,6017,3.22,10.03,20.79,18.59,52.75
2026-08-05,Hà Nội,Tây Ninh,Cross region,SPB,302,4.23,11.42,50.63,22.92,89.34
2026-08-05,Hà Nội,Tây Ninh,Cross region,SPE,2975,3.08,10.43,47.76,23.37,84.9
2026-08-05,Hà Nội,Đà Nẵng,Cross metro *,SPB,666,4.49,10.15,30.07,16.12,60.98
2026-08-05,Hà Nội,Đà Nẵng,Cross metro *,SPE,1087,4.28,9.32,31.61,14.6,59.84
2026-08-05,Hà Nội,Đắk Lắk,Cross region,SPB,336,3.76,10.72,42.34,14.51,71.29
2026-08-05,Hà Nội,Đắk Lắk,Cross region,SPE,2763,3.14,10.25,46.87,14.56,74.82
2026-08-05,Hà Nội,Đồng Nai,Cross region,SPB,532,4.57,10.52,49.73,19.37,84.07
2026-08-05,Hà Nội,Đồng Nai,Cross region,SPE,5382,3.15,10.32,52.01,18.7,84.27
2026-08-05,Hồ Chí Minh,An Giang,Intra region,SPB,1337,3.97,7.86,18.93,15.83,46.76
2026-08-05,Hồ Chí Minh,An Giang,Intra region,SPE,6734,3.01,8.18,16.95,17.97,45.97
2026-08-05,Hồ Chí Minh,Cà Mau,Intra region,SPB,614,3.76,8.57,15.65,16.83,44.93
2026-08-05,Hồ Chí Minh,Cà Mau,Intra region,SPE,3470,3.0,8.44,15.46,14.16,41.08
2026-08-05,Hồ Chí Minh,Cần Thơ,Intra region,SPB,1081,3.94,7.84,14.01,13.54,39.32
2026-08-05,Hồ Chí Minh,Cần Thơ,Intra region,SPE,6295,2.95,8.51,14.08,13.99,39.53
2026-08-05,Hồ Chí Minh,Gia Lai,Cross region,SPB,512,5.3,7.37,29.95,13.52,56.04
2026-08-05,Hồ Chí Minh,Gia Lai,Cross region,SPE,2727,2.99,8.09,31.06,13.07,55.08
2026-08-05,Hồ Chí Minh,Hà Nội,Cross metro,SPB,2274,5.09,7.24,48.35,12.96,73.9
2026-08-05,Hồ Chí Minh,Hà Nội,Cross metro,SPE,2271,3.36,7.6,50.59,12.32,73.83
2026-08-05,Hồ Chí Minh,Hải Phòng,Cross region,SPB,513,4.8,7.04,50.36,19.09,81.21
2026-08-05,Hồ Chí Minh,Hải Phòng,Cross region,SPE,3069,3.0,8.45,54.63,20.26,86.19
2026-08-05,Hồ Chí Minh,Hồ Chí Minh,Intra city,SPB,7983,5.24,7.06,12.43,6.32,25.19
2026-08-05,Hồ Chí Minh,Hồ Chí Minh,Intra city,SPE,4360,3.93,8.57,14.15,9.42,36.14
2026-08-05,Hồ Chí Minh,Khánh Hòa,Cross region,SPB,632,4.51,7.39,24.02,15.76,51.8
2026-08-05,Hồ Chí Minh,Khánh Hòa,Cross region,SPE,2085,3.21,8.34,22.82,14.4,48.46
2026-08-05,Hồ Chí Minh,Lâm Đồng,Cross region,SPB,1247,4.3,7.75,19.3,15.67,47.23
2026-08-05,Hồ Chí Minh,Lâm Đồng,Cross region,SPE,5157,3.11,8.38,18.52,13.36,43.25
2026-08-05,Hồ Chí Minh,Ninh Bình,Cross region,SPB,296,4.38,7.19,45.23,15.42,72.51
2026-08-05,Hồ Chí Minh,Ninh Bình,Cross region,SPE,2346,3.11,8.37,47.49,13.33,72.13
2026-08-05,Hồ Chí Minh,Tây Ninh,Intra region,SPB,1317,4.26,7.3,11.84,16.99,40.59
2026-08-05,Hồ Chí Minh,Tây Ninh,Intra region,SPE,5715,2.84,8.31,10.66,14.28,36.0
2026-08-05,Hồ Chí Minh,Vĩnh Long,Intra region,SPB,906,3.66,7.92,13.63,14.55,39.86
2026-08-05,Hồ Chí Minh,Vĩnh Long,Intra region,SPE,4878,2.95,8.51,13.27,14.72,39.42
2026-08-05,Hồ Chí Minh,Đà Nẵng,Cross metro *,SPB,862,4.11,6.94,34.66,14.72,60.88
2026-08-05,Hồ Chí Minh,Đà Nẵng,Cross metro *,SPE,795,3.36,7.76,34.87,14.8,60.72
2026-08-05,Hồ Chí Minh,Đắk Lắk,Cross region,SPB,521,4.32,7.27,26.85,16.77,55.38
2026-08-05,Hồ Chí Minh,Đắk Lắk,Cross region,SPE,2807,2.93,7.89,26.52,14.94,52.14
2026-08-05,Hồ Chí Minh,Đồng Nai,Intra region,SPB,2049,4.53,7.94,14.79,13.06,40.36
2026-08-05,Hồ Chí Minh,Đồng Nai,Intra region,SPE,9831,2.93,8.18,14.01,13.38,38.41
2026-08-05,Hồ Chí Minh,Đồng Tháp,Intra region,SPB,915,3.74,7.69,13.76,13.32,38.59
2026-08-05,Hồ Chí Minh,Đồng Tháp,Intra region,SPE,4881,2.97,8.27,12.74,14.01,37.92
2026-08-05,Đà Nẵng,Hà Nội,Cross metro *,SPB,104,5.48,7.27,30.47,12.14,55.67
2026-08-05,Đà Nẵng,Hà Nội,Cross metro *,SPE,48,2.13,8.93,36.15,10.92,57.73
2026-08-05,Đà Nẵng,Hồ Chí Minh,Cross metro *,SPB,132,3.44,8.02,36.63,7.66,55.73
2026-08-05,Đà Nẵng,Hồ Chí Minh,Cross metro *,SPE,88,1.56,10.11,37.84,8.53,58.17
2026-08-04,,,,SPB,6,6.85,7.24,29.62,11.16,52.24
2026-08-04,,,,SPE,29,3.38,8.23,38.81,21.0,71.44
2026-08-04,Bắc Ninh,Hà Nội,Intra region,SPB,817,7.95,6.34,12.1,11.01,37.43
2026-08-04,Bắc Ninh,Hà Nội,Intra region,SPE,2135,7.06,12.28,11.87,9.5,40.43
2026-08-04,Hà Nội,An Giang,Cross region,SPB,426,3.45,11.25,59.38,22.97,97.07
2026-08-04,Hà Nội,An Giang,Cross region,SPE,3062,4.33,11.05,58.39,20.8,94.51
2026-08-04,Hà Nội,Bắc Ninh,Intra region,SPB,721,3.49,12.14,12.76,14.45,42.77
2026-08-04,Hà Nội,Bắc Ninh,Intra region,SPE,4671,3.98,11.44,11.39,15.5,42.22
2026-08-04,Hà Nội,Cần Thơ,Cross region,SPB,339,4.84,10.17,49.48,19.84,84.71
2026-08-04,Hà Nội,Cần Thơ,Cross region,SPE,2689,3.97,10.96,52.37,19.86,87.11
2026-08-04,Hà Nội,Gia Lai,Cross region,SPB,302,3.76,9.6,39.44,12.68,65.51
2026-08-04,Hà Nội,Gia Lai,Cross region,SPE,2197,4.05,10.96,41.86,12.62,69.24
2026-08-04,Hà Nội,Hà Nội,Intra city,SPB,3966,5.64,13.51,11.53,8.24,33.53
2026-08-04,Hà Nội,Hà Nội,Intra city,SPE,2058,2.8,10.46,12.13,9.82,35.88
2026-08-04,Hà Nội,Hưng Yên,Intra region,SPB,664,4.74,9.75,14.16,13.72,42.24
2026-08-04,Hà Nội,Hưng Yên,Intra region,SPE,4163,4.04,10.93,13.15,13.51,41.49
2026-08-04,Hà Nội,Hải Phòng,Intra region,SPB,1088,4.32,10.6,16.94,20.0,51.87
2026-08-04,Hà Nội,Hải Phòng,Intra region,SPE,5660,3.89,11.08,14.76,15.77,45.47
2026-08-04,Hà Nội,Hồ Chí Minh,Cross metro,SPB,2634,5.1,10.49,48.75,12.39,76.86
2026-08-04,Hà Nội,Hồ Chí Minh,Cross metro,SPE,5293,4.94,10.47,51.28,9.44,75.85
2026-08-04,Hà Nội,Lào Cai,Intra region,SPB,286,3.66,10.49,18.78,17.54,50.1
2026-08-04,Hà Nội,Lào Cai,Intra region,SPE,2068,3.83,11.11,18.45,19.03,52.51
2026-08-04,Hà Nội,Lâm Đồng,Cross region,SPB,539,3.58,11.15,50.46,18.48,83.59
2026-08-04,Hà Nội,Lâm Đồng,Cross region,SPE,2992,3.86,10.64,53.43,15.59,83.41
2026-08-04,Hà Nội,Nghệ An,Cross region,SPB,424,3.58,13.24,20.69,22.57,59.79
2026-08-04,Hà Nội,Nghệ An,Cross region,SPE,3140,4.1,11.08,23.14,24.89,63.39
2026-08-04,Hà Nội,Ninh Bình,Intra region,SPB,843,4.15,11.64,13.15,12.1,41.11
2026-08-04,Hà Nội,Ninh Bình,Intra region,SPE,4824,3.92,10.91,13.6,10.54,39.0
2026-08-04,Hà Nội,Phú Thọ,Intra region,SPB,626,4.16,10.35,14.71,12.62,41.54
2026-08-04,Hà Nội,Phú Thọ,Intra region,SPE,4719,4.18,10.89,12.81,11.71,39.8
2026-08-04,Hà Nội,Quảng Ninh,Intra region,SPB,483,4.14,10.67,20.37,12.84,47.86
2026-08-04,Hà Nội,Quảng Ninh,Intra region,SPE,3103,3.92,11.24,17.58,15.88,48.61
2026-08-04,Hà Nội,Thanh Hóa,Intra region,SPB,704,3.89,10.09,19.47,19.62,53.2
2026-08-04,Hà Nội,Thanh Hóa,Intra region,SPE,4702,3.81,10.99,18.81,18.88,52.67
2026-08-04,Hà Nội,Tây Ninh,Cross region,SPB,317,4.25,8.96,49.96,21.41,84.63
2026-08-04,Hà Nội,Tây Ninh,Cross region,SPE,2395,4.1,11.07,47.65,20.22,83.03
2026-08-04,Hà Nội,Đà Nẵng,Cross metro *,SPB,678,4.94,10.81,32.21,15.23,63.69
2026-08-04,Hà Nội,Đà Nẵng,Cross metro *,SPE,1167,4.06,9.73,32.99,15.14,62.36
2026-08-04,Hà Nội,Đắk Lắk,Cross region,SPB,320,3.82,11.52,43.06,15.48,73.86
2026-08-04,Hà Nội,Đắk Lắk,Cross region,SPE,2151,4.26,10.63,46.39,14.39,75.47
2026-08-04,Hà Nội,Đồng Nai,Cross region,SPB,518,4.34,10.48,47.56,18.93,81.2
2026-08-04,Hà Nội,Đồng Nai,Cross region,SPE,4155,4.21,10.9,53.9,18.61,87.4
2026-08-04,Hồ Chí Minh,An Giang,Intra region,SPB,1334,4.2,8.11,17.82,15.52,45.68
2026-08-04,Hồ Chí Minh,An Giang,Intra region,SPE,5161,4.06,9.34,16.37,17.41,47.09
2026-08-04,Hồ Chí Minh,Cà Mau,Intra region,SPB,528,5.02,7.53,16.9,16.27,45.8
2026-08-04,Hồ Chí Minh,Cà Mau,Intra region,SPE,2544,4.1,9.16,14.95,12.24,40.34
2026-08-04,Hồ Chí Minh,Cần Thơ,Intra region,SPB,1040,4.59,7.72,13.15,12.52,38.09
2026-08-04,Hồ Chí Minh,Cần Thơ,Intra region,SPE,4679,4.02,9.19,13.74,13.98,40.92
2026-08-04,Hồ Chí Minh,Gia Lai,Cross region,SPB,469,4.87,7.99,30.79,13.51,57.13
2026-08-04,Hồ Chí Minh,Gia Lai,Cross region,SPE,2050,4.12,8.55,30.11,12.7,55.48
2026-08-04,Hồ Chí Minh,Hà Nội,Cross metro,SPB,1956,4.87,7.81,47.36,12.51,72.87
2026-08-04,Hồ Chí Minh,Hà Nội,Cross metro,SPE,2214,3.71,7.11,49.39,10.04,70.33
2026-08-04,Hồ Chí Minh,Hải Phòng,Cross region,SPB,480,4.56,7.81,52.11,18.19,82.87
2026-08-04,Hồ Chí Minh,Hải Phòng,Cross region,SPE,2314,3.88,8.75,54.47,17.8,84.82
2026-08-04,Hồ Chí Minh,Hồ Chí Minh,Intra city,SPB,8200,4.93,7.21,12.46,5.92,23.99
2026-08-04,Hồ Chí Minh,Hồ Chí Minh,Intra city,SPE,4498,3.28,7.35,13.9,9.1,33.84
2026-08-04,Hồ Chí Minh,Khánh Hòa,Cross region,SPB,627,4.38,7.11,23.32,16.04,50.85
2026-08-04,Hồ Chí Minh,Khánh Hòa,Cross region,SPE,1630,4.31,8.92,23.31,13.82,50.12
2026-08-04,Hồ Chí Minh,Lâm Đồng,Cross region,SPB,1277,4.58,7.28,19.69,14.79,46.53
2026-08-04,Hồ Chí Minh,Lâm Đồng,Cross region,SPE,3900,4.04,9.1,17.68,13.1,43.84
2026-08-04,Hồ Chí Minh,Ninh Bình,Cross region,SPB,294,4.69,9.92,44.75,14.54,74.31
2026-08-04,Hồ Chí Minh,Ninh Bình,Cross region,SPE,1665,3.83,8.87,48.01,13.65,74.31
2026-08-04,Hồ Chí Minh,Tây Ninh,Intra region,SPB,1183,3.87,8.08,11.03,15.36,38.45
2026-08-04,Hồ Chí Minh,Tây Ninh,Intra region,SPE,4410,3.8,8.83,10.66,14.12,37.42
2026-08-04,Hồ Chí Minh,Vĩnh Long,Intra region,SPB,915,4.2,7.69,13.02,13.45,38.4
2026-08-04,Hồ Chí Minh,Vĩnh Long,Intra region,SPE,3720,3.93,8.77,12.99,13.51,39.08
2026-08-04,Hồ Chí Minh,Đà Nẵng,Cross metro *,SPB,836,4.74,7.87,33.36,16.14,61.96
2026-08-04,Hồ Chí Minh,Đà Nẵng,Cross metro *,SPE,843,3.75,7.55,33.17,15.6,60.25
2026-08-04,Hồ Chí Minh,Đắk Lắk,Cross region,SPB,563,4.88,7.16,26.98,16.64,55.97
2026-08-04,Hồ Chí Minh,Đắk Lắk,Cross region,SPE,2097,4.01,8.51,25.91,14.82,53.24
2026-08-04,Hồ Chí Minh,Đồng Nai,Intra region,SPB,1916,4.36,7.68,14.12,10.82,37.07
2026-08-04,Hồ Chí Minh,Đồng Nai,Intra region,SPE,7423,4.05,8.84,14.06,12.56,39.42
2026-08-04,Hồ Chí Minh,Đồng Tháp,Intra region,SPB,951,4.35,7.89,13.52,13.36,39.09
2026-08-04,Hồ Chí Minh,Đồng Tháp,Intra region,SPE,3647,4.11,9.1,12.55,13.3,38.83
2026-08-04,Đà Nẵng,Hà Nội,Cross metro *,SPB,132,5.39,6.57,34.05,12.23,58.18
2026-08-04,Đà Nẵng,Hà Nội,Cross metro *,SPE,61,1.53,9.66,35.93,10.23,57.48
2026-08-04,Đà Nẵng,Hồ Chí Minh,Cross metro *,SPB,160,5.85,5.14,37.47,9.4,57.89
2026-08-04,Đà Nẵng,Hồ Chí Minh,Cross metro *,SPE,71,1.95,8.84,38.54,10.47,60.03
2026-08-03,,,,SPB,4,1.4,8.64,27.63,34.33,72.02
2026-08-03,,,,SPE,39,1.44,11.22,36.48,22.35,72.02
2026-08-03,Bắc Ninh,Hà Nội,Intra region,SPB,798,7.77,8.31,12.0,10.59,38.64
2026-08-03,Bắc Ninh,Hà Nội,Intra region,SPE,2903,5.25,11.48,12.31,9.45,37.64
2026-08-03,Hà Nội,An Giang,Cross region,SPB,538,4.8,11.57,58.89,20.96,96.41
2026-08-03,Hà Nội,An Giang,Cross region,SPE,4427,3.41,11.43,58.17,19.78,92.93
2026-08-03,Hà Nội,Bắc Ninh,Intra region,SPB,1022,3.85,12.23,13.22,15.35,44.65
2026-08-03,Hà Nội,Bắc Ninh,Intra region,SPE,6765,3.09,11.48,12.75,15.97,43.45
2026-08-03,Hà Nội,Cần Thơ,Cross region,SPB,437,3.34,11.66,50.08,20.88,85.91
2026-08-03,Hà Nội,Cần Thơ,Cross region,SPE,3849,3.28,11.15,51.96,19.43,85.99
2026-08-03,Hà Nội,Gia Lai,Cross region,SPB,410,3.78,10.42,39.57,11.4,65.16
2026-08-03,Hà Nội,Gia Lai,Cross region,SPE,3124,3.08,11.14,41.18,10.73,66.04
2026-08-03,Hà Nội,Hà Nội,Intra city,SPB,6663,4.68,12.58,11.8,8.05,33.14
2026-08-03,Hà Nội,Hà Nội,Intra city,SPE,4241,2.72,10.06,12.26,9.27,34.31
2026-08-03,Hà Nội,Hưng Yên,Intra region,SPB,817,4.33,11.26,13.03,14.61,43.3
2026-08-03,Hà Nội,Hưng Yên,Intra region,SPE,5926,3.14,11.12,13.11,13.9,41.23
2026-08-03,Hà Nội,Hải Phòng,Intra region,SPB,1389,4.14,11.91,16.79,17.34,50.36
2026-08-03,Hà Nội,Hải Phòng,Intra region,SPE,8340,3.07,11.19,15.26,16.17,45.7
2026-08-03,Hà Nội,Hồ Chí Minh,Cross metro,SPB,3312,4.89,12.4,49.03,11.44,77.82
2026-08-03,Hà Nội,Hồ Chí Minh,Cross metro,SPE,6273,3.63,10.45,50.89,8.47,73.4
2026-08-03,Hà Nội,Lào Cai,Intra region,SPB,376,3.21,12.87,18.64,15.95,50.71
2026-08-03,Hà Nội,Lào Cai,Intra region,SPE,2915,3.16,11.17,18.59,19.44,52.47
2026-08-03,Hà Nội,Lâm Đồng,Cross region,SPB,691,3.9,11.62,48.76,16.99,81.47
2026-08-03,Hà Nội,Lâm Đồng,Cross region,SPE,4324,3.21,10.87,52.24,14.59,80.94
2026-08-03,Hà Nội,Nghệ An,Cross region,SPB,626,3.49,12.85,21.54,20.41,58.29
2026-08-03,Hà Nội,Nghệ An,Cross region,SPE,4548,3.14,11.11,23.86,23.56,61.75
2026-08-03,Hà Nội,Ninh Bình,Intra region,SPB,1024,4.0,11.05,13.14,11.82,40.11
2026-08-03,Hà Nội,Ninh Bình,Intra region,SPE,7039,3.19,10.99,13.05,10.33,37.55
2026-08-03,Hà Nội,Phú Thọ,Intra region,SPB,882,3.54,11.25,14.78,13.7,43.47
2026-08-03,Hà Nội,Phú Thọ,Intra region,SPE,6947,3.12,11.47,13.22,12.01,39.89
2026-08-03,Hà Nội,Quảng Ninh,Intra region,SPB,629,4.03,11.9,20.86,15.51,52.22
2026-08-03,Hà Nội,Quảng Ninh,Intra region,SPE,3917,3.35,11.27,17.69,16.43,48.78
2026-08-03,Hà Nội,Thanh Hóa,Intra region,SPB,946,3.91,11.49,19.34,19.09,53.83
2026-08-03,Hà Nội,Thanh Hóa,Intra region,SPE,6894,3.13,11.07,19.16,17.52,51.03
2026-08-03,Hà Nội,Tây Ninh,Cross region,SPB,353,3.6,10.98,49.15,22.73,86.52
2026-08-03,Hà Nội,Tây Ninh,Cross region,SPE,3503,3.23,11.35,48.46,19.71,82.84
2026-08-03,Hà Nội,Đà Nẵng,Cross metro *,SPB,797,3.87,12.23,31.04,14.22,61.52
2026-08-03,Hà Nội,Đà Nẵng,Cross metro *,SPE,1588,3.56,10.19,30.82,14.17,58.92
2026-08-03,Hà Nội,Đắk Lắk,Cross region,SPB,414,2.9,10.89,40.77,13.15,67.91
2026-08-03,Hà Nội,Đắk Lắk,Cross region,SPE,3084,2.8,10.86,44.37,14.41,72.42
2026-08-03,Hà Nội,Đồng Nai,Cross region,SPB,748,3.81,11.32,52.05,16.49,83.68
2026-08-03,Hà Nội,Đồng Nai,Cross region,SPE,6187,3.23,10.97,52.99,17.83,84.97
2026-08-03,Hồ Chí Minh,An Giang,Intra region,SPB,1949,4.16,9.51,18.36,17.19,49.32
2026-08-03,Hồ Chí Minh,An Giang,Intra region,SPE,7797,3.15,9.57,17.79,17.32,47.7
2026-08-03,Hồ Chí Minh,Cà Mau,Intra region,SPB,832,4.49,9.69,18.72,16.54,49.65
2026-08-03,Hồ Chí Minh,Cà Mau,Intra region,SPE,3941,3.05,9.8,15.5,13.8,41.89
2026-08-03,Hồ Chí Minh,Cần Thơ,Intra region,SPB,1494,4.17,9.26,13.01,12.63,39.22
2026-08-03,Hồ Chí Minh,Cần Thơ,Intra region,SPE,7420,3.29,9.84,14.42,13.18,40.55
2026-08-03,Hồ Chí Minh,Gia Lai,Cross region,SPB,744,4.35,9.67,30.16,13.43,57.8
2026-08-03,Hồ Chí Minh,Gia Lai,Cross region,SPE,3366,3.0,9.58,31.57,11.52,55.45
2026-08-03,Hồ Chí Minh,Hà Nội,Cross metro,SPB,3030,4.76,8.34,48.35,12.34,74.05
2026-08-03,Hồ Chí Minh,Hà Nội,Cross metro,SPE,3561,3.54,8.38,50.88,9.88,72.87
2026-08-03,Hồ Chí Minh,Hải Phòng,Cross region,SPB,686,4.52,9.49,51.87,20.35,86.51
2026-08-03,Hồ Chí Minh,Hải Phòng,Cross region,SPE,3782,3.16,9.19,55.36,18.0,85.61
2026-08-03,Hồ Chí Minh,Hồ Chí Minh,Intra city,SPB,13283,4.75,7.97,12.61,5.93,24.68
2026-08-03,Hồ Chí Minh,Hồ Chí Minh,Intra city,SPE,7585,3.37,7.69,13.52,9.17,34.16
2026-08-03,Hồ Chí Minh,Khánh Hòa,Cross region,SPB,872,4.49,8.36,24.15,15.35,52.57
2026-08-03,Hồ Chí Minh,Khánh Hòa,Cross region,SPE,2634,3.18,9.41,21.79,14.04,48.35
2026-08-03,Hồ Chí Minh,Lâm Đồng,Cross region,SPB,1767,4.8,9.1,20.24,14.89,49.38
2026-08-03,Hồ Chí Minh,Lâm Đồng,Cross region,SPE,6302,3.24,9.5,19.3,12.79,44.62
2026-08-03,Hồ Chí Minh,Ninh Bình,Cross region,SPB,458,4.5,9.21,45.59,15.54,74.98
2026-08-03,Hồ Chí Minh,Ninh Bình,Cross region,SPE,2812,3.29,9.44,47.95,14.28,74.74
2026-08-03,Hồ Chí Minh,Tây Ninh,Intra region,SPB,1678,4.11,9.57,11.64,15.07,40.42
2026-08-03,Hồ Chí Minh,Tây Ninh,Intra region,SPE,6958,3.11,9.48,10.49,13.86,36.79
2026-08-03,Hồ Chí Minh,Vĩnh Long,Intra region,SPB,1284,4.07,8.96,13.17,13.14,39.52
2026-08-03,Hồ Chí Minh,Vĩnh Long,Intra region,SPE,5876,3.1,9.46,13.55,14.12,40.13
2026-08-03,Hồ Chí Minh,Đà Nẵng,Cross metro *,SPB,1197,4.47,8.92,34.08,13.56,61.11
2026-08-03,Hồ Chí Minh,Đà Nẵng,Cross metro *,SPE,1182,3.18,8.76,34.68,12.74,59.53
2026-08-03,Hồ Chí Minh,Đắk Lắk,Cross region,SPB,762,4.42,8.9,27.16,14.12,54.96
2026-08-03,Hồ Chí Minh,Đắk Lắk,Cross region,SPE,3363,3.04,9.26,26.81,14.02,52.98
2026-08-03,Hồ Chí Minh,Đồng Nai,Intra region,SPB,2630,4.73,8.45,13.31,11.51,38.22
2026-08-03,Hồ Chí Minh,Đồng Nai,Intra region,SPE,11413,3.09,9.6,13.81,13.08,39.5
2026-08-03,Hồ Chí Minh,Đồng Tháp,Intra region,SPB,1270,4.05,9.4,12.8,14.25,40.55
2026-08-03,Hồ Chí Minh,Đồng Tháp,Intra region,SPE,5557,3.08,9.41,13.0,13.57,39.0
2026-08-03,Đà Nẵng,Hà Nội,Cross metro *,SPB,165,4.68,6.54,30.19,12.16,53.59
2026-08-03,Đà Nẵng,Hà Nội,Cross metro *,SPE,75,4.1,10.93,35.55,10.71,61.36
2026-08-03,Đà Nẵng,Hồ Chí Minh,Cross metro *,SPB,199,5.49,5.09,40.64,7.65,59.04
2026-08-03,Đà Nẵng,Hồ Chí Minh,Cross metro *,SPE,108,3.96,11.71,38.86,10.73,65.09
2026-08-02,,,,SPB,4,1.75,5.79,20.55,17.44,51.18
2026-08-02,,,,SPE,34,6.15,10.48,38.42,21.7,76.58
2026-08-02,Bắc Ninh,Hà Nội,Intra region,SPB,612,10.31,10.31,11.95,11.21,43.78
2026-08-02,Bắc Ninh,Hà Nội,Intra region,SPE,1519,8.85,14.06,12.25,9.83,44.31
2026-08-02,Hà Nội,An Giang,Cross region,SPB,292,7.2,13.04,58.74,21.31,100.05
2026-08-02,Hà Nội,An Giang,Cross region,SPE,2001,7.81,13.16,57.79,19.17,97.79
2026-08-02,Hà Nội,Bắc Ninh,Intra region,SPB,576,7.49,13.88,13.08,15.5,50.04
2026-08-02,Hà Nội,Bắc Ninh,Intra region,SPE,2763,8.32,13.6,12.46,15.7,50.11
2026-08-02,Hà Nội,Cần Thơ,Cross region,SPB,193,6.38,11.71,51.65,21.34,91.1
2026-08-02,Hà Nội,Cần Thơ,Cross region,SPE,1825,7.81,12.78,52.54,18.87,91.77
2026-08-02,Hà Nội,Gia Lai,Cross region,SPB,207,6.41,12.46,40.08,9.2,68.66
2026-08-02,Hà Nội,Gia Lai,Cross region,SPE,1484,7.52,13.33,40.73,10.52,72.05
2026-08-02,Hà Nội,Hà Nội,Intra city,SPB,1271,6.79,16.47,12.22,9.83,42.75
2026-08-02,Hà Nội,Hà Nội,Intra city,SPE,103,17.14,11.59,12.85,8.07,46.74
2026-08-02,Hà Nội,Hưng Yên,Intra region,SPB,436,6.91,13.07,12.85,12.93,45.34
2026-08-02,Hà Nội,Hưng Yên,Intra region,SPE,2616,8.06,13.63,13.08,13.7,48.04
2026-08-02,Hà Nội,Hải Phòng,Intra region,SPB,741,8.68,12.48,16.06,17.31,54.25
2026-08-02,Hà Nội,Hải Phòng,Intra region,SPE,3641,8.21,13.69,15.18,15.31,52.2
2026-08-02,Hà Nội,Hồ Chí Minh,Cross metro,SPB,1701,8.7,13.7,48.66,12.81,83.88
2026-08-02,Hà Nội,Hồ Chí Minh,Cross metro,SPE,3405,8.35,11.05,50.08,8.57,76.82
2026-08-02,Hà Nội,Lào Cai,Intra region,SPB,219,5.69,14.94,18.35,12.94,51.4
2026-08-02,Hà Nội,Lào Cai,Intra region,SPE,1248,7.53,13.47,18.84,18.49,58.64
2026-08-02,Hà Nội,Lâm Đồng,Cross region,SPB,347,7.52,15.66,52.96,18.67,94.25
2026-08-02,Hà Nội,Lâm Đồng,Cross region,SPE,1761,7.67,13.12,50.67,14.9,85.77
2026-08-02,Hà Nội,Nghệ An,Cross region,SPB,331,6.57,12.48,24.35,23.71,66.84
2026-08-02,Hà Nội,Nghệ An,Cross region,SPE,1999,7.88,14.25,25.38,21.53,68.57
2026-08-02,Hà Nội,Ninh Bình,Intra region,SPB,565,8.23,11.97,13.29,11.14,44.38
2026-08-02,Hà Nội,Ninh Bình,Intra region,SPE,3038,8.29,13.16,13.5,10.01,44.65
2026-08-02,Hà Nội,Phú Thọ,Intra region,SPB,526,7.96,13.62,14.44,12.86,48.53
2026-08-02,Hà Nội,Phú Thọ,Intra region,SPE,3035,7.88,13.66,13.62,11.89,46.98
2026-08-02,Hà Nội,Quảng Ninh,Intra region,SPB,366,7.54,13.42,19.72,14.97,55.51
2026-08-02,Hà Nội,Quảng Ninh,Intra region,SPE,1599,8.14,13.33,18.02,14.24,53.88
2026-08-02,Hà Nội,Thanh Hóa,Intra region,SPB,568,6.79,13.6,19.47,20.52,60.27
2026-08-02,Hà Nội,Thanh Hóa,Intra region,SPE,3153,8.05,13.69,19.93,16.67,58.3
2026-08-02,Hà Nội,Tây Ninh,Cross region,SPB,167,7.19,11.43,48.19,21.05,87.77
2026-08-02,Hà Nội,Tây Ninh,Cross region,SPE,1532,7.89,13.18,47.37,19.19,87.73
2026-08-02,Hà Nội,Đà Nẵng,Cross metro *,SPB,371,8.95,13.38,30.25,18.19,70.71
2026-08-02,Hà Nội,Đà Nẵng,Cross metro *,SPE,795,7.74,10.9,30.3,13.87,63.01
2026-08-02,Hà Nội,Đắk Lắk,Cross region,SPB,194,7.66,14.32,43.93,12.96,77.79
2026-08-02,Hà Nội,Đắk Lắk,Cross region,SPE,1297,7.4,13.52,43.77,14.31,78.43
2026-08-02,Hà Nội,Đồng Nai,Cross region,SPB,364,7.94,12.76,48.91,15.14,84.58
2026-08-02,Hà Nội,Đồng Nai,Cross region,SPE,2719,7.69,13.79,51.06,18.77,90.72
2026-08-02,Hồ Chí Minh,An Giang,Intra region,SPB,727,9.67,9.94,16.77,14.03,50.9
2026-08-02,Hồ Chí Minh,An Giang,Intra region,SPE,2814,7.97,12.87,17.57,16.2,54.39
2026-08-02,Hồ Chí Minh,Cà Mau,Intra region,SPB,333,9.41,8.78,17.94,16.44,53.03
2026-08-02,Hồ Chí Minh,Cà Mau,Intra region,SPE,1515,7.86,12.74,15.93,12.99,49.34
2026-08-02,Hồ Chí Minh,Cần Thơ,Intra region,SPB,616,9.74,9.71,13.75,12.09,45.45
2026-08-02,Hồ Chí Minh,Cần Thơ,Intra region,SPE,2634,8.03,12.79,14.76,12.58,48.05
2026-08-02,Hồ Chí Minh,Gia Lai,Cross region,SPB,343,11.09,7.48,30.29,12.27,61.61
2026-08-02,Hồ Chí Minh,Gia Lai,Cross region,SPE,1277,8.42,12.15,33.34,11.97,65.4
2026-08-02,Hồ Chí Minh,Hà Nội,Cross metro,SPB,1561,12.38,7.2,48.01,11.3,79.55
2026-08-02,Hồ Chí Minh,Hà Nội,Cross metro,SPE,1325,9.19,10.94,51.52,9.94,81.97
2026-08-02,Hồ Chí Minh,Hải Phòng,Cross region,SPB,323,12.98,7.94,50.61,18.97,91.24
2026-08-02,Hồ Chí Minh,Hải Phòng,Cross region,SPE,1457,8.77,11.91,55.95,18.22,94.49
2026-08-02,Hồ Chí Minh,Hồ Chí Minh,Intra city,SPB,3204,11.64,8.49,12.34,8.07,37.42
2026-08-02,Hồ Chí Minh,Hồ Chí Minh,Intra city,SPE,1513,8.35,11.66,15.35,9.59,44.95
2026-08-02,Hồ Chí Minh,Khánh Hòa,Cross region,SPB,386,11.62,9.5,22.77,13.06,57.48
2026-08-02,Hồ Chí Minh,Khánh Hòa,Cross region,SPE,895,8.67,12.07,21.81,13.32,55.46
2026-08-02,Hồ Chí Minh,Lâm Đồng,Cross region,SPB,690,10.37,9.92,18.8,13.55,52.95
2026-08-02,Hồ Chí Minh,Lâm Đồng,Cross region,SPE,2095,8.14,12.69,19.13,11.82,51.56
2026-08-02,Hồ Chí Minh,Ninh Bình,Cross region,SPB,213,11.5,8.99,44.57,15.05,80.71
2026-08-02,Hồ Chí Minh,Ninh Bình,Cross region,SPE,1025,8.33,11.69,49.62,14.18,83.93
2026-08-02,Hồ Chí Minh,Tây Ninh,Intra region,SPB,670,9.98,9.31,11.75,15.29,46.51
2026-08-02,Hồ Chí Minh,Tây Ninh,Intra region,SPE,2390,8.44,12.32,10.89,14.67,46.12
2026-08-02,Hồ Chí Minh,Vĩnh Long,Intra region,SPB,517,8.72,10.8,13.6,15.07,47.93
2026-08-02,Hồ Chí Minh,Vĩnh Long,Intra region,SPE,2073,7.9,12.27,14.24,13.98,48.11
2026-08-02,Hồ Chí Minh,Đà Nẵng,Cross metro *,SPB,524,10.04,8.24,33.52,13.6,65.97
2026-08-02,Hồ Chí Minh,Đà Nẵng,Cross metro *,SPE,411,9.39,11.43,34.88,14.5,70.57
2026-08-02,Hồ Chí Minh,Đắk Lắk,Cross region,SPB,319,10.45,8.91,26.79,13.73,60.18
2026-08-02,Hồ Chí Minh,Đắk Lắk,Cross region,SPE,1242,8.74,12.06,26.93,13.62,60.83
2026-08-02,Hồ Chí Minh,Đồng Nai,Intra region,SPB,1152,10.73,8.45,14.74,11.23,45.2
2026-08-02,Hồ Chí Minh,Đồng Nai,Intra region,SPE,4099,8.15,12.23,14.51,13.0,47.79
2026-08-02,Hồ Chí Minh,Đồng Tháp,Intra region,SPB,537,9.38,10.23,12.64,13.15,45.98
2026-08-02,Hồ Chí Minh,Đồng Tháp,Intra region,SPE,2063,8.08,11.88,13.19,13.42,46.6
2026-08-02,Đà Nẵng,Hà Nội,Cross metro *,SPB,78,10.89,4.41,31.09,12.68,58.97
2026-08-02,Đà Nẵng,Hà Nội,Cross metro *,SPE,31,4.29,9.13,34.78,9.17,57.12
2026-08-02,Đà Nẵng,Hồ Chí Minh,Cross metro *,SPB,122,7.34,8.72,38.78,9.3,64.09
2026-08-02,Đà Nẵng,Hồ Chí Minh,Cross metro *,SPE,34,4.5,10.66,39.51,6.75,61.44
2026-08-01,,,,SPB,8,2.51,4.59,47.67,15.11,67.8
2026-08-01,,,,SPE,26,3.88,10.92,35.7,25.51,76.03
2026-08-01,Bắc Ninh,Hà Nội,Intra region,SPB,2196,12.38,15.66,11.21,11.88,51.13
2026-08-01,Bắc Ninh,Hà Nội,Intra region,SPE,1868,9.43,12.63,11.58,12.27,45.64
2026-08-01,Hà Nội,An Giang,Cross region,SPB,454,4.06,11.9,57.04,20.2,93.07
2026-08-01,Hà Nội,An Giang,Cross region,SPE,2449,4.38,11.68,57.32,19.62,93.17
2026-08-01,Hà Nội,Bắc Ninh,Intra region,SPB,978,4.79,13.87,13.01,16.97,48.55
2026-08-01,Hà Nội,Bắc Ninh,Intra region,SPE,4032,4.85,11.46,11.5,17.52,45.68
2026-08-01,Hà Nội,Cần Thơ,Cross region,SPB,376,4.84,11.11,47.34,18.88,81.99
2026-08-01,Hà Nội,Cần Thơ,Cross region,SPE,2232,5.16,11.15,50.7,18.2,85.38
2026-08-01,Hà Nội,Gia Lai,Cross region,SPB,412,4.41,10.44,40.93,9.99,66.11
2026-08-01,Hà Nội,Gia Lai,Cross region,SPE,1839,4.85,10.83,42.69,10.19,68.75
2026-08-01,Hà Nội,Hà Nội,Intra city,SPB,3708,5.29,15.36,11.65,10.29,38.43
2026-08-01,Hà Nội,Hà Nội,Intra city,SPE,1610,3.21,8.73,10.58,13.95,36.37
2026-08-01,Hà Nội,Hưng Yên,Intra region,SPB,826,4.88,12.18,12.58,16.48,46.1
2026-08-01,Hà Nội,Hưng Yên,Intra region,SPE,3372,4.74,10.96,12.74,13.4,42.01
2026-08-01,Hà Nội,Hải Phòng,Intra region,SPB,1309,4.24,11.85,15.51,20.97,52.65
2026-08-01,Hà Nội,Hải Phòng,Intra region,SPE,5234,4.73,11.37,14.94,17.82,49.02
2026-08-01,Hà Nội,Hồ Chí Minh,Cross metro,SPB,3067,5.48,11.73,48.74,11.98,77.98
2026-08-01,Hà Nội,Hồ Chí Minh,Cross metro,SPE,4685,4.75,10.29,49.5,8.35,72.69
2026-08-01,Hà Nội,Lào Cai,Intra region,SPB,353,4.18,13.3,16.83,19.24,53.47
2026-08-01,Hà Nội,Lào Cai,Intra region,SPE,1723,4.44,11.69,18.05,18.38,52.95
2026-08-01,Hà Nội,Lâm Đồng,Cross region,SPB,625,4.38,12.62,53.81,18.45,89.18
2026-08-01,Hà Nội,Lâm Đồng,Cross region,SPE,2421,4.65,11.38,51.97,14.89,82.54
2026-08-01,Hà Nội,Nghệ An,Cross region,SPB,635,3.71,12.12,22.61,20.53,58.68
2026-08-01,Hà Nội,Nghệ An,Cross region,SPE,2290,5.34,11.34,25.0,21.88,63.67
2026-08-01,Hà Nội,Ninh Bình,Intra region,SPB,1027,4.31,12.08,12.36,11.58,40.35
2026-08-01,Hà Nội,Ninh Bình,Intra region,SPE,4221,4.6,11.15,13.11,10.63,39.44
2026-08-01,Hà Nội,Phú Thọ,Intra region,SPB,785,4.41,12.02,13.85,12.49,42.69
2026-08-01,Hà Nội,Phú Thọ,Intra region,SPE,4284,4.41,11.27,13.13,12.47,41.47
2026-08-01,Hà Nội,Quảng Ninh,Intra region,SPB,594,4.05,12.22,18.62,17.79,53.04
2026-08-01,Hà Nội,Quảng Ninh,Intra region,SPE,2315,4.64,11.64,17.12,15.66,49.46
2026-08-01,Hà Nội,Thanh Hóa,Intra region,SPB,899,5.08,13.61,18.7,17.56,54.9
2026-08-01,Hà Nội,Thanh Hóa,Intra region,SPE,4367,5.11,10.98,20.5,15.45,52.18
2026-08-01,Hà Nội,Tây Ninh,Cross region,SPB,356,3.56,12.92,48.04,20.33,84.73
2026-08-01,Hà Nội,Tây Ninh,Cross region,SPE,1934,4.81,12.06,46.77,19.96,83.41
2026-08-01,Hà Nội,Đà Nẵng,Cross metro *,SPB,746,4.41,10.83,29.37,16.27,60.92
2026-08-01,Hà Nội,Đà Nẵng,Cross metro *,SPE,1078,5.02,10.0,29.68,14.82,59.56
2026-08-01,Hà Nội,Đắk Lắk,Cross region,SPB,386,3.59,10.1,42.84,11.84,68.45
2026-08-01,Hà Nội,Đắk Lắk,Cross region,SPE,1818,4.65,11.25,44.49,12.68,72.95
2026-08-01,Hà Nội,Đồng Nai,Cross region,SPB,610,4.82,11.28,47.66,18.05,81.83
2026-08-01,Hà Nội,Đồng Nai,Cross region,SPE,3432,5.08,11.24,48.34,17.85,82.56
2026-08-01,Hồ Chí Minh,An Giang,Intra region,SPB,1641,6.0,9.36,17.48,14.29,47.29
2026-08-01,Hồ Chí Minh,An Giang,Intra region,SPE,4567,4.51,9.97,16.61,15.84,47.0
2026-08-01,Hồ Chí Minh,Cà Mau,Intra region,SPB,696,5.6,9.14,15.23,14.95,44.83
2026-08-01,Hồ Chí Minh,Cà Mau,Intra region,SPE,2322,4.39,9.92,15.09,13.91,43.36
2026-08-01,Hồ Chí Minh,Cần Thơ,Intra region,SPB,1328,6.33,7.88,13.55,11.96,39.92
2026-08-01,Hồ Chí Minh,Cần Thơ,Intra region,SPE,4389,4.89,10.22,14.08,12.27,41.52
2026-08-01,Hồ Chí Minh,Gia Lai,Cross region,SPB,810,9.82,6.46,31.0,13.19,60.48
2026-08-01,Hồ Chí Minh,Gia Lai,Cross region,SPE,1795,4.99,10.17,30.62,12.19,58.02
2026-08-01,Hồ Chí Minh,Hà Nội,Cross metro,SPB,2935,8.75,6.88,47.02,11.15,74.3
2026-08-01,Hồ Chí Minh,Hà Nội,Cross metro,SPE,2641,4.3,8.01,49.8,9.32,71.67
2026-08-01,Hồ Chí Minh,Hải Phòng,Cross region,SPB,726,8.94,7.04,49.54,18.64,84.78
2026-08-01,Hồ Chí Minh,Hải Phòng,Cross region,SPE,2143,5.65,10.16,54.07,17.96,87.59
2026-08-01,Hồ Chí Minh,Hồ Chí Minh,Intra city,SPB,9700,8.47,7.49,11.96,7.99,31.32
2026-08-01,Hồ Chí Minh,Hồ Chí Minh,Intra city,SPE,4198,3.84,8.32,13.75,12.15,38.26
2026-08-01,Hồ Chí Minh,Khánh Hòa,Cross region,SPB,977,7.73,7.65,22.33,15.46,53.22
2026-08-01,Hồ Chí Minh,Khánh Hòa,Cross region,SPE,1378,5.29,9.56,22.68,14.26,51.72
2026-08-01,Hồ Chí Minh,Lâm Đồng,Cross region,SPB,1860,8.36,8.53,18.76,14.11,49.88
2026-08-01,Hồ Chí Minh,Lâm Đồng,Cross region,SPE,3601,5.06,10.04,17.65,12.88,45.6
2026-08-01,Hồ Chí Minh,Ninh Bình,Cross region,SPB,517,8.91,7.26,43.57,12.31,72.89
2026-08-01,Hồ Chí Minh,Ninh Bình,Cross region,SPE,1470,4.75,9.81,46.61,12.51,73.68
2026-08-01,Hồ Chí Minh,Tây Ninh,Intra region,SPB,1492,7.14,7.75,11.14,15.42,41.58
2026-08-01,Hồ Chí Minh,Tây Ninh,Intra region,SPE,3805,4.51,9.79,10.61,17.2,42.18
2026-08-01,Hồ Chí Minh,Vĩnh Long,Intra region,SPB,1148,6.22,7.54,12.82,13.04,39.98
2026-08-01,Hồ Chí Minh,Vĩnh Long,Intra region,SPE,3334,4.6,9.85,13.41,14.49,42.26
2026-08-01,Hồ Chí Minh,Đà Nẵng,Cross metro *,SPB,1240,7.29,7.04,32.86,14.31,61.73
2026-08-01,Hồ Chí Minh,Đà Nẵng,Cross metro *,SPE,898,3.7,8.39,33.61,13.09,59.25
2026-08-01,Hồ Chí Minh,Đắk Lắk,Cross region,SPB,744,9.17,6.34,25.5,14.34,55.49
2026-08-01,Hồ Chí Minh,Đắk Lắk,Cross region,SPE,1844,5.22,9.7,25.81,14.06,54.62
2026-08-01,Hồ Chí Minh,Đồng Nai,Intra region,SPB,2698,7.96,7.42,13.47,11.78,40.72
2026-08-01,Hồ Chí Minh,Đồng Nai,Intra region,SPE,6681,4.84,9.88,14.27,14.68,43.82
2026-08-01,Hồ Chí Minh,Đồng Tháp,Intra region,SPB,1135,6.42,8.07,12.61,13.19,40.41
2026-08-01,Hồ Chí Minh,Đồng Tháp,Intra region,SPE,3298,4.64,10.06,12.85,14.29,41.94
2026-08-01,Đà Nẵng,Hà Nội,Cross metro *,SPB,187,7.37,4.05,32.46,13.72,57.54
2026-08-01,Đà Nẵng,Hà Nội,Cross metro *,SPE,54,1.95,9.37,33.99,10.61,55.94
2026-08-01,Đà Nẵng,Hồ Chí Minh,Cross metro *,SPB,202,7.63,4.62,36.14,9.38,57.69
2026-08-01,Đà Nẵng,Hồ Chí Minh,Cross metro *,SPE,82,2.79,10.23,36.73,9.13,59.07
2026-07-31,,,,SPB,5,2.86,9.77,33.97,38.34,84.97
2026-07-31,,,,SPE,25,2.25,9.56,40.03,20.96,72.83
2026-07-31,Bắc Ninh,Hà Nội,Intra region,SPB,648,9.73,9.38,10.93,12.03,42.08
2026-07-31,Bắc Ninh,Hà Nội,Intra region,SPE,1517,7.76,9.95,11.5,12.82,42.33
2026-07-31,Hà Nội,An Giang,Cross region,SPB,345,3.57,11.1,58.51,20.07,93.05
2026-07-31,Hà Nội,An Giang,Cross region,SPE,2067,3.54,11.19,56.65,18.15,89.45
2026-07-31,Hà Nội,Bắc Ninh,Intra region,SPB,560,3.41,12.01,13.73,17.81,47.42
2026-07-31,Hà Nội,Bắc Ninh,Intra region,SPE,3227,3.98,10.8,11.22,15.99,42.35
2026-07-31,Hà Nội,Cần Thơ,Cross region,SPB,261,3.39,10.46,49.16,20.84,84.39
2026-07-31,Hà Nội,Cần Thơ,Cross region,SPE,1913,3.83,11.19,50.26,18.46,84.15
2026-07-31,Hà Nội,Gia Lai,Cross region,SPB,235,3.44,10.73,39.8,10.53,64.66
2026-07-31,Hà Nội,Gia Lai,Cross region,SPE,1557,3.83,10.7,39.72,10.43,64.77
2026-07-31,Hà Nội,Hà Nội,Intra city,SPB,2705,3.46,12.15,11.6,11.76,37.45
2026-07-31,Hà Nội,Hà Nội,Intra city,SPE,1516,3.15,9.45,12.17,13.41,38.11
2026-07-31,Hà Nội,Hưng Yên,Intra region,SPB,485,5.04,11.08,12.84,16.37,45.76
2026-07-31,Hà Nội,Hưng Yên,Intra region,SPE,2557,3.76,10.71,12.16,13.35,40.32
2026-07-31,Hà Nội,Hải Phòng,Intra region,SPB,800,3.69,10.35,16.01,19.23,49.38
2026-07-31,Hà Nội,Hải Phòng,Intra region,SPE,3900,4.14,10.84,13.79,16.46,45.5
2026-07-31,Hà Nội,Hồ Chí Minh,Cross metro,SPB,1961,4.82,12.32,48.95,13.0,79.19
2026-07-31,Hà Nội,Hồ Chí Minh,Cross metro,SPE,4042,3.93,9.42,49.94,10.43,73.99
2026-07-31,Hà Nội,Lào Cai,Intra region,SPB,214,4.6,10.88,18.03,16.59,50.06
2026-07-31,Hà Nội,Lào Cai,Intra region,SPE,1358,3.25,10.37,18.47,18.39,51.48
2026-07-31,Hà Nội,Lâm Đồng,Cross region,SPB,378,3.5,12.53,51.81,17.66,85.72
2026-07-31,Hà Nội,Lâm Đồng,Cross region,SPE,2131,3.76,10.86,50.26,16.22,81.14
2026-07-31,Hà Nội,Nghệ An,Cross region,SPB,298,4.2,10.48,22.51,21.73,59.4
2026-07-31,Hà Nội,Nghệ An,Cross region,SPE,2004,3.4,10.74,24.87,24.27,63.64
2026-07-31,Hà Nội,Ninh Bình,Intra region,SPB,544,3.94,10.72,12.87,11.93,39.67
2026-07-31,Hà Nội,Ninh Bình,Intra region,SPE,3286,4.09,10.5,12.42,10.27,37.55
2026-07-31,Hà Nội,Phú Thọ,Intra region,SPB,514,3.4,11.93,12.93,12.79,41.07
2026-07-31,Hà Nội,Phú Thọ,Intra region,SPE,3603,3.73,10.84,12.99,12.27,40.35
2026-07-31,Hà Nội,Quảng Ninh,Intra region,SPB,359,3.34,11.09,19.95,17.54,52.15
2026-07-31,Hà Nội,Quảng Ninh,Intra region,SPE,1886,4.01,11.11,18.72,16.56,51.0
2026-07-31,Hà Nội,Thanh Hóa,Intra region,SPB,543,2.87,10.57,18.71,19.67,51.75
2026-07-31,Hà Nội,Thanh Hóa,Intra region,SPE,3392,3.64,10.65,20.83,18.47,54.15
2026-07-31,Hà Nội,Tây Ninh,Cross region,SPB,244,5.61,11.14,48.62,20.13,85.21
2026-07-31,Hà Nội,Tây Ninh,Cross region,SPE,1653,3.97,11.36,48.0,20.03,83.17
2026-07-31,Hà Nội,Đà Nẵng,Cross metro *,SPB,489,3.49,13.28,28.7,17.72,63.05
2026-07-31,Hà Nội,Đà Nẵng,Cross metro *,SPE,943,4.41,9.33,32.11,16.31,61.65
2026-07-31,Hà Nội,Đắk Lắk,Cross region,SPB,252,3.94,11.32,42.61,12.01,70.39
2026-07-31,Hà Nội,Đắk Lắk,Cross region,SPE,1550,3.76,10.59,43.78,11.99,70.1
2026-07-31,Hà Nội,Đồng Nai,Cross region,SPB,421,4.19,11.88,47.46,17.56,80.98
2026-07-31,Hà Nội,Đồng Nai,Cross region,SPE,2839,3.81,10.47,46.98,21.22,82.77
2026-07-31,Hồ Chí Minh,An Giang,Intra region,SPB,987,3.75,8.05,18.59,18.9,49.2
2026-07-31,Hồ Chí Minh,An Giang,Intra region,SPE,3266,4.44,9.23,16.01,15.94,45.56
2026-07-31,Hồ Chí Minh,Cà Mau,Intra region,SPB,449,4.47,9.38,14.95,17.28,46.49
2026-07-31,Hồ Chí Minh,Cà Mau,Intra region,SPE,1974,4.05,9.17,14.95,13.47,41.72
2026-07-31,Hồ Chí Minh,Cần Thơ,Intra region,SPB,832,4.19,7.86,13.8,11.86,37.85
2026-07-31,Hồ Chí Minh,Cần Thơ,Intra region,SPE,3030,4.47,9.15,13.59,12.08,39.28
2026-07-31,Hồ Chí Minh,Gia Lai,Cross region,SPB,355,4.66,6.49,29.71,14.28,54.83
2026-07-31,Hồ Chí Minh,Gia Lai,Cross region,SPE,1412,4.16,8.75,29.19,13.21,55.37
2026-07-31,Hồ Chí Minh,Hà Nội,Cross metro,SPB,1496,4.55,7.5,48.08,14.62,75.04
2026-07-31,Hồ Chí Minh,Hà Nội,Cross metro,SPE,1923,2.88,7.6,50.8,13.54,75.02
2026-07-31,Hồ Chí Minh,Hải Phòng,Cross region,SPB,336,4.58,6.73,52.0,19.65,82.78
2026-07-31,Hồ Chí Minh,Hải Phòng,Cross region,SPE,1624,4.35,8.76,54.23,18.04,85.39
2026-07-31,Hồ Chí Minh,Hồ Chí Minh,Intra city,SPB,6053,5.03,7.05,11.81,6.81,24.82
2026-07-31,Hồ Chí Minh,Hồ Chí Minh,Intra city,SPE,3522,2.86,7.93,13.86,10.49,35.22
2026-07-31,Hồ Chí Minh,Khánh Hòa,Cross region,SPB,424,5.0,8.05,22.66,13.81,49.46
2026-07-31,Hồ Chí Minh,Khánh Hòa,Cross region,SPE,1069,3.82,8.54,21.48,14.49,48.4
2026-07-31,Hồ Chí Minh,Lâm Đồng,Cross region,SPB,996,4.71,7.1,17.85,15.28,44.93
2026-07-31,Hồ Chí Minh,Lâm Đồng,Cross region,SPE,2652,4.07,8.95,17.31,13.17,43.37
2026-07-31,Hồ Chí Minh,Ninh Bình,Cross region,SPB,229,4.8,7.13,45.09,13.75,71.1
2026-07-31,Hồ Chí Minh,Ninh Bình,Cross region,SPE,1206,4.22,8.76,46.78,13.27,73.05
2026-07-31,Hồ Chí Minh,Tây Ninh,Intra region,SPB,937,4.26,6.92,11.79,15.6,38.6
2026-07-31,Hồ Chí Minh,Tây Ninh,Intra region,SPE,2901,4.26,8.84,11.32,15.78,40.09
2026-07-31,Hồ Chí Minh,Vĩnh Long,Intra region,SPB,674,3.88,7.86,12.6,13.86,38.24
2026-07-31,Hồ Chí Minh,Vĩnh Long,Intra region,SPE,2246,4.45,9.27,13.61,14.35,41.73
2026-07-31,Hồ Chí Minh,Đà Nẵng,Cross metro *,SPB,643,4.23,7.78,32.66,15.65,60.28
2026-07-31,Hồ Chí Minh,Đà Nẵng,Cross metro *,SPE,651,3.34,7.95,33.7,15.62,60.69
2026-07-31,Hồ Chí Minh,Đắk Lắk,Cross region,SPB,378,3.95,8.0,24.93,17.07,54.08
2026-07-31,Hồ Chí Minh,Đắk Lắk,Cross region,SPE,1411,3.98,8.33,24.88,15.91,53.32
2026-07-31,Hồ Chí Minh,Đồng Nai,Intra region,SPB,1468,4.21,8.31,13.7,11.95,38.13
2026-07-31,Hồ Chí Minh,Đồng Nai,Intra region,SPE,4789,4.32,9.08,13.96,13.3,40.54
2026-07-31,Hồ Chí Minh,Đồng Tháp,Intra region,SPB,780,3.93,7.5,12.66,13.59,37.7
2026-07-31,Hồ Chí Minh,Đồng Tháp,Intra region,SPE,2440,4.22,9.46,12.2,14.12,40.18
2026-07-31,Đà Nẵng,Hà Nội,Cross metro *,SPB,78,9.6,7.92,36.48,15.87,67.59
2026-07-31,Đà Nẵng,Hà Nội,Cross metro *,SPE,44,2.36,9.93,35.53,16.5,64.24
2026-07-31,Đà Nẵng,Hồ Chí Minh,Cross metro *,SPB,109,4.07,7.19,36.07,9.81,56.79
2026-07-31,Đà Nẵng,Hồ Chí Minh,Cross metro *,SPE,60,1.46,8.81,39.94,10.55,60.74
2026-07-30,,,,SPB,6,1.74,22.79,41.91,44.54,111.0
2026-07-30,,,,SPE,27,7.54,8.34,39.36,20.21,75.33
2026-07-30,Bắc Ninh,Hà Nội,Intra region,SPB,655,9.05,6.65,10.67,11.93,38.39
2026-07-30,Bắc Ninh,Hà Nội,Intra region,SPE,1539,7.63,9.29,11.22,10.98,39.06
2026-07-30,Hà Nội,An Giang,Cross region,SPB,376,4.23,10.45,57.36,18.84,90.8
2026-07-30,Hà Nội,An Giang,Cross region,SPE,2071,4.99,9.83,56.44,18.67,90.07
2026-07-30,Hà Nội,Bắc Ninh,Intra region,SPB,626,4.21,9.83,13.12,13.56,40.6
2026-07-30,Hà Nội,Bắc Ninh,Intra region,SPE,3537,4.9,9.83,11.33,15.32,41.68
2026-07-30,Hà Nội,Cần Thơ,Cross region,SPB,257,3.73,10.25,48.72,21.6,84.14
2026-07-30,Hà Nội,Cần Thơ,Cross region,SPE,1873,5.23,9.84,50.69,19.47,85.4
2026-07-30,Hà Nội,Gia Lai,Cross region,SPB,249,3.9,10.02,39.53,11.96,65.45
2026-07-30,Hà Nội,Gia Lai,Cross region,SPE,1574,4.81,9.29,40.98,10.42,65.28
2026-07-30,Hà Nội,Hà Nội,Intra city,SPB,3153,4.57,11.33,11.73,10.99,37.12
2026-07-30,Hà Nội,Hà Nội,Intra city,SPE,2081,4.32,8.88,11.74,11.04,36.37
2026-07-30,Hà Nội,Hưng Yên,Intra region,SPB,506,4.21,9.83,13.54,15.24,42.54
2026-07-30,Hà Nội,Hưng Yên,Intra region,SPE,2880,4.66,9.66,13.02,13.05,40.4
2026-07-30,Hà Nội,Hải Phòng,Intra region,SPB,826,4.41,9.81,15.7,18.9,48.62
2026-07-30,Hà Nội,Hải Phòng,Intra region,SPE,4221,4.81,10.01,14.09,14.9,43.82
2026-07-30,Hà Nội,Hồ Chí Minh,Cross metro,SPB,2056,5.4,11.16,48.35,12.97,77.57
2026-07-30,Hà Nội,Hồ Chí Minh,Cross metro,SPE,4331,5.0,8.57,50.23,10.6,73.65
2026-07-30,Hà Nội,Lào Cai,Intra region,SPB,223,4.23,10.44,18.08,20.43,52.93
2026-07-30,Hà Nội,Lào Cai,Intra region,SPE,1511,4.11,10.52,16.43,19.33,50.49
2026-07-30,Hà Nội,Lâm Đồng,Cross region,SPB,443,4.39,10.29,52.83,18.72,86.18
2026-07-30,Hà Nội,Lâm Đồng,Cross region,SPE,2194,4.87,9.73,53.12,16.46,83.72
2026-07-30,Hà Nội,Nghệ An,Cross region,SPB,323,4.52,9.57,23.03,23.33,60.44
2026-07-30,Hà Nội,Nghệ An,Cross region,SPE,1986,4.97,9.66,24.78,24.57,63.83
2026-07-30,Hà Nội,Ninh Bình,Intra region,SPB,639,4.64,9.51,13.99,11.28,39.34
2026-07-30,Hà Nội,Ninh Bình,Intra region,SPE,3414,4.65,9.37,13.49,9.81,37.1
2026-07-30,Hà Nội,Phú Thọ,Intra region,SPB,569,4.15,11.25,13.34,11.97,40.65
2026-07-30,Hà Nội,Phú Thọ,Intra region,SPE,3593,4.77,10.04,12.8,11.69,39.59
2026-07-30,Hà Nội,Quảng Ninh,Intra region,SPB,372,4.76,9.51,22.41,17.47,53.65
2026-07-30,Hà Nội,Quảng Ninh,Intra region,SPE,2002,4.74,9.65,18.19,15.58,48.01
2026-07-30,Hà Nội,Thanh Hóa,Intra region,SPB,504,4.59,8.37,17.33,16.99,47.29
2026-07-30,Hà Nội,Thanh Hóa,Intra region,SPE,3512,4.26,9.94,17.52,17.56,49.69
2026-07-30,Hà Nội,Tây Ninh,Cross region,SPB,224,4.67,9.51,47.59,20.5,82.28
2026-07-30,Hà Nội,Tây Ninh,Cross region,SPE,1729,4.5,9.74,47.69,22.05,84.02
2026-07-30,Hà Nội,Đà Nẵng,Cross metro *,SPB,481,4.59,11.57,29.81,17.73,63.31
2026-07-30,Hà Nội,Đà Nẵng,Cross metro *,SPE,1120,3.85,8.12,32.3,18.05,62.39
2026-07-30,Hà Nội,Đắk Lắk,Cross region,SPB,231,3.93,9.97,43.65,13.16,70.94
2026-07-30,Hà Nội,Đắk Lắk,Cross region,SPE,1523,5.33,9.42,45.77,14.76,74.69
2026-07-30,Hà Nội,Đồng Nai,Cross region,SPB,453,4.54,11.15,49.55,17.56,83.03
2026-07-30,Hà Nội,Đồng Nai,Cross region,SPE,2801,5.09,9.33,53.65,19.12,86.96
2026-07-30,Hồ Chí Minh,An Giang,Intra region,SPB,1187,5.32,7.7,18.32,16.11,47.5
2026-07-30,Hồ Chí Minh,An Giang,Intra region,SPE,3522,4.59,8.12,16.63,15.69,44.91
2026-07-30,Hồ Chí Minh,Cà Mau,Intra region,SPB,509,5.23,7.63,15.02,16.35,44.38
2026-07-30,Hồ Chí Minh,Cà Mau,Intra region,SPE,2021,5.03,8.25,14.68,13.22,40.82
2026-07-30,Hồ Chí Minh,Cần Thơ,Intra region,SPB,916,5.43,7.68,13.84,11.11,38.51
2026-07-30,Hồ Chí Minh,Cần Thơ,Intra region,SPE,3427,4.76,8.29,13.22,11.46,37.58
2026-07-30,Hồ Chí Minh,Gia Lai,Cross region,SPB,399,5.51,6.81,30.38,14.44,57.2
2026-07-30,Hồ Chí Minh,Gia Lai,Cross region,SPE,1478,4.86,7.65,30.46,12.12,54.89
2026-07-30,Hồ Chí Minh,Hà Nội,Cross metro,SPB,1454,5.79,7.95,49.18,15.01,77.95
2026-07-30,Hồ Chí Minh,Hà Nội,Cross metro,SPE,2004,3.61,6.92,49.79,14.43,74.88
2026-07-30,Hồ Chí Minh,Hải Phòng,Cross region,SPB,371,5.03,6.99,49.45,21.34,82.9
2026-07-30,Hồ Chí Minh,Hải Phòng,Cross region,SPE,1726,4.95,8.11,52.79,20.92,86.47
2026-07-30,Hồ Chí Minh,Hồ Chí Minh,Intra city,SPB,7140,6.01,6.91,12.02,6.18,25.04
2026-07-30,Hồ Chí Minh,Hồ Chí Minh,Intra city,SPE,4418,4.22,7.8,13.57,9.36,34.97
2026-07-30,Hồ Chí Minh,Khánh Hòa,Cross region,SPB,499,6.16,6.63,21.74,12.52,47.46
2026-07-30,Hồ Chí Minh,Khánh Hòa,Cross region,SPE,1282,5.01,8.2,21.14,14.24,48.7
2026-07-30,Hồ Chí Minh,Lâm Đồng,Cross region,SPB,1084,5.33,7.68,18.35,15.27,46.83
2026-07-30,Hồ Chí Minh,Lâm Đồng,Cross region,SPE,2888,5.15,7.91,17.23,12.83,42.89
2026-07-30,Hồ Chí Minh,Ninh Bình,Cross region,SPB,199,6.13,8.27,44.03,17.98,76.05
2026-07-30,Hồ Chí Minh,Ninh Bình,Cross region,SPE,1320,4.99,8.31,45.74,13.58,72.46
2026-07-30,Hồ Chí Minh,Tây Ninh,Intra region,SPB,1020,5.69,6.93,11.01,13.57,37.78
2026-07-30,Hồ Chí Minh,Tây Ninh,Intra region,SPE,3364,4.76,8.06,10.79,14.01,37.33
2026-07-30,Hồ Chí Minh,Vĩnh Long,Intra region,SPB,816,5.28,7.27,13.03,12.62,38.27
2026-07-30,Hồ Chí Minh,Vĩnh Long,Intra region,SPE,2608,4.67,7.85,13.41,14.36,40.18
2026-07-30,Hồ Chí Minh,Đà Nẵng,Cross metro *,SPB,682,4.81,8.0,33.67,15.12,61.62
2026-07-30,Hồ Chí Minh,Đà Nẵng,Cross metro *,SPE,778,3.52,7.27,33.63,13.91,58.53
2026-07-30,Hồ Chí Minh,Đắk Lắk,Cross region,SPB,380,6.11,6.37,25.41,15.71,53.94
2026-07-30,Hồ Chí Minh,Đắk Lắk,Cross region,SPE,1498,4.93,8.39,25.08,14.47,52.4
2026-07-30,Hồ Chí Minh,Đồng Nai,Intra region,SPB,1633,6.16,7.38,13.55,11.24,38.84
2026-07-30,Hồ Chí Minh,Đồng Nai,Intra region,SPE,5175,4.94,8.09,13.87,12.38,38.91
2026-07-30,Hồ Chí Minh,Đồng Tháp,Intra region,SPB,783,5.72,6.24,13.44,13.93,39.9
2026-07-30,Hồ Chí Minh,Đồng Tháp,Intra region,SPE,2743,4.91,7.84,12.1,12.26,36.91
2026-07-30,Đà Nẵng,Hà Nội,Cross metro *,SPB,104,6.54,7.36,33.25,15.42,61.39
2026-07-30,Đà Nẵng,Hà Nội,Cross metro *,SPE,41,1.08,6.8,37.75,11.93,57.67
2026-07-30,Đà Nẵng,Hồ Chí Minh,Cross metro *,SPB,102,5.48,6.89,35.72,11.83,59.59
2026-07-30,Đà Nẵng,Hồ Chí Minh,Cross metro *,SPE,73,0.81,10.07,36.72,11.5,58.95
2026-07-29,,,,SPB,4,2.37,8.42,21.73,33.69,66.23
2026-07-29,,,,SPE,27,4.53,8.77,29.27,16.28,61.27
2026-07-29,Bắc Ninh,Hà Nội,Intra region,SPB,647,7.7,11.03,11.14,10.81,40.77
2026-07-29,Bắc Ninh,Hà Nội,Intra region,SPE,1907,8.22,8.76,11.34,10.05,38.15
2026-07-29,Hà Nội,An Giang,Cross region,SPB,353,5.65,9.69,58.4,21.38,95.38
2026-07-29,Hà Nội,An Giang,Cross region,SPE,2679,4.16,9.34,56.27,19.55,89.28
2026-07-29,Hà Nội,Bắc Ninh,Intra region,SPB,630,4.47,10.74,12.66,15.57,43.38
2026-07-29,Hà Nội,Bắc Ninh,Intra region,SPE,4687,4.14,9.15,10.9,14.9,39.33
2026-07-29,Hà Nội,Cần Thơ,Cross region,SPB,279,4.7,10.86,49.29,19.16,84.03
2026-07-29,Hà Nội,Cần Thơ,Cross region,SPE,2516,3.97,9.5,49.49,18.46,81.58
2026-07-29,Hà Nội,Gia Lai,Cross region,SPB,274,4.93,10.15,40.25,10.82,65.82
2026-07-29,Hà Nội,Gia Lai,Cross region,SPE,2147,4.26,8.86,42.6,10.04,65.75
2026-07-29,Hà Nội,Hà Nội,Intra city,SPB,3240,5.11,10.91,11.64,10.19,36.35
2026-07-29,Hà Nội,Hà Nội,Intra city,SPE,1943,4.41,8.95,11.06,10.51,35.49
2026-07-29,Hà Nội,Hưng Yên,Intra region,SPB,543,4.9,10.76,12.78,16.05,44.64
2026-07-29,Hà Nội,Hưng Yên,Intra region,SPE,3815,4.06,9.12,12.17,12.71,38.09
2026-07-29,Hà Nội,Hải Phòng,Intra region,SPB,923,4.81,10.21,16.99,19.64,51.7
2026-07-29,Hà Nội,Hải Phòng,Intra region,SPE,5896,4.25,9.01,14.12,14.16,41.62
2026-07-29,Hà Nội,Hồ Chí Minh,Cross metro,SPB,2131,5.79,10.85,46.9,12.08,75.54
2026-07-29,Hà Nội,Hồ Chí Minh,Cross metro,SPE,4310,4.35,9.09,48.13,9.64,70.99
2026-07-29,Hà Nội,Lào Cai,Intra region,SPB,234,3.56,9.01,17.01,20.17,49.79
2026-07-29,Hà Nội,Lào Cai,Intra region,SPE,2009,3.62,9.49,16.11,18.1,47.52
2026-07-29,Hà Nội,Lâm Đồng,Cross region,SPB,452,5.35,10.2,49.77,18.79,84.04
2026-07-29,Hà Nội,Lâm Đồng,Cross region,SPE,3056,4.09,9.01,49.24,15.63,77.84
2026-07-29,Hà Nội,Nghệ An,Cross region,SPB,368,4.16,9.54,20.12,20.63,54.46
2026-07-29,Hà Nội,Nghệ An,Cross region,SPE,2525,4.24,8.87,23.88,23.51,60.58
2026-07-29,Hà Nội,Ninh Bình,Intra region,SPB,684,5.73,10.07,12.79,11.48,40.02
2026-07-29,Hà Nội,Ninh Bình,Intra region,SPE,4857,4.1,9.08,12.92,9.69,35.73
2026-07-29,Hà Nội,Phú Thọ,Intra region,SPB,554,4.84,10.66,13.9,13.63,43.02
2026-07-29,Hà Nội,Phú Thọ,Intra region,SPE,4797,4.19,9.16,12.91,12.15,38.62
2026-07-29,Hà Nội,Quảng Ninh,Intra region,SPB,401,4.17,12.26,19.3,16.7,52.5
2026-07-29,Hà Nội,Quảng Ninh,Intra region,SPE,2621,4.5,8.74,17.07,15.4,45.97
2026-07-29,Hà Nội,Thanh Hóa,Intra region,SPB,639,4.3,9.97,18.51,19.68,52.33
2026-07-29,Hà Nội,Thanh Hóa,Intra region,SPE,4576,4.18,9.0,17.49,19.09,50.0
2026-07-29,Hà Nội,Tây Ninh,Cross region,SPB,274,4.72,9.63,49.24,20.28,83.62
2026-07-29,Hà Nội,Tây Ninh,Cross region,SPE,2397,4.16,9.02,47.6,19.33,79.99
2026-07-29,Hà Nội,Đà Nẵng,Cross metro *,SPB,540,6.17,10.59,28.41,16.05,61.68
2026-07-29,Hà Nội,Đà Nẵng,Cross metro *,SPE,1156,3.94,8.58,29.53,15.53,58.03
2026-07-29,Hà Nội,Đắk Lắk,Cross region,SPB,278,3.54,9.87,41.91,14.19,69.41
2026-07-29,Hà Nội,Đắk Lắk,Cross region,SPE,2052,3.88,8.9,43.29,13.9,69.86
2026-07-29,Hà Nội,Đồng Nai,Cross region,SPB,493,5.43,10.75,48.05,17.44,81.85
2026-07-29,Hà Nội,Đồng Nai,Cross region,SPE,3986,4.05,9.25,49.66,18.68,81.71
2026-07-29,Hồ Chí Minh,An Giang,Intra region,SPB,1167,4.66,7.73,18.34,17.39,48.2
2026-07-29,Hồ Chí Minh,An Giang,Intra region,SPE,4811,4.78,8.03,16.3,15.67,44.66
2026-07-29,Hồ Chí Minh,Cà Mau,Intra region,SPB,503,5.24,8.25,15.89,15.83,45.49
2026-07-29,Hồ Chí Minh,Cà Mau,Intra region,SPE,2783,4.69,8.0,14.72,13.05,40.55
2026-07-29,Hồ Chí Minh,Cần Thơ,Intra region,SPB,869,4.73,7.14,13.99,11.21,37.21
2026-07-29,Hồ Chí Minh,Cần Thơ,Intra region,SPE,4726,4.78,7.97,13.54,10.95,36.97
2026-07-29,Hồ Chí Minh,Gia Lai,Cross region,SPB,402,5.41,7.0,30.07,13.28,55.9
2026-07-29,Hồ Chí Minh,Gia Lai,Cross region,SPE,2103,4.68,7.96,30.17,11.77,54.04
2026-07-29,Hồ Chí Minh,Hà Nội,Cross metro,SPB,1562,5.45,7.57,46.68,12.58,72.54
2026-07-29,Hồ Chí Minh,Hà Nội,Cross metro,SPE,2175,3.95,7.74,48.72,11.08,71.69
2026-07-29,Hồ Chí Minh,Hải Phòng,Cross region,SPB,421,5.3,6.92,48.92,20.0,81.6
2026-07-29,Hồ Chí Minh,Hải Phòng,Cross region,SPE,2463,4.46,8.01,53.25,18.45,83.84
2026-07-29,Hồ Chí Minh,Hồ Chí Minh,Intra city,SPB,7119,5.63,6.53,11.94,6.06,24.28
2026-07-29,Hồ Chí Minh,Hồ Chí Minh,Intra city,SPE,4292,3.64,7.56,13.61,9.16,34.5
2026-07-29,Hồ Chí Minh,Khánh Hòa,Cross region,SPB,493,5.07,6.5,22.36,14.48,48.59
2026-07-29,Hồ Chí Minh,Khánh Hòa,Cross region,SPE,1631,4.45,8.06,22.09,13.62,48.09
2026-07-29,Hồ Chí Minh,Lâm Đồng,Cross region,SPB,1072,4.87,7.41,18.82,12.81,43.94
2026-07-29,Hồ Chí Minh,Lâm Đồng,Cross region,SPE,4197,4.86,7.86,17.36,12.8,42.73
2026-07-29,Hồ Chí Minh,Ninh Bình,Cross region,SPB,260,4.49,7.96,43.44,14.27,70.15
2026-07-29,Hồ Chí Minh,Ninh Bình,Cross region,SPE,1812,4.42,7.87,46.94,11.85,70.86
2026-07-29,Hồ Chí Minh,Tây Ninh,Intra region,SPB,1104,4.83,7.03,11.06,14.21,37.18
2026-07-29,Hồ Chí Minh,Tây Ninh,Intra region,SPE,4927,4.62,7.91,10.62,13.33,36.35
2026-07-29,Hồ Chí Minh,Vĩnh Long,Intra region,SPB,754,4.8,7.44,15.96,12.65,40.72
2026-07-29,Hồ Chí Minh,Vĩnh Long,Intra region,SPE,3829,4.61,7.89,13.05,13.61,38.94
2026-07-29,Hồ Chí Minh,Đà Nẵng,Cross metro *,SPB,684,4.57,7.65,34.36,13.1,59.68
2026-07-29,Hồ Chí Minh,Đà Nẵng,Cross metro *,SPE,823,3.35,7.61,34.32,11.45,56.74
2026-07-29,Hồ Chí Minh,Đắk Lắk,Cross region,SPB,406,5.38,7.61,24.52,17.0,54.39
2026-07-29,Hồ Chí Minh,Đắk Lắk,Cross region,SPE,2138,4.65,7.71,24.32,14.87,51.41
2026-07-29,Hồ Chí Minh,Đồng Nai,Intra region,SPB,1695,4.97,7.33,13.91,11.42,37.59
2026-07-29,Hồ Chí Minh,Đồng Nai,Intra region,SPE,7834,4.62,7.81,13.88,12.19,38.23
2026-07-29,Hồ Chí Minh,Đồng Tháp,Intra region,SPB,853,5.42,7.3,13.11,12.98,38.62
2026-07-29,Hồ Chí Minh,Đồng Tháp,Intra region,SPE,3866,4.57,7.91,12.0,12.57,36.84
2026-07-29,Đà Nẵng,Hà Nội,Cross metro *,SPB,75,4.84,5.45,30.49,14.2,54.74
2026-07-29,Đà Nẵng,Hà Nội,Cross metro *,SPE,38,1.35,9.52,33.0,12.19,56.09
2026-07-29,Đà Nẵng,Hồ Chí Minh,Cross metro *,SPB,111,3.91,7.68,37.74,13.45,63.21
2026-07-29,Đà Nẵng,Hồ Chí Minh,Cross metro *,SPE,87,1.76,10.55,40.6,8.81,62.96
2026-07-28,,,,SPB,6,2.18,14.09,32.49,28.19,76.97
2026-07-28,,,,SPE,41,5.5,8.27,28.96,36.26,78.77
2026-07-28,Bắc Ninh,Hà Nội,Intra region,SPB,597,8.78,8.23,11.34,10.77,39.23
2026-07-28,Bắc Ninh,Hà Nội,Intra region,SPE,1800,7.72,10.91,11.59,10.41,40.65
2026-07-28,Hà Nội,An Giang,Cross region,SPB,331,4.5,11.19,59.02,20.7,95.24
2026-07-28,Hà Nội,An Giang,Cross region,SPE,2071,4.29,10.31,56.24,18.29,89.13
2026-07-28,Hà Nội,Bắc Ninh,Intra region,SPB,638,3.78,10.65,13.71,16.48,44.69
2026-07-28,Hà Nội,Bắc Ninh,Intra region,SPE,4101,4.26,10.4,11.32,15.97,42.24
2026-07-28,Hà Nội,Cần Thơ,Cross region,SPB,253,3.89,10.25,49.5,19.16,82.69
2026-07-28,Hà Nội,Cần Thơ,Cross region,SPE,1970,4.65,10.27,50.67,17.77,83.24
2026-07-28,Hà Nội,Gia Lai,Cross region,SPB,267,3.87,10.86,38.78,10.29,63.55
2026-07-28,Hà Nội,Gia Lai,Cross region,SPE,1707,4.31,9.77,40.65,10.68,65.39
2026-07-28,Hà Nội,Hà Nội,Intra city,SPB,2885,4.71,10.23,12.07,10.16,36.07
2026-07-28,Hà Nội,Hà Nội,Intra city,SPE,1768,3.75,9.31,11.23,10.7,35.54
2026-07-28,Hà Nội,Hưng Yên,Intra region,SPB,540,4.33,10.31,12.45,16.51,43.39
2026-07-28,Hà Nội,Hưng Yên,Intra region,SPE,3152,4.31,9.76,12.12,13.16,39.24
2026-07-28,Hà Nội,Hải Phòng,Intra region,SPB,874,4.1,9.5,16.33,19.34,49.22
2026-07-28,Hà Nội,Hải Phòng,Intra region,SPE,4634,4.41,10.2,14.37,15.19,44.26
2026-07-28,Hà Nội,Hồ Chí Minh,Cross metro,SPB,2120,4.92,10.65,47.02,12.49,74.83
2026-07-28,Hà Nội,Hồ Chí Minh,Cross metro,SPE,4474,4.44,8.77,49.09,8.49,70.91
2026-07-28,Hà Nội,Lào Cai,Intra region,SPB,249,4.82,10.0,17.07,23.3,54.81
2026-07-28,Hà Nội,Lào Cai,Intra region,SPE,1658,4.23,10.42,15.83,17.32,48.02
2026-07-28,Hà Nội,Lâm Đồng,Cross region,SPB,488,4.94,10.72,49.83,18.44,83.52
2026-07-28,Hà Nội,Lâm Đồng,Cross region,SPE,2655,4.15,10.12,50.29,16.88,81.3
2026-07-28,Hà Nội,Nghệ An,Cross region,SPB,351,4.94,10.14,20.81,22.97,58.48
2026-07-28,Hà Nội,Nghệ An,Cross region,SPE,2002,4.87,9.98,22.35,24.99,62.2
2026-07-28,Hà Nội,Ninh Bình,Intra region,SPB,626,3.4,9.43,12.45,10.41,35.77
2026-07-28,Hà Nội,Ninh Bình,Intra region,SPE,3851,4.24,10.2,12.24,9.72,36.26
2026-07-28,Hà Nội,Phú Thọ,Intra region,SPB,553,3.63,9.01,15.05,14.54,42.06
2026-07-28,Hà Nội,Phú Thọ,Intra region,SPE,4197,3.97,10.45,14.14,13.48,42.14
2026-07-28,Hà Nội,Quảng Ninh,Intra region,SPB,416,3.77,9.69,20.42,17.77,51.36
2026-07-28,Hà Nội,Quảng Ninh,Intra region,SPE,2446,3.8,9.96,19.88,15.26,48.98
2026-07-28,Hà Nội,Thanh Hóa,Intra region,SPB,560,3.84,12.06,19.01,20.99,55.41
2026-07-28,Hà Nội,Thanh Hóa,Intra region,SPE,3668,4.08,10.11,19.27,18.73,52.11
2026-07-28,Hà Nội,Tây Ninh,Cross region,SPB,273,3.73,9.85,48.07,19.53,81.36
2026-07-28,Hà Nội,Tây Ninh,Cross region,SPE,1893,4.98,10.5,48.6,18.31,82.14
2026-07-28,Hà Nội,Đà Nẵng,Cross metro *,SPB,520,5.02,9.32,29.66,15.35,59.5
2026-07-28,Hà Nội,Đà Nẵng,Cross metro *,SPE,1025,3.68,9.29,30.58,14.36,58.24
2026-07-28,Hà Nội,Đắk Lắk,Cross region,SPB,267,3.66,9.22,40.88,13.01,66.2
2026-07-28,Hà Nội,Đắk Lắk,Cross region,SPE,1613,4.34,9.94,43.28,14.46,72.15
2026-07-28,Hà Nội,Đồng Nai,Cross region,SPB,441,4.18,10.12,49.32,18.39,82.13
2026-07-28,Hà Nội,Đồng Nai,Cross region,SPE,3369,4.44,10.32,50.51,17.34,82.5
2026-07-28,Hồ Chí Minh,An Giang,Intra region,SPB,1204,4.68,8.43,17.94,17.45,48.6
2026-07-28,Hồ Chí Minh,An Giang,Intra region,SPE,3901,4.16,8.74,15.16,15.03,43.1
2026-07-28,Hồ Chí Minh,Cà Mau,Intra region,SPB,492,5.11,8.16,14.78,16.47,44.63
2026-07-28,Hồ Chí Minh,Cà Mau,Intra region,SPE,2130,4.27,9.28,14.69,14.02,42.19
2026-07-28,Hồ Chí Minh,Cần Thơ,Intra region,SPB,898,5.11,7.91,13.11,9.31,35.74
2026-07-28,Hồ Chí Minh,Cần Thơ,Intra region,SPE,3900,4.56,9.04,13.36,10.13,36.88
2026-07-28,Hồ Chí Minh,Gia Lai,Cross region,SPB,441,5.85,7.84,29.12,13.71,56.42
2026-07-28,Hồ Chí Minh,Gia Lai,Cross region,SPE,1702,4.85,8.13,29.37,12.61,54.72
2026-07-28,Hồ Chí Minh,Hà Nội,Cross metro,SPB,1593,5.74,7.88,47.82,12.24,73.98
2026-07-28,Hồ Chí Minh,Hà Nội,Cross metro,SPE,2190,3.59,7.09,50.13,10.29,71.24
2026-07-28,Hồ Chí Minh,Hải Phòng,Cross region,SPB,381,5.04,7.95,49.64,22.11,84.89
2026-07-28,Hồ Chí Minh,Hải Phòng,Cross region,SPE,1962,4.72,8.7,52.63,18.17,84.14
2026-07-28,Hồ Chí Minh,Hồ Chí Minh,Intra city,SPB,6947,5.8,6.61,11.6,6.15,24.41
2026-07-28,Hồ Chí Minh,Hồ Chí Minh,Intra city,SPE,4188,3.98,9.18,13.04,9.05,35.09
2026-07-28,Hồ Chí Minh,Khánh Hòa,Cross region,SPB,508,5.72,7.09,22.19,14.77,49.73
2026-07-28,Hồ Chí Minh,Khánh Hòa,Cross region,SPE,1390,5.07,9.02,20.44,14.12,48.43
2026-07-28,Hồ Chí Minh,Lâm Đồng,Cross region,SPB,1086,5.29,7.94,18.86,14.22,46.55
2026-07-28,Hồ Chí Minh,Lâm Đồng,Cross region,SPE,3497,4.27,8.4,17.21,14.3,44.24
2026-07-28,Hồ Chí Minh,Ninh Bình,Cross region,SPB,267,5.16,8.07,44.1,12.9,70.03
2026-07-28,Hồ Chí Minh,Ninh Bình,Cross region,SPE,1454,4.46,8.62,47.1,13.08,72.97
2026-07-28,Hồ Chí Minh,Tây Ninh,Intra region,SPB,1072,4.87,7.23,11.85,15.0,39.38
2026-07-28,Hồ Chí Minh,Tây Ninh,Intra region,SPE,3781,4.7,8.39,10.52,13.92,37.37
2026-07-28,Hồ Chí Minh,Vĩnh Long,Intra region,SPB,826,4.71,7.37,14.33,13.32,39.92
2026-07-28,Hồ Chí Minh,Vĩnh Long,Intra region,SPE,2999,4.5,8.75,12.72,13.23,39.08
2026-07-28,Hồ Chí Minh,Đà Nẵng,Cross metro *,SPB,692,4.69,7.13,32.71,14.87,59.65
2026-07-28,Hồ Chí Minh,Đà Nẵng,Cross metro *,SPE,803,3.6,7.28,33.68,13.19,57.99
2026-07-28,Hồ Chí Minh,Đắk Lắk,Cross region,SPB,432,6.09,7.01,26.43,15.9,55.48
2026-07-28,Hồ Chí Minh,Đắk Lắk,Cross region,SPE,1723,4.77,8.66,24.61,14.28,52.06
2026-07-28,Hồ Chí Minh,Đồng Nai,Intra region,SPB,1705,5.53,7.65,13.22,11.65,38.17
2026-07-28,Hồ Chí Minh,Đồng Nai,Intra region,SPE,6472,4.41,8.71,13.97,12.7,39.57
2026-07-28,Hồ Chí Minh,Đồng Tháp,Intra region,SPB,802,5.23,7.4,12.69,13.02,38.5
2026-07-28,Hồ Chí Minh,Đồng Tháp,Intra region,SPE,3041,4.58,8.55,12.08,12.94,38.04
2026-07-28,Đà Nẵng,Hà Nội,Cross metro *,SPB,102,4.93,6.07,30.3,12.92,54.28
2026-07-28,Đà Nẵng,Hà Nội,Cross metro *,SPE,60,3.28,8.31,34.63,10.64,56.22
2026-07-28,Đà Nẵng,Hồ Chí Minh,Cross metro *,SPB,100,5.2,6.05,35.1,9.47,56.06
2026-07-28,Đà Nẵng,Hồ Chí Minh,Cross metro *,SPE,72,1.58,14.12,37.5,12.46,65.34
2026-07-27,,,,SPB,8,3.34,12.37,33.47,16.23,67.94
2026-07-27,,,,SPE,43,3.47,9.22,32.05,29.82,76.24
2026-07-27,Bắc Ninh,Hà Nội,Intra region,SPB,697,8.22,10.64,12.35,10.97,42.44
2026-07-27,Bắc Ninh,Hà Nội,Intra region,SPE,2333,7.15,12.1,11.94,10.33,41.63
2026-07-27,Hà Nội,An Giang,Cross region,SPB,456,6.3,12.31,58.35,20.89,97.16
2026-07-27,Hà Nội,An Giang,Cross region,SPE,2833,3.87,11.4,55.51,18.95,89.73
2026-07-27,Hà Nội,Bắc Ninh,Intra region,SPB,743,4.38,11.68,13.31,18.36,47.63
2026-07-27,Hà Nội,Bắc Ninh,Intra region,SPE,5347,3.73,10.59,11.89,16.93,43.59
2026-07-27,Hà Nội,Cần Thơ,Cross region,SPB,317,5.28,11.97,49.74,19.34,86.37
2026-07-27,Hà Nội,Cần Thơ,Cross region,SPE,2608,3.83,10.89,51.08,16.47,82.85
2026-07-27,Hà Nội,Gia Lai,Cross region,SPB,323,4.03,11.16,39.42,13.18,68.21
2026-07-27,Hà Nội,Gia Lai,Cross region,SPE,2109,3.62,10.32,39.71,10.73,64.25
2026-07-27,Hà Nội,Hà Nội,Intra city,SPB,4696,4.45,10.65,12.65,10.17,36.27
2026-07-27,Hà Nội,Hà Nội,Intra city,SPE,3363,3.9,11.03,13.98,10.46,39.19
2026-07-27,Hà Nội,Hưng Yên,Intra region,SPB,663,4.71,11.31,13.48,14.87,44.34
2026-07-27,Hà Nội,Hưng Yên,Intra region,SPE,4314,3.71,10.71,13.17,13.94,41.46
2026-07-27,Hà Nội,Hải Phòng,Intra region,SPB,1054,4.6,11.07,17.79,18.84,52.37
2026-07-27,Hà Nội,Hải Phòng,Intra region,SPE,6491,3.69,10.77,15.1,15.75,45.34
2026-07-27,Hà Nội,Hồ Chí Minh,Cross metro,SPB,2593,6.12,11.47,47.81,12.31,77.67
2026-07-27,Hà Nội,Hồ Chí Minh,Cross metro,SPE,5290,4.05,10.25,49.48,8.83,72.71
2026-07-27,Hà Nội,Lào Cai,Intra region,SPB,292,3.99,11.47,17.57,17.7,50.45
2026-07-27,Hà Nội,Lào Cai,Intra region,SPE,2188,3.55,11.05,17.65,19.92,52.26
2026-07-27,Hà Nội,Lâm Đồng,Cross region,SPB,504,4.37,11.6,53.22,15.64,84.8
2026-07-27,Hà Nội,Lâm Đồng,Cross region,SPE,3496,3.91,10.53,52.17,17.65,84.37
2026-07-27,Hà Nội,Nghệ An,Cross region,SPB,470,3.48,10.97,21.78,20.38,56.78
2026-07-27,Hà Nội,Nghệ An,Cross region,SPE,2793,3.68,10.78,24.51,23.31,62.69
2026-07-27,Hà Nội,Ninh Bình,Intra region,SPB,810,4.16,11.28,12.87,11.26,39.49
2026-07-27,Hà Nội,Ninh Bình,Intra region,SPE,5287,3.78,10.69,12.79,10.7,37.96
2026-07-27,Hà Nội,Phú Thọ,Intra region,SPB,620,4.12,10.32,14.73,12.38,41.5
2026-07-27,Hà Nội,Phú Thọ,Intra region,SPE,5456,3.71,11.07,14.11,13.02,42.32
2026-07-27,Hà Nội,Quảng Ninh,Intra region,SPB,533,4.35,10.34,20.23,16.9,52.2
2026-07-27,Hà Nội,Quảng Ninh,Intra region,SPE,3488,3.68,10.67,18.98,17.07,50.7
2026-07-27,Hà Nội,Thanh Hóa,Intra region,SPB,666,3.27,10.08,18.56,18.55,50.72
2026-07-27,Hà Nội,Thanh Hóa,Intra region,SPE,5039,3.5,10.6,20.42,20.03,54.66
2026-07-27,Hà Nội,Tây Ninh,Cross region,SPB,307,4.42,9.58,48.18,18.89,81.42
2026-07-27,Hà Nội,Tây Ninh,Cross region,SPE,2415,3.5,10.91,47.35,18.33,80.04
2026-07-27,Hà Nội,Đà Nẵng,Cross metro *,SPB,608,5.32,11.89,31.06,16.36,64.5
2026-07-27,Hà Nội,Đà Nẵng,Cross metro *,SPE,1307,3.03,9.97,33.28,14.64,60.85
2026-07-27,Hà Nội,Đắk Lắk,Cross region,SPB,355,5.09,10.75,45.83,13.09,74.49
2026-07-27,Hà Nội,Đắk Lắk,Cross region,SPE,2094,3.94,10.53,45.23,13.75,73.19
2026-07-27,Hà Nội,Đồng Nai,Cross region,SPB,603,4.94,10.49,49.26,16.84,81.56
2026-07-27,Hà Nội,Đồng Nai,Cross region,SPE,4456,4.06,10.67,51.46,17.42,83.52
2026-07-27,Hồ Chí Minh,An Giang,Intra region,SPB,1513,4.66,9.32,17.67,15.55,47.36
2026-07-27,Hồ Chí Minh,An Giang,Intra region,SPE,5338,3.62,9.15,15.81,16.3,44.91
2026-07-27,Hồ Chí Minh,Cà Mau,Intra region,SPB,547,4.91,8.32,15.8,16.67,46.27
2026-07-27,Hồ Chí Minh,Cà Mau,Intra region,SPE,2917,3.98,9.14,14.99,13.84,41.77
2026-07-27,Hồ Chí Minh,Cần Thơ,Intra region,SPB,1086,5.16,8.28,13.21,10.26,36.95
2026-07-27,Hồ Chí Minh,Cần Thơ,Intra region,SPE,5348,3.74,9.17,13.43,11.03,37.23
2026-07-27,Hồ Chí Minh,Gia Lai,Cross region,SPB,641,4.85,7.74,30.12,14.11,56.67
2026-07-27,Hồ Chí Minh,Gia Lai,Cross region,SPE,2202,3.76,9.11,31.27,10.77,54.51
2026-07-27,Hồ Chí Minh,Hà Nội,Cross metro,SPB,2266,5.51,7.79,45.99,11.28,70.95
2026-07-27,Hồ Chí Minh,Hà Nội,Cross metro,SPE,3090,3.12,8.63,50.46,10.01,72.08
2026-07-27,Hồ Chí Minh,Hải Phòng,Cross region,SPB,556,5.42,9.52,48.39,20.56,84.13
2026-07-27,Hồ Chí Minh,Hải Phòng,Cross region,SPE,2940,3.48,9.5,51.26,18.07,82.4
2026-07-27,Hồ Chí Minh,Hồ Chí Minh,Intra city,SPB,10136,5.88,7.62,12.04,6.15,24.49
2026-07-27,Hồ Chí Minh,Hồ Chí Minh,Intra city,SPE,6273,4.15,8.72,13.4,9.2,35.4
2026-07-27,Hồ Chí Minh,Khánh Hòa,Cross region,SPB,650,5.25,7.72,21.69,15.23,50.1
2026-07-27,Hồ Chí Minh,Khánh Hòa,Cross region,SPE,1874,4.07,8.59,21.72,14.26,48.4
2026-07-27,Hồ Chí Minh,Lâm Đồng,Cross region,SPB,1389,4.61,9.43,20.6,14.62,49.44
2026-07-27,Hồ Chí Minh,Lâm Đồng,Cross region,SPE,4922,3.68,9.41,17.73,14.9,45.63
2026-07-27,Hồ Chí Minh,Ninh Bình,Cross region,SPB,384,4.69,9.25,42.02,13.42,70.2
2026-07-27,Hồ Chí Minh,Ninh Bình,Cross region,SPE,2070,3.71,9.02,44.79,13.29,70.82
2026-07-27,Hồ Chí Minh,Tây Ninh,Intra region,SPB,1357,4.76,8.19,10.95,14.46,38.53
2026-07-27,Hồ Chí Minh,Tây Ninh,Intra region,SPE,5011,3.75,8.88,10.49,12.92,35.94
2026-07-27,Hồ Chí Minh,Vĩnh Long,Intra region,SPB,933,4.5,8.7,13.12,12.65,39.37
2026-07-27,Hồ Chí Minh,Vĩnh Long,Intra region,SPE,4009,3.78,9.05,13.13,12.98,38.91
2026-07-27,Hồ Chí Minh,Đà Nẵng,Cross metro *,SPB,983,4.71,7.72,32.72,15.8,61.18
2026-07-27,Hồ Chí Minh,Đà Nẵng,Cross metro *,SPE,1128,3.62,9.03,33.28,13.56,59.39
2026-07-27,Hồ Chí Minh,Đắk Lắk,Cross region,SPB,562,4.75,8.29,26.99,14.02,54.12
2026-07-27,Hồ Chí Minh,Đắk Lắk,Cross region,SPE,2266,3.87,9.16,26.82,14.2,54.04
2026-07-27,Hồ Chí Minh,Đồng Nai,Intra region,SPB,1970,5.27,9.14,13.59,12.19,40.48
2026-07-27,Hồ Chí Minh,Đồng Nai,Intra region,SPE,8635,3.78,9.09,14.11,14.37,41.21
2026-07-27,Hồ Chí Minh,Đồng Tháp,Intra region,SPB,1032,4.9,8.42,12.97,14.06,40.4
2026-07-27,Hồ Chí Minh,Đồng Tháp,Intra region,SPE,4029,3.85,8.85,12.36,12.83,37.86
2026-07-27,Đà Nẵng,Hà Nội,Cross metro *,SPB,144,6.55,4.66,28.95,12.08,52.27
2026-07-27,Đà Nẵng,Hà Nội,Cross metro *,SPE,71,1.36,8.39,34.56,10.8,55.01
2026-07-27,Đà Nẵng,Hồ Chí Minh,Cross metro *,SPB,156,6.61,6.67,36.07,10.04,59.42
2026-07-27,Đà Nẵng,Hồ Chí Minh,Cross metro *,SPE,97,2.34,10.02,36.17,9.5,59.27
2026-07-26,,,,SPB,3,12.58,12.31,28.21,7.29,60.42
2026-07-26,,,,SPE,18,4.83,14.29,28.05,19.62,66.74
2026-07-26,Bắc Ninh,Hà Nội,Intra region,SPB,562,8.24,6.34,11.25,10.53,36.41
2026-07-26,Bắc Ninh,Hà Nội,Intra region,SPE,1757,10.51,13.08,11.91,10.55,45.98
2026-07-26,Hà Nội,An Giang,Cross region,SPB,234,7.54,11.49,56.99,20.42,96.47
2026-07-26,Hà Nội,An Giang,Cross region,SPE,1436,8.05,12.55,54.4,19.48,94.37
2026-07-26,Hà Nội,Bắc Ninh,Intra region,SPB,406,7.25,11.91,13.43,16.65,49.42
2026-07-26,Hà Nội,Bắc Ninh,Intra region,SPE,2827,8.09,13.56,12.24,17.53,51.62
2026-07-26,Hà Nội,Cần Thơ,Cross region,SPB,146,6.88,11.65,51.58,17.02,87.74
2026-07-26,Hà Nội,Cần Thơ,Cross region,SPE,1287,8.59,12.64,50.45,15.96,87.55
2026-07-26,Hà Nội,Gia Lai,Cross region,SPB,165,7.35,10.84,41.52,11.06,70.65
2026-07-26,Hà Nội,Gia Lai,Cross region,SPE,1056,7.8,14.1,40.44,10.58,72.14
2026-07-26,Hà Nội,Hà Nội,Intra city,SPB,1547,9.16,10.71,12.83,10.51,41.26
2026-07-26,Hà Nội,Hà Nội,Intra city,SPE,233,7.44,16.63,13.42,10.75,47.95
2026-07-26,Hà Nội,Hưng Yên,Intra region,SPB,378,8.08,11.09,13.78,15.53,48.83
2026-07-26,Hà Nội,Hưng Yên,Intra region,SPE,2254,8.17,13.16,13.02,14.23,48.23
2026-07-26,Hà Nội,Hải Phòng,Intra region,SPB,578,6.73,10.23,17.49,18.42,52.74
2026-07-26,Hà Nội,Hải Phòng,Intra region,SPE,3541,8.31,13.57,15.25,15.7,52.73
2026-07-26,Hà Nội,Hồ Chí Minh,Cross metro,SPB,1255,8.34,12.38,47.27,13.33,81.25
2026-07-26,Hà Nội,Hồ Chí Minh,Cross metro,SPE,3122,8.38,10.71,47.92,8.71,75.82
2026-07-26,Hà Nội,Lào Cai,Intra region,SPB,184,6.0,11.79,18.22,21.82,57.46
2026-07-26,Hà Nội,Lào Cai,Intra region,SPE,1211,8.48,12.84,18.36,18.39,58.55
2026-07-26,Hà Nội,Lâm Đồng,Cross region,SPB,288,7.73,12.16,51.64,17.86,90.45
2026-07-26,Hà Nội,Lâm Đồng,Cross region,SPE,1628,8.4,13.16,51.37,17.15,89.71
2026-07-26,Hà Nội,Nghệ An,Cross region,SPB,250,8.7,12.56,21.98,22.01,65.33
2026-07-26,Hà Nội,Nghệ An,Cross region,SPE,1391,8.77,12.83,25.05,24.02,70.52
2026-07-26,Hà Nội,Ninh Bình,Intra region,SPB,415,8.0,10.34,13.08,10.77,42.12
2026-07-26,Hà Nội,Ninh Bình,Intra region,SPE,2911,8.12,13.45,12.86,10.37,44.39
2026-07-26,Hà Nội,Phú Thọ,Intra region,SPB,347,7.09,9.8,14.61,13.16,44.76
2026-07-26,Hà Nội,Phú Thọ,Intra region,SPE,2786,7.81,13.43,14.18,11.67,47.32
2026-07-26,Hà Nội,Quảng Ninh,Intra region,SPB,253,6.63,9.9,19.35,15.04,50.5
2026-07-26,Hà Nội,Quảng Ninh,Intra region,SPE,1859,8.44,13.52,18.7,16.84,57.05
2026-07-26,Hà Nội,Thanh Hóa,Intra region,SPB,420,7.25,9.88,19.05,20.93,57.38
2026-07-26,Hà Nội,Thanh Hóa,Intra region,SPE,2741,7.7,13.39,21.33,20.04,62.66
2026-07-26,Hà Nội,Tây Ninh,Cross region,SPB,161,7.95,10.99,47.77,18.44,85.3
2026-07-26,Hà Nội,Tây Ninh,Cross region,SPE,1112,8.45,13.1,45.07,17.02,83.34
2026-07-26,Hà Nội,Đà Nẵng,Cross metro *,SPB,357,7.97,12.21,30.08,16.3,66.84
2026-07-26,Hà Nội,Đà Nẵng,Cross metro *,SPE,638,7.43,10.69,31.89,15.16,64.81
2026-07-26,Hà Nội,Đắk Lắk,Cross region,SPB,149,7.77,14.0,43.48,11.63,77.7
2026-07-26,Hà Nội,Đắk Lắk,Cross region,SPE,970,8.8,12.04,45.34,13.26,78.96
2026-07-26,Hà Nội,Đồng Nai,Cross region,SPB,297,6.55,13.67,48.97,19.29,88.34
2026-07-26,Hà Nội,Đồng Nai,Cross region,SPE,2100,8.54,13.44,50.64,19.16,90.84
2026-07-26,Hồ Chí Minh,An Giang,Intra region,SPB,624,8.8,9.73,17.6,15.12,51.54
2026-07-26,Hồ Chí Minh,An Giang,Intra region,SPE,2456,8.57,11.92,16.72,16.8,53.85
2026-07-26,Hồ Chí Minh,Cà Mau,Intra region,SPB,237,7.94,10.06,15.74,16.99,50.79
2026-07-26,Hồ Chí Minh,Cà Mau,Intra region,SPE,1149,8.94,11.99,15.45,13.52,49.73
2026-07-26,Hồ Chí Minh,Cần Thơ,Intra region,SPB,477,8.75,10.41,13.76,11.54,44.97
2026-07-26,Hồ Chí Minh,Cần Thơ,Intra region,SPE,2166,8.71,12.26,14.01,11.37,46.29
2026-07-26,Hồ Chí Minh,Gia Lai,Cross region,SPB,272,9.91,9.01,32.32,14.06,65.12
2026-07-26,Hồ Chí Minh,Gia Lai,Cross region,SPE,958,8.73,11.94,32.83,10.32,63.54
2026-07-26,Hồ Chí Minh,Hà Nội,Cross metro,SPB,1134,9.77,6.92,46.24,12.21,75.6
2026-07-26,Hồ Chí Minh,Hà Nội,Cross metro,SPE,1256,8.76,10.59,49.13,10.35,78.62
2026-07-26,Hồ Chí Minh,Hải Phòng,Cross region,SPB,292,10.07,6.7,52.03,20.47,90.22
2026-07-26,Hồ Chí Minh,Hải Phòng,Cross region,SPE,1445,8.5,11.67,53.24,19.1,92.54
2026-07-26,Hồ Chí Minh,Hồ Chí Minh,Intra city,SPB,2949,10.14,7.61,12.09,8.47,35.04
2026-07-26,Hồ Chí Minh,Hồ Chí Minh,Intra city,SPE,1747,9.52,9.91,14.97,9.65,43.82
2026-07-26,Hồ Chí Minh,Khánh Hòa,Cross region,SPB,274,9.78,8.54,21.3,16.11,55.44
2026-07-26,Hồ Chí Minh,Khánh Hòa,Cross region,SPE,800,8.6,11.73,21.26,12.27,53.63
2026-07-26,Hồ Chí Minh,Lâm Đồng,Cross region,SPB,601,8.89,9.52,18.98,12.18,49.84
2026-07-26,Hồ Chí Minh,Lâm Đồng,Cross region,SPE,2131,9.33,11.8,17.56,14.01,52.45
2026-07-26,Hồ Chí Minh,Ninh Bình,Cross region,SPB,169,8.67,6.86,42.81,12.71,71.94
2026-07-26,Hồ Chí Minh,Ninh Bình,Cross region,SPE,1000,8.27,12.16,46.87,12.87,79.84
2026-07-26,Hồ Chí Minh,Tây Ninh,Intra region,SPB,589,8.51,9.15,11.08,17.71,46.69
2026-07-26,Hồ Chí Minh,Tây Ninh,Intra region,SPE,2101,9.26,11.83,10.83,14.2,45.93
2026-07-26,Hồ Chí Minh,Vĩnh Long,Intra region,SPB,370,8.58,11.18,13.67,12.31,45.84
2026-07-26,Hồ Chí Minh,Vĩnh Long,Intra region,SPE,1584,8.82,11.63,13.22,13.57,47.03
2026-07-26,Hồ Chí Minh,Đà Nẵng,Cross metro *,SPB,384,9.64,8.87,31.14,15.69,65.77
2026-07-26,Hồ Chí Minh,Đà Nẵng,Cross metro *,SPE,424,8.67,9.97,34.08,12.82,65.19
2026-07-26,Hồ Chí Minh,Đắk Lắk,Cross region,SPB,264,9.65,8.03,29.34,13.88,63.48
2026-07-26,Hồ Chí Minh,Đắk Lắk,Cross region,SPE,977,8.75,11.49,28.57,13.42,61.98
2026-07-26,Hồ Chí Minh,Đồng Nai,Intra region,SPB,989,8.72,8.39,14.66,11.66,43.83
2026-07-26,Hồ Chí Minh,Đồng Nai,Intra region,SPE,3526,8.97,11.9,14.49,14.51,49.7
2026-07-26,Hồ Chí Minh,Đồng Tháp,Intra region,SPB,414,8.07,10.59,12.86,13.68,44.93
2026-07-26,Hồ Chí Minh,Đồng Tháp,Intra region,SPE,1685,9.14,11.89,12.86,13.41,46.8
2026-07-26,Đà Nẵng,Hà Nội,Cross metro *,SPB,61,7.52,5.57,34.62,15.99,63.73
2026-07-26,Đà Nẵng,Hà Nội,Cross metro *,SPE,20,3.47,8.83,35.12,9.72,57.86
2026-07-26,Đà Nẵng,Hồ Chí Minh,Cross metro *,SPB,96,9.61,7.49,35.23,8.27,60.47
2026-07-26,Đà Nẵng,Hồ Chí Minh,Cross metro *,SPE,27,1.46,8.45,38.46,7.4,56.23
2026-07-25,,,,SPB,4,0.89,8.98,19.11,28.05,55.41
2026-07-25,,,,SPE,28,4.22,9.57,39.31,19.94,74.08
2026-07-25,Bắc Ninh,Hà Nội,Intra region,SPB,2937,9.3,6.57,11.44,13.74,41.19
2026-07-25,Bắc Ninh,Hà Nội,Intra region,SPE,1887,7.95,10.33,12.55,12.48,43.3
2026-07-25,Hà Nội,An Giang,Cross region,SPB,446,5.21,11.79,56.92,19.02,92.64
2026-07-25,Hà Nội,An Giang,Cross region,SPE,2177,3.55,11.24,55.97,19.79,90.89
2026-07-25,Hà Nội,Bắc Ninh,Intra region,SPB,1113,5.51,11.04,14.38,17.37,48.47
2026-07-25,Hà Nội,Bắc Ninh,Intra region,SPE,3377,3.18,11.24,12.75,19.49,46.85
2026-07-25,Hà Nội,Cần Thơ,Cross region,SPB,375,4.65,11.85,47.79,19.18,83.2
2026-07-25,Hà Nội,Cần Thơ,Cross region,SPE,1831,3.98,11.0,50.43,16.96,82.88
2026-07-25,Hà Nội,Gia Lai,Cross region,SPB,445,3.8,10.71,39.87,11.11,65.85
2026-07-25,Hà Nội,Gia Lai,Cross region,SPE,1601,3.02,11.13,42.78,9.74,66.66
2026-07-25,Hà Nội,Hà Nội,Intra city,SPB,4779,5.64,11.75,12.6,11.45,39.95
2026-07-25,Hà Nội,Hà Nội,Intra city,SPE,2018,3.4,11.07,12.2,13.7,40.52
2026-07-25,Hà Nội,Hưng Yên,Intra region,SPB,963,4.47,10.8,13.42,15.51,44.12
2026-07-25,Hà Nội,Hưng Yên,Intra region,SPE,2918,3.06,10.78,13.16,15.19,42.15
2026-07-25,Hà Nội,Hải Phòng,Intra region,SPB,1524,4.5,10.26,17.94,19.33,51.99
2026-07-25,Hà Nội,Hải Phòng,Intra region,SPE,4318,3.24,11.21,15.21,18.45,48.4
2026-07-25,Hà Nội,Hồ Chí Minh,Cross metro,SPB,3256,5.71,12.27,48.22,13.25,79.48
2026-07-25,Hà Nội,Hồ Chí Minh,Cross metro,SPE,4994,5.42,10.27,50.9,8.94,75.25
2026-07-25,Hà Nội,Lào Cai,Intra region,SPB,391,3.65,10.86,17.89,14.03,46.53
2026-07-25,Hà Nội,Lào Cai,Intra region,SPE,1647,2.76,11.11,17.03,17.86,49.14
2026-07-25,Hà Nội,Lâm Đồng,Cross region,SPB,734,4.92,11.89,52.05,17.99,86.67
2026-07-25,Hà Nội,Lâm Đồng,Cross region,SPE,1994,3.34,11.32,51.41,14.06,79.92
2026-07-25,Hà Nội,Nghệ An,Cross region,SPB,654,5.09,12.83,24.02,21.64,63.31
2026-07-25,Hà Nội,Nghệ An,Cross region,SPE,1807,3.16,10.69,27.29,23.08,64.68
2026-07-25,Hà Nội,Ninh Bình,Intra region,SPB,1291,4.39,11.23,13.03,12.61,41.42
2026-07-25,Hà Nội,Ninh Bình,Intra region,SPE,3639,3.15,10.84,12.93,12.14,39.17
2026-07-25,Hà Nội,Phú Thọ,Intra region,SPB,914,4.31,10.49,14.54,12.1,41.55
2026-07-25,Hà Nội,Phú Thọ,Intra region,SPE,3942,2.92,10.59,15.1,13.56,42.79
2026-07-25,Hà Nội,Quảng Ninh,Intra region,SPB,641,4.4,11.24,20.57,15.44,51.57
2026-07-25,Hà Nội,Quảng Ninh,Intra region,SPE,2171,3.62,11.15,21.54,16.55,52.74
2026-07-25,Hà Nội,Thanh Hóa,Intra region,SPB,1089,4.66,10.67,20.11,17.22,52.8
2026-07-25,Hà Nội,Thanh Hóa,Intra region,SPE,3102,3.12,10.97,21.4,19.23,55.04
2026-07-25,Hà Nội,Tây Ninh,Cross region,SPB,380,4.28,11.61,50.72,18.77,85.05
2026-07-25,Hà Nội,Tây Ninh,Cross region,SPE,1635,3.46,11.62,46.58,19.22,80.73
2026-07-25,Hà Nội,Đà Nẵng,Cross metro *,SPB,834,4.48,11.03,29.46,17.08,62.43
2026-07-25,Hà Nội,Đà Nẵng,Cross metro *,SPE,1174,4.52,9.17,29.33,14.69,58.32
2026-07-25,Hà Nội,Đắk Lắk,Cross region,SPB,451,5.66,11.02,43.12,13.25,72.91
2026-07-25,Hà Nội,Đắk Lắk,Cross region,SPE,1451,3.12,10.48,45.23,12.33,71.32
2026-07-25,Hà Nội,Đồng Nai,Cross region,SPB,768,3.88,11.17,50.18,16.42,81.54
2026-07-25,Hà Nội,Đồng Nai,Cross region,SPE,2323,3.31,11.0,52.01,17.34,83.72
2026-07-25,Hồ Chí Minh,An Giang,Intra region,SPB,1783,5.95,8.24,16.6,15.35,46.21
2026-07-25,Hồ Chí Minh,An Giang,Intra region,SPE,3762,3.65,10.1,16.11,17.88,47.65
2026-07-25,Hồ Chí Minh,Cà Mau,Intra region,SPB,772,5.83,8.39,14.98,17.58,46.73
2026-07-25,Hồ Chí Minh,Cà Mau,Intra region,SPE,1928,3.03,10.34,14.92,13.12,41.32
2026-07-25,Hồ Chí Minh,Cần Thơ,Intra region,SPB,1486,6.06,7.99,12.85,11.86,39.06
2026-07-25,Hồ Chí Minh,Cần Thơ,Intra region,SPE,3162,3.45,9.78,14.52,12.99,40.58
2026-07-25,Hồ Chí Minh,Gia Lai,Cross region,SPB,1019,6.89,5.94,31.9,13.22,58.02
2026-07-25,Hồ Chí Minh,Gia Lai,Cross region,SPE,1502,3.33,9.79,32.62,11.89,57.84
2026-07-25,Hồ Chí Minh,Hà Nội,Cross metro,SPB,3915,7.01,7.0,47.6,12.98,75.0
2026-07-25,Hồ Chí Minh,Hà Nội,Cross metro,SPE,3239,4.22,8.53,50.21,10.04,72.94
2026-07-25,Hồ Chí Minh,Hải Phòng,Cross region,SPB,941,7.25,7.45,51.82,18.35,85.29
2026-07-25,Hồ Chí Minh,Hải Phòng,Cross region,SPE,1751,4.01,10.39,55.5,19.19,88.76
2026-07-25,Hồ Chí Minh,Hồ Chí Minh,Intra city,SPB,12220,7.46,6.63,12.09,8.91,31.08
2026-07-25,Hồ Chí Minh,Hồ Chí Minh,Intra city,SPE,4881,4.51,9.12,13.74,11.63,38.92
2026-07-25,Hồ Chí Minh,Khánh Hòa,Cross region,SPB,1096,7.57,5.95,23.87,17.87,55.44
2026-07-25,Hồ Chí Minh,Khánh Hòa,Cross region,SPE,1185,4.53,10.22,22.5,12.59,49.48
2026-07-25,Hồ Chí Minh,Lâm Đồng,Cross region,SPB,2076,6.54,7.59,20.99,14.36,49.78
2026-07-25,Hồ Chí Minh,Lâm Đồng,Cross region,SPE,2550,4.11,10.57,18.59,13.14,46.15
2026-07-25,Hồ Chí Minh,Ninh Bình,Cross region,SPB,732,7.26,7.01,45.04,14.7,74.28
2026-07-25,Hồ Chí Minh,Ninh Bình,Cross region,SPE,1376,3.54,9.84,47.31,13.38,73.67
2026-07-25,Hồ Chí Minh,Tây Ninh,Intra region,SPB,1788,6.09,7.83,11.26,17.72,43.23
2026-07-25,Hồ Chí Minh,Tây Ninh,Intra region,SPE,3136,3.32,9.9,10.98,17.09,41.56
2026-07-25,Hồ Chí Minh,Vĩnh Long,Intra region,SPB,1284,6.19,7.95,12.53,13.66,40.45
2026-07-25,Hồ Chí Minh,Vĩnh Long,Intra region,SPE,2468,3.18,9.82,13.21,15.15,41.24
2026-07-25,Hồ Chí Minh,Đà Nẵng,Cross metro *,SPB,1416,5.83,7.57,33.64,14.12,61.6
2026-07-25,Hồ Chí Minh,Đà Nẵng,Cross metro *,SPE,979,4.48,8.74,34.1,12.22,59.44
2026-07-25,Hồ Chí Minh,Đắk Lắk,Cross region,SPB,954,6.59,6.89,26.71,12.93,53.47
2026-07-25,Hồ Chí Minh,Đắk Lắk,Cross region,SPE,1404,3.62,9.55,27.64,13.13,54.19
2026-07-25,Hồ Chí Minh,Đồng Nai,Intra region,SPB,3227,6.54,7.57,14.64,13.0,41.75
2026-07-25,Hồ Chí Minh,Đồng Nai,Intra region,SPE,4119,3.69,9.88,14.56,14.49,42.59
2026-07-25,Hồ Chí Minh,Đồng Tháp,Intra region,SPB,1426,5.98,7.76,12.3,14.77,41.0
2026-07-25,Hồ Chí Minh,Đồng Tháp,Intra region,SPE,2733,3.24,10.26,12.61,14.42,40.43
2026-07-25,Đà Nẵng,Hà Nội,Cross metro *,SPB,300,7.62,3.52,32.85,13.85,57.89
2026-07-25,Đà Nẵng,Hà Nội,Cross metro *,SPE,56,2.22,10.63,33.76,8.49,55.13
2026-07-25,Đà Nẵng,Hồ Chí Minh,Cross metro *,SPB,310,6.9,4.12,35.37,9.33,55.91
2026-07-25,Đà Nẵng,Hồ Chí Minh,Cross metro *,SPE,78,2.39,10.81,36.65,7.56,57.44
2026-07-24,,,,SPB,3,2.23,5.28,25.79,20.91,54.24
2026-07-24,,,,SPE,22,3.96,11.33,31.55,20.45,70.09
2026-07-24,Bắc Ninh,Hà Nội,Intra region,SPB,671,9.71,6.17,10.87,13.35,40.37
2026-07-24,Bắc Ninh,Hà Nội,Intra region,SPE,1568,7.59,10.2,12.02,12.3,41.96
2026-07-24,Hà Nội,An Giang,Cross region,SPB,338,3.32,11.39,56.08,20.73,91.26
2026-07-24,Hà Nội,An Giang,Cross region,SPE,2304,4.23,10.32,56.13,19.46,89.96
2026-07-24,Hà Nội,Bắc Ninh,Intra region,SPB,562,3.61,9.26,13.53,17.54,43.99
2026-07-24,Hà Nội,Bắc Ninh,Intra region,SPE,3672,4.3,10.19,11.64,17.33,43.83
2026-07-24,Hà Nội,Cần Thơ,Cross region,SPB,232,4.11,10.72,49.51,18.51,83.08
2026-07-24,Hà Nội,Cần Thơ,Cross region,SPE,2126,4.2,10.42,53.37,15.52,83.29
2026-07-24,Hà Nội,Gia Lai,Cross region,SPB,207,6.59,10.01,41.93,12.24,70.31
2026-07-24,Hà Nội,Gia Lai,Cross region,SPE,1768,3.93,9.87,42.5,11.22,67.59
2026-07-24,Hà Nội,Hà Nội,Intra city,SPB,2453,4.46,10.52,12.57,11.42,37.5
2026-07-24,Hà Nội,Hà Nội,Intra city,SPE,1524,3.45,9.66,12.13,12.76,37.7
2026-07-24,Hà Nội,Hưng Yên,Intra region,SPB,467,4.52,9.66,13.54,14.63,42.72
2026-07-24,Hà Nội,Hưng Yên,Intra region,SPE,3079,4.71,10.03,12.89,14.41,42.07
2026-07-24,Hà Nội,Hải Phòng,Intra region,SPB,755,4.87,10.25,16.75,20.16,51.99
2026-07-24,Hà Nội,Hải Phòng,Intra region,SPE,4465,4.91,10.27,15.41,17.37,47.85
2026-07-24,Hà Nội,Hồ Chí Minh,Cross metro,SPB,1699,5.26,10.8,48.31,13.36,77.7
2026-07-24,Hà Nội,Hồ Chí Minh,Cross metro,SPE,3773,4.45,8.81,50.94,10.53,74.58
2026-07-24,Hà Nội,Lào Cai,Intra region,SPB,194,4.39,10.96,19.59,21.87,56.91
2026-07-24,Hà Nội,Lào Cai,Intra region,SPE,1674,4.24,10.2,16.42,16.56,48.04
2026-07-24,Hà Nội,Lâm Đồng,Cross region,SPB,425,3.81,9.98,52.67,18.79,85.42
2026-07-24,Hà Nội,Lâm Đồng,Cross region,SPE,1955,4.21,9.87,50.6,13.67,78.39
2026-07-24,Hà Nội,Nghệ An,Cross region,SPB,326,4.44,9.45,23.75,25.56,63.24
2026-07-24,Hà Nội,Nghệ An,Cross region,SPE,1977,4.41,9.85,27.01,25.28,66.79
2026-07-24,Hà Nội,Ninh Bình,Intra region,SPB,524,4.74,9.56,12.66,11.01,38.01
2026-07-24,Hà Nội,Ninh Bình,Intra region,SPE,3852,4.26,9.72,12.31,10.83,37.16
2026-07-24,Hà Nội,Phú Thọ,Intra region,SPB,509,5.13,10.68,14.62,13.01,43.3
2026-07-24,Hà Nội,Phú Thọ,Intra region,SPE,4093,4.52,10.02,15.08,13.1,43.14
2026-07-24,Hà Nội,Quảng Ninh,Intra region,SPB,338,5.21,11.63,19.59,16.67,53.2
2026-07-24,Hà Nội,Quảng Ninh,Intra region,SPE,2102,4.84,9.7,18.31,14.65,47.52
2026-07-24,Hà Nội,Thanh Hóa,Intra region,SPB,470,4.16,10.9,20.23,18.16,53.59
2026-07-24,Hà Nội,Thanh Hóa,Intra region,SPE,3233,4.39,10.05,19.85,17.28,51.89
2026-07-24,Hà Nội,Tây Ninh,Cross region,SPB,224,5.54,11.55,48.66,19.94,85.22
2026-07-24,Hà Nội,Tây Ninh,Cross region,SPE,1923,4.21,10.3,46.13,18.65,79.18
2026-07-24,Hà Nội,Đà Nẵng,Cross metro *,SPB,484,5.57,10.87,31.57,16.28,64.1
2026-07-24,Hà Nội,Đà Nẵng,Cross metro *,SPE,893,3.74,8.17,31.22,15.51,58.76
2026-07-24,Hà Nội,Đắk Lắk,Cross region,SPB,222,5.05,9.17,44.55,13.7,72.43
2026-07-24,Hà Nội,Đắk Lắk,Cross region,SPE,1689,4.29,10.12,45.01,12.77,72.3
2026-07-24,Hà Nội,Đồng Nai,Cross region,SPB,393,4.09,10.11,50.14,19.02,83.26
2026-07-24,Hà Nội,Đồng Nai,Cross region,SPE,2541,4.28,9.72,49.64,18.41,82.56
2026-07-24,Hồ Chí Minh,An Giang,Intra region,SPB,1009,5.6,8.0,17.01,15.38,46.67
2026-07-24,Hồ Chí Minh,An Giang,Intra region,SPE,3847,4.89,9.03,15.33,17.12,46.23
2026-07-24,Hồ Chí Minh,Cà Mau,Intra region,SPB,449,4.79,7.23,14.51,17.49,45.13
2026-07-24,Hồ Chí Minh,Cà Mau,Intra region,SPE,2046,4.71,8.76,14.65,13.16,41.06
2026-07-24,Hồ Chí Minh,Cần Thơ,Intra region,SPB,767,5.01,6.51,13.86,11.38,37.1
2026-07-24,Hồ Chí Minh,Cần Thơ,Intra region,SPE,3704,4.72,8.73,13.58,11.32,38.29
2026-07-24,Hồ Chí Minh,Gia Lai,Cross region,SPB,394,5.3,6.66,29.23,13.45,54.42
2026-07-24,Hồ Chí Minh,Gia Lai,Cross region,SPE,1705,4.27,8.87,31.95,12.77,57.54
2026-07-24,Hồ Chí Minh,Hà Nội,Cross metro,SPB,1310,5.71,7.1,47.7,14.33,74.8
2026-07-24,Hồ Chí Minh,Hà Nội,Cross metro,SPE,1797,3.51,6.93,50.04,12.62,73.17
2026-07-24,Hồ Chí Minh,Hải Phòng,Cross region,SPB,398,5.35,7.25,52.33,21.36,87.15
2026-07-24,Hồ Chí Minh,Hải Phòng,Cross region,SPE,1810,4.42,8.84,55.88,18.89,87.89
2026-07-24,Hồ Chí Minh,Hồ Chí Minh,Intra city,SPB,5948,5.89,6.22,12.11,7.72,26.57
2026-07-24,Hồ Chí Minh,Hồ Chí Minh,Intra city,SPE,3755,3.84,7.93,13.99,11.4,37.16
2026-07-24,Hồ Chí Minh,Khánh Hòa,Cross region,SPB,509,5.38,6.43,22.24,18.77,53.06
2026-07-24,Hồ Chí Minh,Khánh Hòa,Cross region,SPE,1196,4.38,8.69,22.22,12.21,47.07
2026-07-24,Hồ Chí Minh,Lâm Đồng,Cross region,SPB,954,5.98,7.39,18.59,15.72,47.79
2026-07-24,Hồ Chí Minh,Lâm Đồng,Cross region,SPE,2609,4.69,8.64,16.88,11.94,41.97
2026-07-24,Hồ Chí Minh,Ninh Bình,Cross region,SPB,215,7.05,7.14,45.89,16.2,76.14
2026-07-24,Hồ Chí Minh,Ninh Bình,Cross region,SPE,1507,4.32,8.82,46.99,15.17,75.07
2026-07-24,Hồ Chí Minh,Tây Ninh,Intra region,SPB,1003,5.43,6.74,11.15,18.01,41.61
2026-07-24,Hồ Chí Minh,Tây Ninh,Intra region,SPE,3678,4.53,8.6,10.71,16.12,39.68
2026-07-24,Hồ Chí Minh,Vĩnh Long,Intra region,SPB,668,4.79,7.1,12.54,13.17,37.69
2026-07-24,Hồ Chí Minh,Vĩnh Long,Intra region,SPE,2878,4.51,8.65,12.88,14.09,40.01
2026-07-24,Hồ Chí Minh,Đà Nẵng,Cross metro *,SPB,615,5.03,6.61,32.48,15.86,60.24
2026-07-24,Hồ Chí Minh,Đà Nẵng,Cross metro *,SPE,732,3.25,7.85,32.84,15.48,59.43
2026-07-24,Hồ Chí Minh,Đắk Lắk,Cross region,SPB,398,5.98,5.9,24.38,13.89,50.26
2026-07-24,Hồ Chí Minh,Đắk Lắk,Cross region,SPE,1685,4.02,8.56,26.6,13.56,52.55
2026-07-24,Hồ Chí Minh,Đồng Nai,Intra region,SPB,1523,5.38,7.24,13.95,12.85,39.71
2026-07-24,Hồ Chí Minh,Đồng Nai,Intra region,SPE,4505,4.78,8.74,13.71,13.44,40.59
2026-07-24,Hồ Chí Minh,Đồng Tháp,Intra region,SPB,707,5.03,7.09,12.82,13.06,37.98
2026-07-24,Hồ Chí Minh,Đồng Tháp,Intra region,SPE,2986,4.85,8.65,12.33,13.79,39.3
2026-07-24,Đà Nẵng,Hà Nội,Cross metro *,SPB,101,6.4,6.6,33.32,18.99,65.33
2026-07-24,Đà Nẵng,Hà Nội,Cross metro *,SPE,53,2.0,9.39,35.15,14.07,62.57
2026-07-24,Đà Nẵng,Hồ Chí Minh,Cross metro *,SPB,104,4.67,6.61,36.27,9.87,57.56
2026-07-24,Đà Nẵng,Hồ Chí Minh,Cross metro *,SPE,48,1.55,9.39,39.57,9.66,60.19
2026-07-23,,,,SPB,4,8.58,5.55,21.52,20.84,57.54
2026-07-23,,,,SPE,32,3.05,10.09,30.0,17.2,60.8
2026-07-23,Bắc Ninh,Hà Nội,Intra region,SPB,550,8.95,7.74,11.24,12.33,40.7
2026-07-23,Bắc Ninh,Hà Nội,Intra region,SPE,1464,8.04,10.5,11.93,10.87,41.09
2026-07-23,Hà Nội,An Giang,Cross region,SPB,329,3.06,10.71,56.48,26.03,96.27
2026-07-23,Hà Nội,An Giang,Cross region,SPE,1998,4.48,10.07,55.9,20.01,90.31
2026-07-23,Hà Nội,Bắc Ninh,Intra region,SPB,534,4.1,9.84,14.63,19.21,48.11
2026-07-23,Hà Nội,Bắc Ninh,Intra region,SPE,3020,5.01,9.79,12.46,16.11,43.81
2026-07-23,Hà Nội,Cần Thơ,Cross region,SPB,236,4.31,10.49,47.51,21.01,83.27
2026-07-23,Hà Nội,Cần Thơ,Cross region,SPE,1835,4.93,9.97,51.36,18.4,84.71
2026-07-23,Hà Nội,Gia Lai,Cross region,SPB,222,3.39,9.89,39.56,9.57,62.18
2026-07-23,Hà Nội,Gia Lai,Cross region,SPE,1443,5.29,9.84,40.36,10.74,65.62
2026-07-23,Hà Nội,Hà Nội,Intra city,SPB,2568,3.74,10.08,13.44,10.09,35.32
2026-07-23,Hà Nội,Hà Nội,Intra city,SPE,1686,2.64,8.9,13.47,11.54,36.1
2026-07-23,Hà Nội,Hưng Yên,Intra region,SPB,478,4.27,9.59,12.75,14.34,40.93
2026-07-23,Hà Nội,Hưng Yên,Intra region,SPE,2652,5.02,9.52,13.09,12.98,40.43
2026-07-23,Hà Nội,Hải Phòng,Intra region,SPB,768,4.4,9.06,18.4,19.67,51.38
2026-07-23,Hà Nội,Hải Phòng,Intra region,SPE,3973,5.01,9.58,15.93,15.35,45.99
2026-07-23,Hà Nội,Hồ Chí Minh,Cross metro,SPB,1723,6.17,11.17,46.91,14.19,78.29
2026-07-23,Hà Nội,Hồ Chí Minh,Cross metro,SPE,3928,4.47,9.16,48.79,11.48,73.7
2026-07-23,Hà Nội,Lào Cai,Intra region,SPB,215,3.61,9.0,17.85,19.88,50.12
2026-07-23,Hà Nội,Lào Cai,Intra region,SPE,1419,4.64,10.05,18.14,18.94,51.95
2026-07-23,Hà Nội,Lâm Đồng,Cross region,SPB,388,4.23,10.31,49.55,15.95,80.4
2026-07-23,Hà Nội,Lâm Đồng,Cross region,SPE,1591,5.02,9.35,49.73,14.11,77.93
2026-07-23,Hà Nội,Nghệ An,Cross region,SPB,320,4.06,8.99,21.2,22.2,56.34
2026-07-23,Hà Nội,Nghệ An,Cross region,SPE,1598,5.07,9.2,25.92,23.59,63.72
2026-07-23,Hà Nội,Ninh Bình,Intra region,SPB,553,4.93,9.66,13.32,11.06,38.97
2026-07-23,Hà Nội,Ninh Bình,Intra region,SPE,3203,5.09,9.91,12.74,10.52,38.15
2026-07-23,Hà Nội,Phú Thọ,Intra region,SPB,492,3.98,9.51,14.79,13.76,41.91
2026-07-23,Hà Nội,Phú Thọ,Intra region,SPE,3389,4.98,9.86,14.76,13.57,43.57
2026-07-23,Hà Nội,Quảng Ninh,Intra region,SPB,390,3.46,8.5,19.48,15.63,46.86
2026-07-23,Hà Nội,Quảng Ninh,Intra region,SPE,1781,5.12,9.57,18.79,14.84,48.75
2026-07-23,Hà Nội,Thanh Hóa,Intra region,SPB,498,4.64,10.24,18.26,18.71,51.77
2026-07-23,Hà Nội,Thanh Hóa,Intra region,SPE,2779,4.51,9.58,18.68,17.6,50.67
2026-07-23,Hà Nội,Tây Ninh,Cross region,SPB,228,6.75,10.48,47.97,24.71,89.34
2026-07-23,Hà Nội,Tây Ninh,Cross region,SPE,1577,5.31,9.77,46.56,21.36,82.79
2026-07-23,Hà Nội,Đà Nẵng,Cross metro *,SPB,464,4.97,9.64,29.73,19.33,63.52
2026-07-23,Hà Nội,Đà Nẵng,Cross metro *,SPE,972,3.49,8.74,29.91,16.72,58.51
2026-07-23,Hà Nội,Đắk Lắk,Cross region,SPB,242,2.79,9.78,40.81,11.84,65.31
2026-07-23,Hà Nội,Đắk Lắk,Cross region,SPE,1378,5.44,9.71,42.23,12.85,69.8
2026-07-23,Hà Nội,Đồng Nai,Cross region,SPB,382,4.98,10.27,45.99,21.49,82.28
2026-07-23,Hà Nội,Đồng Nai,Cross region,SPE,2123,5.55,9.28,46.97,19.88,81.02
2026-07-23,Hồ Chí Minh,An Giang,Intra region,SPB,945,4.6,7.69,16.77,16.72,45.89
2026-07-23,Hồ Chí Minh,An Giang,Intra region,SPE,3526,4.93,8.58,15.47,17.37,46.13
2026-07-23,Hồ Chí Minh,Cà Mau,Intra region,SPB,444,4.92,6.53,14.71,18.01,44.34
2026-07-23,Hồ Chí Minh,Cà Mau,Intra region,SPE,1697,5.28,8.37,14.29,12.96,40.61
2026-07-23,Hồ Chí Minh,Cần Thơ,Intra region,SPB,769,4.51,7.15,13.86,10.61,36.19
2026-07-23,Hồ Chí Minh,Cần Thơ,Intra region,SPE,3247,5.46,8.46,13.02,10.83,37.48
2026-07-23,Hồ Chí Minh,Gia Lai,Cross region,SPB,363,4.93,6.62,30.09,13.93,55.5
2026-07-23,Hồ Chí Minh,Gia Lai,Cross region,SPE,1506,5.7,8.23,30.89,12.99,57.57
2026-07-23,Hồ Chí Minh,Hà Nội,Cross metro,SPB,1240,5.14,7.41,46.09,14.7,73.52
2026-07-23,Hồ Chí Minh,Hà Nội,Cross metro,SPE,1823,4.02,7.28,48.15,13.99,73.63
2026-07-23,Hồ Chí Minh,Hải Phòng,Cross region,SPB,355,5.2,7.44,53.28,20.81,87.12
2026-07-23,Hồ Chí Minh,Hải Phòng,Cross region,SPE,1625,5.73,8.3,54.09,21.16,89.04
2026-07-23,Hồ Chí Minh,Hồ Chí Minh,Intra city,SPB,5652,5.45,6.22,11.92,7.03,24.92
2026-07-23,Hồ Chí Minh,Hồ Chí Minh,Intra city,SPE,3965,3.5,7.42,13.34,9.59,33.97
2026-07-23,Hồ Chí Minh,Khánh Hòa,Cross region,SPB,462,5.29,7.28,22.68,21.15,56.68
2026-07-23,Hồ Chí Minh,Khánh Hòa,Cross region,SPE,1069,5.8,7.98,21.37,12.02,47.09
2026-07-23,Hồ Chí Minh,Lâm Đồng,Cross region,SPB,1007,5.43,7.32,18.25,16.41,47.47
2026-07-23,Hồ Chí Minh,Lâm Đồng,Cross region,SPE,2268,5.7,8.37,17.05,12.28,43.11
2026-07-23,Hồ Chí Minh,Ninh Bình,Cross region,SPB,232,4.84,6.9,43.72,14.95,70.6
2026-07-23,Hồ Chí Minh,Ninh Bình,Cross region,SPE,1276,5.43,8.24,46.04,15.4,74.96
2026-07-23,Hồ Chí Minh,Tây Ninh,Intra region,SPB,890,4.59,6.97,11.16,17.45,40.31
2026-07-23,Hồ Chí Minh,Tây Ninh,Intra region,SPE,3138,5.59,7.95,10.78,14.21,38.25
2026-07-23,Hồ Chí Minh,Vĩnh Long,Intra region,SPB,630,4.54,7.23,13.15,12.51,37.56
2026-07-23,Hồ Chí Minh,Vĩnh Long,Intra region,SPE,2482,5.27,8.14,12.75,13.26,39.14
2026-07-23,Hồ Chí Minh,Đà Nẵng,Cross metro *,SPB,600,4.87,6.68,33.76,14.73,60.16
2026-07-23,Hồ Chí Minh,Đà Nẵng,Cross metro *,SPE,735,3.64,7.47,33.33,13.58,58.08
2026-07-23,Hồ Chí Minh,Đắk Lắk,Cross region,SPB,404,5.3,6.35,25.13,14.12,51.12
2026-07-23,Hồ Chí Minh,Đắk Lắk,Cross region,SPE,1469,5.85,8.11,26.07,14.67,54.41
2026-07-23,Hồ Chí Minh,Đồng Nai,Intra region,SPB,1531,4.79,7.54,13.86,11.67,37.87
2026-07-23,Hồ Chí Minh,Đồng Nai,Intra region,SPE,3971,5.72,8.11,13.23,12.11,39.12
2026-07-23,Hồ Chí Minh,Đồng Tháp,Intra region,SPB,647,4.71,8.01,12.67,12.52,38.25
2026-07-23,Hồ Chí Minh,Đồng Tháp,Intra region,SPE,2493,5.5,8.21,12.24,13.43,38.95
2026-07-23,Đà Nẵng,Hà Nội,Cross metro *,SPB,61,6.34,5.79,34.5,14.33,61.38
2026-07-23,Đà Nẵng,Hà Nội,Cross metro *,SPE,42,2.42,9.07,35.36,12.16,59.07
2026-07-23,Đà Nẵng,Hồ Chí Minh,Cross metro *,SPB,59,5.54,5.88,34.87,13.53,59.71
2026-07-23,Đà Nẵng,Hồ Chí Minh,Cross metro *,SPE,59,2.51,10.67,38.84,14.8,66.85
2026-07-22,,,,SPB,4,2.06,4.82,36.05,26.03,61.78
2026-07-22,,,,SPE,33,4.14,6.77,31.3,13.91,60.72
2026-07-22,Bắc Ninh,Hà Nội,Intra region,SPB,547,8.61,9.68,17.03,10.7,46.08
2026-07-22,Bắc Ninh,Hà Nội,Intra region,SPE,2050,7.14,10.18,12.09,9.66,38.19
2026-07-22,Hà Nội,An Giang,Cross region,SPB,292,4.62,10.32,57.35,19.77,91.96
2026-07-22,Hà Nội,An Giang,Cross region,SPE,3171,3.77,9.64,56.56,19.44,89.52
2026-07-22,Hà Nội,Bắc Ninh,Intra region,SPB,546,4.73,10.12,15.15,17.07,47.16
2026-07-22,Hà Nội,Bắc Ninh,Intra region,SPE,4943,4.05,9.23,12.33,16.0,41.78
2026-07-22,Hà Nội,Cần Thơ,Cross region,SPB,222,3.92,10.12,50.41,20.38,85.06
2026-07-22,Hà Nội,Cần Thơ,Cross region,SPE,2880,4.16,9.23,51.09,17.08,81.79
2026-07-22,Hà Nội,Gia Lai,Cross region,SPB,207,3.76,10.12,39.69,10.61,64.26
2026-07-22,Hà Nội,Gia Lai,Cross region,SPE,2380,3.77,9.09,39.94,11.26,64.18
2026-07-22,Hà Nội,Hà Nội,Intra city,SPB,2386,4.19,11.53,18.83,9.51,40.38
2026-07-22,Hà Nội,Hà Nội,Intra city,SPE,1492,3.3,10.23,14.29,10.5,37.81
2026-07-22,Hà Nội,Hưng Yên,Intra region,SPB,406,3.93,10.22,12.86,15.04,42.07
2026-07-22,Hà Nội,Hưng Yên,Intra region,SPE,4597,4.15,9.2,12.34,15.12,40.85
2026-07-22,Hà Nội,Hải Phòng,Intra region,SPB,703,4.6,10.64,18.66,18.76,52.71
2026-07-22,Hà Nội,Hải Phòng,Intra region,SPE,6505,4.14,8.89,15.38,13.76,42.53
2026-07-22,Hà Nội,Hồ Chí Minh,Cross metro,SPB,1776,5.76,11.41,45.72,13.63,76.53
2026-07-22,Hà Nội,Hồ Chí Minh,Cross metro,SPE,4422,4.4,9.4,48.27,10.16,72.82
2026-07-22,Hà Nội,Lào Cai,Intra region,SPB,221,3.71,10.28,16.45,17.13,47.3
2026-07-22,Hà Nội,Lào Cai,Intra region,SPE,2057,3.55,9.48,17.68,17.22,48.4
2026-07-22,Hà Nội,Lâm Đồng,Cross region,SPB,365,3.52,12.39,50.32,14.74,81.04
2026-07-22,Hà Nội,Lâm Đồng,Cross region,SPE,2650,3.93,9.62,50.84,13.24,77.71
2026-07-22,Hà Nội,Nghệ An,Cross region,SPB,312,3.99,11.37,22.06,19.18,56.7
2026-07-22,Hà Nội,Nghệ An,Cross region,SPE,2865,3.87,8.71,25.75,23.04,61.62
2026-07-22,Hà Nội,Ninh Bình,Intra region,SPB,537,4.69,11.15,12.69,11.35,39.48
2026-07-22,Hà Nội,Ninh Bình,Intra region,SPE,5353,4.21,8.96,12.87,9.82,35.96
2026-07-22,Hà Nội,Phú Thọ,Intra region,SPB,472,3.95,8.88,14.7,13.8,41.43
2026-07-22,Hà Nội,Phú Thọ,Intra region,SPE,5153,3.99,9.26,15.05,12.57,41.09
2026-07-22,Hà Nội,Quảng Ninh,Intra region,SPB,362,4.29,10.16,21.27,15.22,51.17
2026-07-22,Hà Nội,Quảng Ninh,Intra region,SPE,2784,4.18,9.04,20.61,15.08,49.38
2026-07-22,Hà Nội,Thanh Hóa,Intra region,SPB,509,3.84,9.62,19.45,18.32,51.13
2026-07-22,Hà Nội,Thanh Hóa,Intra region,SPE,4063,4.01,9.0,19.01,16.12,48.55
2026-07-22,Hà Nội,Tây Ninh,Cross region,SPB,216,3.28,9.48,46.9,21.41,80.91
2026-07-22,Hà Nội,Tây Ninh,Cross region,SPE,2692,4.47,9.48,46.28,21.92,82.47
2026-07-22,Hà Nội,Đà Nẵng,Cross metro *,SPB,424,5.5,12.18,29.94,18.34,66.35
2026-07-22,Hà Nội,Đà Nẵng,Cross metro *,SPE,1025,3.91,9.12,30.52,15.88,59.98
2026-07-22,Hà Nội,Đắk Lắk,Cross region,SPB,234,5.3,9.59,42.52,12.16,69.8
2026-07-22,Hà Nội,Đắk Lắk,Cross region,SPE,2207,4.06,9.46,42.98,13.82,70.48
2026-07-22,Hà Nội,Đồng Nai,Cross region,SPB,388,4.97,11.76,46.31,19.06,82.0
2026-07-22,Hà Nội,Đồng Nai,Cross region,SPE,3974,3.89,8.89,49.28,19.79,82.09
2026-07-22,Hồ Chí Minh,An Giang,Intra region,SPB,936,4.92,7.4,17.7,16.13,46.33
2026-07-22,Hồ Chí Minh,An Giang,Intra region,SPE,5605,4.37,7.77,15.69,18.3,45.73
2026-07-22,Hồ Chí Minh,Cà Mau,Intra region,SPB,449,4.65,7.3,14.56,16.94,43.63
2026-07-22,Hồ Chí Minh,Cà Mau,Intra region,SPE,2768,4.55,7.8,14.05,12.47,38.59
2026-07-22,Hồ Chí Minh,Cần Thơ,Intra region,SPB,711,4.69,7.23,14.01,11.03,37.07
2026-07-22,Hồ Chí Minh,Cần Thơ,Intra region,SPE,5175,4.46,7.85,13.0,11.39,36.53
2026-07-22,Hồ Chí Minh,Gia Lai,Cross region,SPB,377,6.1,7.05,30.39,15.19,58.53
2026-07-22,Hồ Chí Minh,Gia Lai,Cross region,SPE,2463,4.1,7.81,32.39,12.58,56.71
2026-07-22,Hồ Chí Minh,Hà Nội,Cross metro,SPB,1395,5.83,7.46,46.83,14.2,74.59
2026-07-22,Hồ Chí Minh,Hà Nội,Cross metro,SPE,2054,3.61,7.4,49.49,11.18,71.6
2026-07-22,Hồ Chí Minh,Hải Phòng,Cross region,SPB,314,5.81,7.95,52.08,20.16,86.19
2026-07-22,Hồ Chí Minh,Hải Phòng,Cross region,SPE,2685,4.12,7.98,54.26,19.84,86.12
2026-07-22,Hồ Chí Minh,Hồ Chí Minh,Intra city,SPB,5546,6.11,6.64,12.25,7.12,26.11
2026-07-22,Hồ Chí Minh,Hồ Chí Minh,Intra city,SPE,3869,3.59,7.89,13.87,9.46,34.93
2026-07-22,Hồ Chí Minh,Khánh Hòa,Cross region,SPB,451,6.28,6.78,22.16,23.11,58.98
2026-07-22,Hồ Chí Minh,Khánh Hòa,Cross region,SPE,1722,4.04,7.88,21.5,12.12,45.57
2026-07-22,Hồ Chí Minh,Lâm Đồng,Cross region,SPB,894,5.58,7.49,18.67,16.91,48.59
2026-07-22,Hồ Chí Minh,Lâm Đồng,Cross region,SPE,3617,4.27,8.19,17.08,12.07,41.42
2026-07-22,Hồ Chí Minh,Ninh Bình,Cross region,SPB,213,4.94,8.18,45.34,15.32,74.07
2026-07-22,Hồ Chí Minh,Ninh Bình,Cross region,SPE,2134,4.25,7.97,45.94,15.01,72.81
2026-07-22,Hồ Chí Minh,Tây Ninh,Intra region,SPB,846,5.42,7.2,10.99,16.67,40.29
2026-07-22,Hồ Chí Minh,Tây Ninh,Intra region,SPE,4938,4.27,7.65,10.81,14.2,36.76
2026-07-22,Hồ Chí Minh,Vĩnh Long,Intra region,SPB,604,4.84,7.01,13.17,15.58,40.43
2026-07-22,Hồ Chí Minh,Vĩnh Long,Intra region,SPE,3929,4.31,8.04,12.82,14.22,39.3
2026-07-22,Hồ Chí Minh,Đà Nẵng,Cross metro *,SPB,605,5.21,7.12,34.94,15.47,62.77
2026-07-22,Hồ Chí Minh,Đà Nẵng,Cross metro *,SPE,859,4.05,7.21,34.52,13.61,59.27
2026-07-22,Hồ Chí Minh,Đắk Lắk,Cross region,SPB,370,5.92,7.28,25.91,14.5,53.44
2026-07-22,Hồ Chí Minh,Đắk Lắk,Cross region,SPE,2246,4.33,7.9,26.7,13.56,52.05
2026-07-22,Hồ Chí Minh,Đồng Nai,Intra region,SPB,1431,5.24,7.93,13.36,12.44,38.96
2026-07-22,Hồ Chí Minh,Đồng Nai,Intra region,SPE,7044,3.99,7.79,13.57,13.7,38.86
2026-07-22,Hồ Chí Minh,Đồng Tháp,Intra region,SPB,691,4.9,7.49,12.67,13.13,38.26
2026-07-22,Hồ Chí Minh,Đồng Tháp,Intra region,SPE,4223,4.38,7.74,12.13,12.61,36.63
2026-07-22,Đà Nẵng,Hà Nội,Cross metro *,SPB,57,6.72,3.94,30.62,13.7,55.0
2026-07-22,Đà Nẵng,Hà Nội,Cross metro *,SPE,47,2.42,8.07,35.45,13.55,59.23
2026-07-22,Đà Nẵng,Hồ Chí Minh,Cross metro *,SPB,86,4.15,6.28,34.97,11.82,57.21
2026-07-22,Đà Nẵng,Hồ Chí Minh,Cross metro *,SPE,67,1.92,10.34,36.3,11.77,60.77
2026-07-21,,,,SPB,2,1.12,6.02,33.41,12.77,53.34
2026-07-21,,,,SPE,28,3.48,13.39,40.13,20.78,76.45
2026-07-21,Bắc Ninh,Hà Nội,Intra region,SPB,543,9.02,7.78,19.36,10.72,47.23
2026-07-21,Bắc Ninh,Hà Nội,Intra region,SPE,2026,6.86,11.42,12.25,10.09,40.74
2026-07-21,Hà Nội,An Giang,Cross region,SPB,363,4.43,10.93,57.28,21.14,94.21
2026-07-21,Hà Nội,An Giang,Cross region,SPE,3171,3.7,10.32,56.69,20.15,91.3
2026-07-21,Hà Nội,Bắc Ninh,Intra region,SPB,655,4.21,11.53,15.42,15.92,47.35
2026-07-21,Hà Nội,Bắc Ninh,Intra region,SPE,4761,3.94,10.32,12.64,16.47,43.59
2026-07-21,Hà Nội,Cần Thơ,Cross region,SPB,260,5.45,11.92,52.41,18.46,88.72
2026-07-21,Hà Nội,Cần Thơ,Cross region,SPE,2856,3.86,10.51,52.35,16.2,83.1
2026-07-21,Hà Nội,Gia Lai,Cross region,SPB,276,5.81,10.85,38.88,10.85,66.19
2026-07-21,Hà Nội,Gia Lai,Cross region,SPE,2383,3.86,10.45,40.1,11.05,65.45
2026-07-21,Hà Nội,Hà Nội,Intra city,SPB,3667,5.13,10.5,19.65,9.42,41.92
2026-07-21,Hà Nội,Hà Nội,Intra city,SPE,2306,3.92,8.51,12.39,9.84,34.53
2026-07-21,Hà Nội,Hưng Yên,Intra region,SPB,585,4.68,11.01,13.66,15.6,45.0
2026-07-21,Hà Nội,Hưng Yên,Intra region,SPE,4311,3.9,9.6,13.9,18.24,45.81
2026-07-21,Hà Nội,Hải Phòng,Intra region,SPB,819,4.56,11.15,17.16,18.2,51.28
2026-07-21,Hà Nội,Hải Phòng,Intra region,SPE,5819,4.04,10.25,15.7,14.93,45.36
2026-07-21,Hà Nội,Hồ Chí Minh,Cross metro,SPB,2080,5.06,11.27,46.51,13.92,77.05
2026-07-21,Hà Nội,Hồ Chí Minh,Cross metro,SPE,4447,4.48,8.85,48.9,9.42,71.79
2026-07-21,Hà Nội,Lào Cai,Intra region,SPB,237,3.96,10.27,17.57,21.54,53.45
2026-07-21,Hà Nội,Lào Cai,Intra region,SPE,2079,3.72,10.36,18.82,17.14,50.2
2026-07-21,Hà Nội,Lâm Đồng,Cross region,SPB,444,5.09,11.26,49.24,16.83,82.35
2026-07-21,Hà Nội,Lâm Đồng,Cross region,SPE,2719,4.13,10.23,52.35,14.71,81.41
2026-07-21,Hà Nội,Nghệ An,Cross region,SPB,376,3.98,10.68,23.11,19.74,57.42
2026-07-21,Hà Nội,Nghệ An,Cross region,SPE,2959,3.99,10.09,26.11,23.0,63.34
2026-07-21,Hà Nội,Ninh Bình,Intra region,SPB,628,4.2,10.41,13.83,12.4,41.06
2026-07-21,Hà Nội,Ninh Bình,Intra region,SPE,4804,3.77,10.4,13.84,10.4,38.38
2026-07-21,Hà Nội,Phú Thọ,Intra region,SPB,564,4.5,10.02,14.5,12.94,42.17
2026-07-21,Hà Nội,Phú Thọ,Intra region,SPE,5130,3.86,10.02,15.2,12.35,41.87
2026-07-21,Hà Nội,Quảng Ninh,Intra region,SPB,450,4.66,11.7,19.93,14.68,50.84
2026-07-21,Hà Nội,Quảng Ninh,Intra region,SPE,2655,4.01,10.33,20.24,14.92,49.92
2026-07-21,Hà Nội,Thanh Hóa,Intra region,SPB,608,4.33,10.19,21.08,18.01,53.71
2026-07-21,Hà Nội,Thanh Hóa,Intra region,SPE,3714,3.69,9.92,19.94,18.03,51.8
2026-07-21,Hà Nội,Tây Ninh,Cross region,SPB,265,4.93,11.05,48.15,22.32,86.31
2026-07-21,Hà Nội,Tây Ninh,Cross region,SPE,2657,3.93,10.59,45.23,21.26,81.04
2026-07-21,Hà Nội,Đà Nẵng,Cross metro *,SPB,504,5.33,10.62,29.88,17.56,63.16
2026-07-21,Hà Nội,Đà Nẵng,Cross metro *,SPE,1010,4.65,8.44,30.98,15.33,59.48
2026-07-21,Hà Nội,Đắk Lắk,Cross region,SPB,270,3.34,10.22,41.45,12.91,68.42
2026-07-21,Hà Nội,Đắk Lắk,Cross region,SPE,2151,3.86,10.09,43.47,13.85,71.38
2026-07-21,Hà Nội,Đồng Nai,Cross region,SPB,439,4.79,12.04,47.71,18.68,83.11
2026-07-21,Hà Nội,Đồng Nai,Cross region,SPE,4135,4.06,10.27,49.73,19.97,83.98
2026-07-21,Hồ Chí Minh,An Giang,Intra region,SPB,1029,4.74,9.27,18.72,19.14,51.78
2026-07-21,Hồ Chí Minh,An Giang,Intra region,SPE,5045,4.21,9.0,16.52,18.86,48.38
2026-07-21,Hồ Chí Minh,Cà Mau,Intra region,SPB,418,4.58,8.92,15.62,15.58,44.85
2026-07-21,Hồ Chí Minh,Cà Mau,Intra region,SPE,2381,4.13,9.2,14.85,12.85,40.92
2026-07-21,Hồ Chí Minh,Cần Thơ,Intra region,SPB,865,4.71,8.57,14.96,12.47,41.05
2026-07-21,Hồ Chí Minh,Cần Thơ,Intra region,SPE,4505,4.28,9.56,13.85,11.29,38.82
2026-07-21,Hồ Chí Minh,Gia Lai,Cross region,SPB,441,5.2,8.45,32.9,13.95,60.06
2026-07-21,Hồ Chí Minh,Gia Lai,Cross region,SPE,2180,4.21,8.64,31.96,13.02,57.55
2026-07-21,Hồ Chí Minh,Hà Nội,Cross metro,SPB,1657,5.71,7.73,51.59,13.53,78.94
2026-07-21,Hồ Chí Minh,Hà Nội,Cross metro,SPE,2174,4.14,7.38,51.75,11.63,75.13
2026-07-21,Hồ Chí Minh,Hải Phòng,Cross region,SPB,409,5.23,7.75,56.53,20.77,90.71
2026-07-21,Hồ Chí Minh,Hải Phòng,Cross region,SPE,2586,4.5,8.83,55.87,18.33,87.55
2026-07-21,Hồ Chí Minh,Hồ Chí Minh,Intra city,SPB,7444,5.57,7.83,12.05,6.1,24.56
2026-07-21,Hồ Chí Minh,Hồ Chí Minh,Intra city,SPE,4759,5.29,10.13,13.97,8.97,38.14
2026-07-21,Hồ Chí Minh,Khánh Hòa,Cross region,SPB,545,5.84,8.0,25.82,27.59,67.32
2026-07-21,Hồ Chí Minh,Khánh Hòa,Cross region,SPE,1664,4.53,8.98,25.19,11.78,50.25
2026-07-21,Hồ Chí Minh,Lâm Đồng,Cross region,SPB,1051,5.24,8.07,20.98,15.81,50.13
2026-07-21,Hồ Chí Minh,Lâm Đồng,Cross region,SPE,3579,4.1,8.96,18.54,12.15,43.65
2026-07-21,Hồ Chí Minh,Ninh Bình,Cross region,SPB,296,6.12,7.89,46.15,16.84,76.77
2026-07-21,Hồ Chí Minh,Ninh Bình,Cross region,SPE,1983,4.16,9.04,47.95,14.79,75.87
2026-07-21,Hồ Chí Minh,Tây Ninh,Intra region,SPB,1035,5.19,8.28,11.87,16.77,42.44
2026-07-21,Hồ Chí Minh,Tây Ninh,Intra region,SPE,4530,4.09,8.99,10.79,14.18,37.87
2026-07-21,Hồ Chí Minh,Vĩnh Long,Intra region,SPB,723,4.9,9.53,13.52,13.41,41.27
2026-07-21,Hồ Chí Minh,Vĩnh Long,Intra region,SPE,3416,4.11,9.15,13.17,13.65,39.92
2026-07-21,Hồ Chí Minh,Đà Nẵng,Cross metro *,SPB,701,5.44,8.36,34.7,14.14,62.89
2026-07-21,Hồ Chí Minh,Đà Nẵng,Cross metro *,SPE,788,4.15,7.66,34.0,13.23,59.15
2026-07-21,Hồ Chí Minh,Đắk Lắk,Cross region,SPB,458,5.76,8.29,26.45,14.66,55.27
2026-07-21,Hồ Chí Minh,Đắk Lắk,Cross region,SPE,2081,4.23,9.21,26.29,14.33,53.79
2026-07-21,Hồ Chí Minh,Đồng Nai,Intra region,SPB,1652,4.86,8.03,13.81,12.72,39.65
2026-07-21,Hồ Chí Minh,Đồng Nai,Intra region,SPE,6834,4.25,9.09,14.14,14.6,41.99
2026-07-21,Hồ Chí Minh,Đồng Tháp,Intra region,SPB,758,5.15,8.94,12.76,13.51,40.62
2026-07-21,Hồ Chí Minh,Đồng Tháp,Intra region,SPE,3622,4.0,9.38,12.48,13.35,39.13
2026-07-21,Đà Nẵng,Hà Nội,Cross metro *,SPB,82,6.29,6.1,38.08,12.63,63.03
2026-07-21,Đà Nẵng,Hà Nội,Cross metro *,SPE,45,4.56,9.08,33.82,9.94,57.18
2026-07-21,Đà Nẵng,Hồ Chí Minh,Cross metro *,SPB,79,4.41,6.96,40.05,10.03,61.13
2026-07-21,Đà Nẵng,Hồ Chí Minh,Cross metro *,SPE,54,3.62,9.79,36.63,7.51,57.63
2026-07-20,,,,SPB,7,1.72,6.19,25.11,20.27,53.31
2026-07-20,,,,SPE,37,2.65,13.27,32.58,30.0,78.6
2026-07-20,Bắc Ninh,Hà Nội,Intra region,SPB,1854,10.08,7.8,20.46,10.82,49.18
2026-07-20,Bắc Ninh,Hà Nội,Intra region,SPE,2493,7.1,11.34,12.3,9.87,40.63
2026-07-20,Hà Nội,An Giang,Cross region,SPB,583,4.66,11.75,57.56,22.72,96.39
2026-07-20,Hà Nội,An Giang,Cross region,SPE,3753,4.32,11.4,55.55,20.79,92.38
2026-07-20,Hà Nội,Bắc Ninh,Intra region,SPB,1120,4.5,11.92,15.45,16.23,47.97
2026-07-20,Hà Nội,Bắc Ninh,Intra region,SPE,6056,4.3,10.85,13.1,16.14,44.83
2026-07-20,Hà Nội,Cần Thơ,Cross region,SPB,460,4.63,10.37,52.81,18.4,86.34
2026-07-20,Hà Nội,Cần Thơ,Cross region,SPE,3620,4.36,10.77,50.84,16.81,83.3
2026-07-20,Hà Nội,Gia Lai,Cross region,SPB,466,4.77,10.61,39.68,12.59,68.36
2026-07-20,Hà Nội,Gia Lai,Cross region,SPE,2792,4.07,10.76,40.25,10.81,66.26
2026-07-20,Hà Nội,Hà Nội,Intra city,SPB,5208,6.49,12.73,21.0,9.41,47.32
2026-07-20,Hà Nội,Hà Nội,Intra city,SPE,2901,5.83,11.92,14.47,9.84,41.38
2026-07-20,Hà Nội,Hưng Yên,Intra region,SPB,1013,4.16,12.2,13.31,16.19,46.11
2026-07-20,Hà Nội,Hưng Yên,Intra region,SPE,5468,4.31,10.61,14.97,17.66,47.93
2026-07-20,Hà Nội,Hải Phòng,Intra region,SPB,1549,4.06,11.69,17.13,19.5,52.87
2026-07-20,Hà Nội,Hải Phòng,Intra region,SPE,7788,4.47,10.9,15.66,15.38,46.82
2026-07-20,Hà Nội,Hồ Chí Minh,Cross metro,SPB,3630,5.32,11.66,46.79,12.79,76.51
2026-07-20,Hà Nội,Hồ Chí Minh,Cross metro,SPE,6242,4.59,9.9,48.8,8.92,72.49
2026-07-20,Hà Nội,Lào Cai,Intra region,SPB,402,4.77,12.88,17.53,18.83,53.89
2026-07-20,Hà Nội,Lào Cai,Intra region,SPE,2591,3.97,11.12,18.67,16.92,51.25
2026-07-20,Hà Nội,Lâm Đồng,Cross region,SPB,713,5.58,11.79,48.98,18.31,84.56
2026-07-20,Hà Nội,Lâm Đồng,Cross region,SPE,3430,4.41,11.12,52.27,14.71,82.52
2026-07-20,Hà Nội,Nghệ An,Cross region,SPB,688,4.77,11.74,23.14,21.0,61.07
2026-07-20,Hà Nội,Nghệ An,Cross region,SPE,3562,4.38,10.92,26.13,23.48,65.36
2026-07-20,Hà Nội,Ninh Bình,Intra region,SPB,1223,4.63,12.1,13.23,11.03,40.99
2026-07-20,Hà Nội,Ninh Bình,Intra region,SPE,6202,4.29,10.79,13.74,10.8,39.92
2026-07-20,Hà Nội,Phú Thọ,Intra region,SPB,1032,5.13,11.97,14.31,12.72,44.33
2026-07-20,Hà Nội,Phú Thọ,Intra region,SPE,6523,4.22,10.94,15.02,12.58,43.27
2026-07-20,Hà Nội,Quảng Ninh,Intra region,SPB,710,5.74,11.7,20.59,14.89,52.88
2026-07-20,Hà Nội,Quảng Ninh,Intra region,SPE,3455,4.51,10.95,20.85,15.63,52.41
2026-07-20,Hà Nội,Thanh Hóa,Intra region,SPB,1047,4.36,12.17,21.04,18.19,55.65
2026-07-20,Hà Nội,Thanh Hóa,Intra region,SPE,4715,4.05,10.83,20.53,19.65,55.59
2026-07-20,Hà Nội,Tây Ninh,Cross region,SPB,469,3.94,11.65,46.9,20.1,82.57
2026-07-20,Hà Nội,Tây Ninh,Cross region,SPE,3327,4.43,10.99,45.59,19.39,80.65
2026-07-20,Hà Nội,Đà Nẵng,Cross metro *,SPB,902,5.22,10.93,31.35,16.77,64.55
2026-07-20,Hà Nội,Đà Nẵng,Cross metro *,SPE,1418,4.13,10.59,30.75,13.58,58.96
2026-07-20,Hà Nội,Đắk Lắk,Cross region,SPB,458,4.88,10.58,43.09,12.21,70.99
2026-07-20,Hà Nội,Đắk Lắk,Cross region,SPE,2737,4.55,10.93,43.32,14.03,73.02
2026-07-20,Hà Nội,Đồng Nai,Cross region,SPB,822,5.21,11.98,46.96,19.78,84.16
2026-07-20,Hà Nội,Đồng Nai,Cross region,SPE,5335,4.35,10.9,51.29,19.51,86.46
2026-07-20,Hồ Chí Minh,An Giang,Intra region,SPB,2003,5.44,9.49,17.81,16.87,49.7
2026-07-20,Hồ Chí Minh,An Giang,Intra region,SPE,6773,4.55,9.44,17.16,18.4,49.38
2026-07-20,Hồ Chí Minh,Cà Mau,Intra region,SPB,854,5.51,8.64,15.61,17.83,48.03
2026-07-20,Hồ Chí Minh,Cà Mau,Intra region,SPE,3335,4.45,9.49,15.59,13.13,42.49
2026-07-20,Hồ Chí Minh,Cần Thơ,Intra region,SPB,1547,5.77,9.41,14.42,11.61,41.25
2026-07-20,Hồ Chí Minh,Cần Thơ,Intra region,SPE,6302,4.51,9.62,14.11,11.37,39.52
2026-07-20,Hồ Chí Minh,Gia Lai,Cross region,SPB,910,7.49,8.02,31.58,14.76,62.17
2026-07-20,Hồ Chí Minh,Gia Lai,Cross region,SPE,2908,4.37,9.17,30.78,12.74,56.84
2026-07-20,Hồ Chí Minh,Hà Nội,Cross metro,SPB,3428,7.48,8.24,56.43,11.53,84.15
2026-07-20,Hồ Chí Minh,Hà Nội,Cross metro,SPE,3206,3.74,8.35,50.06,10.42,72.69
2026-07-20,Hồ Chí Minh,Hải Phòng,Cross region,SPB,921,6.78,8.8,54.57,19.27,89.79
2026-07-20,Hồ Chí Minh,Hải Phòng,Cross region,SPE,3547,4.8,9.13,57.21,18.22,89.23
2026-07-20,Hồ Chí Minh,Hồ Chí Minh,Intra city,SPB,12390,7.26,7.71,12.07,6.7,27.37
2026-07-20,Hồ Chí Minh,Hồ Chí Minh,Intra city,SPE,6361,4.88,8.28,14.36,9.54,37.1
2026-07-20,Hồ Chí Minh,Khánh Hòa,Cross region,SPB,1007,6.96,8.91,25.31,23.98,65.52
2026-07-20,Hồ Chí Minh,Khánh Hòa,Cross region,SPE,2150,4.63,8.9,23.72,11.2,48.3
2026-07-20,Hồ Chí Minh,Lâm Đồng,Cross region,SPB,2044,6.48,9.06,20.81,14.69,51.56
2026-07-20,Hồ Chí Minh,Lâm Đồng,Cross region,SPE,4792,4.72,9.53,18.31,12.31,44.67
2026-07-20,Hồ Chí Minh,Ninh Bình,Cross region,SPB,567,7.95,8.07,46.4,15.25,77.85
2026-07-20,Hồ Chí Minh,Ninh Bình,Cross region,SPE,2588,4.28,9.3,48.93,15.33,77.86
2026-07-20,Hồ Chí Minh,Tây Ninh,Intra region,SPB,1866,5.56,9.07,12.07,16.54,43.33
2026-07-20,Hồ Chí Minh,Tây Ninh,Intra region,SPE,6366,4.47,9.08,10.53,14.13,37.97
2026-07-20,Hồ Chí Minh,Vĩnh Long,Intra region,SPB,1286,5.22,8.85,13.81,13.35,41.4
2026-07-20,Hồ Chí Minh,Vĩnh Long,Intra region,SPE,4763,4.38,9.16,13.32,13.63,40.35
2026-07-20,Hồ Chí Minh,Đà Nẵng,Cross metro *,SPB,1417,6.05,8.91,33.93,14.06,63.46
2026-07-20,Hồ Chí Minh,Đà Nẵng,Cross metro *,SPE,1111,3.92,8.21,33.25,13.27,58.59
2026-07-20,Hồ Chí Minh,Đắk Lắk,Cross region,SPB,920,7.0,7.48,27.1,13.81,55.64
2026-07-20,Hồ Chí Minh,Đắk Lắk,Cross region,SPE,2775,4.63,9.1,26.25,13.13,52.82
2026-07-20,Hồ Chí Minh,Đồng Nai,Intra region,SPB,3065,6.45,8.46,14.28,12.64,41.94
2026-07-20,Hồ Chí Minh,Đồng Nai,Intra region,SPE,9554,4.67,9.12,14.37,15.85,43.87
2026-07-20,Hồ Chí Minh,Đồng Tháp,Intra region,SPB,1423,5.58,9.36,13.57,13.69,42.41
2026-07-20,Hồ Chí Minh,Đồng Tháp,Intra region,SPE,5001,4.35,9.24,12.63,13.75,39.71
2026-07-20,Đà Nẵng,Hà Nội,Cross metro *,SPB,150,5.78,5.71,43.3,10.49,66.86
2026-07-20,Đà Nẵng,Hà Nội,Cross metro *,SPE,62,1.6,8.8,37.4,9.51,57.15
2026-07-20,Đà Nẵng,Hồ Chí Minh,Cross metro *,SPB,186,4.47,6.25,36.05,10.26,57.11
2026-07-20,Đà Nẵng,Hồ Chí Minh,Cross metro *,SPE,123,3.32,10.74,36.41,9.03,59.35
2026-07-19,,,,SPB,5,4.32,18.83,27.93,9.36,60.47
2026-07-19,,,,SPE,19,8.41,16.3,38.23,19.95,82.91
2026-07-19,Bắc Ninh,Hà Nội,Intra region,SPB,518,10.6,8.8,19.83,11.14,50.43
2026-07-19,Bắc Ninh,Hà Nội,Intra region,SPE,1456,10.08,13.03,12.65,9.99,45.19
2026-07-19,Hà Nội,An Giang,Cross region,SPB,216,7.76,13.0,57.52,19.79,98.26
2026-07-19,Hà Nội,An Giang,Cross region,SPE,1821,7.77,13.93,55.18,20.67,97.6
2026-07-19,Hà Nội,Bắc Ninh,Intra region,SPB,375,9.67,12.7,15.67,15.19,53.29
2026-07-19,Hà Nội,Bắc Ninh,Intra region,SPE,2687,7.84,14.76,12.83,16.12,51.57
2026-07-19,Hà Nội,Cần Thơ,Cross region,SPB,174,9.01,12.22,52.23,16.76,90.28
2026-07-19,Hà Nội,Cần Thơ,Cross region,SPE,1745,7.84,14.29,50.42,17.47,90.23
2026-07-19,Hà Nội,Gia Lai,Cross region,SPB,145,7.52,14.72,41.74,13.09,77.54
2026-07-19,Hà Nội,Gia Lai,Cross region,SPE,1419,6.75,13.56,40.64,11.26,72.23
2026-07-19,Hà Nội,Hà Nội,Intra city,SPB,1069,9.61,12.97,20.76,9.6,51.11
2026-07-19,Hà Nội,Hà Nội,Intra city,SPE,405,6.74,15.79,12.78,10.05,44.65
2026-07-19,Hà Nội,Hưng Yên,Intra region,SPB,332,7.76,12.38,14.3,15.17,49.65
2026-07-19,Hà Nội,Hưng Yên,Intra region,SPE,2426,7.31,14.43,15.35,16.29,53.58
2026-07-19,Hà Nội,Hải Phòng,Intra region,SPB,533,9.17,14.96,16.39,20.3,60.28
2026-07-19,Hà Nội,Hải Phòng,Intra region,SPE,3350,8.44,13.8,16.74,15.74,54.78
2026-07-19,Hà Nội,Hồ Chí Minh,Cross metro,SPB,1171,9.34,15.09,47.19,13.68,85.21
2026-07-19,Hà Nội,Hồ Chí Minh,Cross metro,SPE,3163,8.76,11.42,48.6,8.61,78.17
2026-07-19,Hà Nội,Lào Cai,Intra region,SPB,181,8.33,13.05,18.26,16.02,55.42
2026-07-19,Hà Nội,Lào Cai,Intra region,SPE,1274,7.32,14.86,17.52,17.87,57.9
2026-07-19,Hà Nội,Lâm Đồng,Cross region,SPB,308,8.57,13.47,60.79,17.33,100.27
2026-07-19,Hà Nội,Lâm Đồng,Cross region,SPE,1493,6.96,14.29,52.64,14.51,88.3
2026-07-19,Hà Nội,Nghệ An,Cross region,SPB,223,9.38,10.4,25.9,21.16,66.83
2026-07-19,Hà Nội,Nghệ An,Cross region,SPE,1765,7.55,13.75,26.03,21.84,69.39
2026-07-19,Hà Nội,Ninh Bình,Intra region,SPB,386,8.57,14.39,13.16,11.57,47.47
2026-07-19,Hà Nội,Ninh Bình,Intra region,SPE,2742,8.12,14.05,13.98,10.8,46.93
2026-07-19,Hà Nội,Phú Thọ,Intra region,SPB,341,8.11,15.81,14.73,12.46,51.08
2026-07-19,Hà Nội,Phú Thọ,Intra region,SPE,2981,7.75,13.97,14.94,12.77,49.92
2026-07-19,Hà Nội,Quảng Ninh,Intra region,SPB,284,9.36,12.13,21.46,11.7,54.26
2026-07-19,Hà Nội,Quảng Ninh,Intra region,SPE,1437,7.79,14.01,20.81,15.09,57.75
2026-07-19,Hà Nội,Thanh Hóa,Intra region,SPB,343,9.15,10.35,20.06,16.48,56.43
2026-07-19,Hà Nội,Thanh Hóa,Intra region,SPE,2344,7.58,13.42,21.25,18.73,61.62
2026-07-19,Hà Nội,Tây Ninh,Cross region,SPB,183,7.92,11.76,48.83,15.9,85.11
2026-07-19,Hà Nội,Tây Ninh,Cross region,SPE,1595,7.94,13.6,45.75,19.14,86.32
2026-07-19,Hà Nội,Đà Nẵng,Cross metro *,SPB,297,10.01,12.18,30.41,15.93,68.78
2026-07-19,Hà Nội,Đà Nẵng,Cross metro *,SPE,713,8.1,11.92,31.96,13.94,65.49
2026-07-19,Hà Nội,Đắk Lắk,Cross region,SPB,174,6.22,13.86,43.07,13.39,76.52
2026-07-19,Hà Nội,Đắk Lắk,Cross region,SPE,1243,7.43,14.01,45.4,12.7,79.85
2026-07-19,Hà Nội,Đồng Nai,Cross region,SPB,297,6.55,14.01,47.96,20.39,88.71
2026-07-19,Hà Nội,Đồng Nai,Cross region,SPE,2528,7.46,13.26,51.61,19.06,91.25
2026-07-19,Hồ Chí Minh,An Giang,Intra region,SPB,603,9.22,10.77,17.48,14.5,52.04
2026-07-19,Hồ Chí Minh,An Giang,Intra region,SPE,2810,8.55,12.03,17.26,17.99,55.66
2026-07-19,Hồ Chí Minh,Cà Mau,Intra region,SPB,269,10.07,11.0,15.49,15.72,52.15
2026-07-19,Hồ Chí Minh,Cà Mau,Intra region,SPE,1343,8.34,12.54,16.08,13.29,49.91
2026-07-19,Hồ Chí Minh,Cần Thơ,Intra region,SPB,505,9.97,10.05,14.9,10.94,46.22
2026-07-19,Hồ Chí Minh,Cần Thơ,Intra region,SPE,2702,8.55,12.19,14.59,11.31,46.4
2026-07-19,Hồ Chí Minh,Gia Lai,Cross region,SPB,205,10.37,8.55,30.69,13.82,63.94
2026-07-19,Hồ Chí Minh,Gia Lai,Cross region,SPE,1262,8.38,12.04,32.26,11.57,64.14
2026-07-19,Hồ Chí Minh,Hà Nội,Cross metro,SPB,787,11.18,8.7,58.58,12.2,91.33
2026-07-19,Hồ Chí Minh,Hà Nội,Cross metro,SPE,1152,10.96,12.01,49.9,9.77,82.58
2026-07-19,Hồ Chí Minh,Hải Phòng,Cross region,SPB,203,10.11,7.77,53.7,20.0,92.27
2026-07-19,Hồ Chí Minh,Hải Phòng,Cross region,SPE,1390,9.1,11.95,58.4,17.79,97.27
2026-07-19,Hồ Chí Minh,Hồ Chí Minh,Intra city,SPB,2607,10.99,8.29,12.22,8.03,34.81
2026-07-19,Hồ Chí Minh,Hồ Chí Minh,Intra city,SPE,1673,9.13,11.07,15.36,9.59,45.05
2026-07-19,Hồ Chí Minh,Khánh Hòa,Cross region,SPB,246,10.83,8.97,23.32,21.21,64.91
2026-07-19,Hồ Chí Minh,Khánh Hòa,Cross region,SPE,802,8.69,11.25,21.71,11.24,52.58
2026-07-19,Hồ Chí Minh,Lâm Đồng,Cross region,SPB,556,10.47,10.07,19.55,13.1,53.74
2026-07-19,Hồ Chí Minh,Lâm Đồng,Cross region,SPE,1806,8.5,12.26,18.26,10.68,49.32
2026-07-19,Hồ Chí Minh,Ninh Bình,Cross region,SPB,106,9.98,7.08,48.02,13.32,79.66
2026-07-19,Hồ Chí Minh,Ninh Bình,Cross region,SPE,1087,8.99,12.41,50.14,14.8,86.29
2026-07-19,Hồ Chí Minh,Tây Ninh,Intra region,SPB,517,10.72,9.54,11.68,15.21,47.0
2026-07-19,Hồ Chí Minh,Tây Ninh,Intra region,SPE,2540,8.84,11.69,10.66,14.57,45.62
2026-07-19,Hồ Chí Minh,Vĩnh Long,Intra region,SPB,398,10.32,10.0,13.61,12.43,46.42
2026-07-19,Hồ Chí Minh,Vĩnh Long,Intra region,SPE,2080,8.58,12.24,13.65,14.46,48.84
2026-07-19,Hồ Chí Minh,Đà Nẵng,Cross metro *,SPB,342,10.05,9.45,31.28,15.78,66.82
2026-07-19,Hồ Chí Minh,Đà Nẵng,Cross metro *,SPE,453,9.79,11.46,32.87,13.87,68.11
2026-07-19,Hồ Chí Minh,Đắk Lắk,Cross region,SPB,217,11.16,11.16,26.97,15.75,64.33
2026-07-19,Hồ Chí Minh,Đắk Lắk,Cross region,SPE,1170,8.79,11.87,26.55,13.12,60.26
2026-07-19,Hồ Chí Minh,Đồng Nai,Intra region,SPB,872,10.35,7.97,14.22,12.48,45.35
2026-07-19,Hồ Chí Minh,Đồng Nai,Intra region,SPE,3881,8.37,12.25,15.3,15.2,50.88
2026-07-19,Hồ Chí Minh,Đồng Tháp,Intra region,SPB,401,9.69,10.27,12.78,13.67,46.36
2026-07-19,Hồ Chí Minh,Đồng Tháp,Intra region,SPE,2111,7.98,12.2,13.52,14.22,47.59
2026-07-19,Đà Nẵng,Hà Nội,Cross metro *,SPB,37,8.6,4.65,45.26,8.28,67.17
2026-07-19,Đà Nẵng,Hà Nội,Cross metro *,SPE,16,5.48,13.55,43.53,8.48,71.07
2026-07-19,Đà Nẵng,Hồ Chí Minh,Cross metro *,SPB,54,8.96,6.63,37.27,7.91,61.55
2026-07-19,Đà Nẵng,Hồ Chí Minh,Cross metro *,SPE,26,5.59,12.3,36.54,10.03,66.34
2026-07-18,,,,SPB,3,17.15,4.64,46.38,11.25,79.44
2026-07-18,,,,SPE,30,7.78,8.71,36.0,17.25,71.14
2026-07-18,Bắc Ninh,Hà Nội,Intra region,SPB,635,9.55,12.44,18.93,11.57,52.51
2026-07-18,Bắc Ninh,Hà Nội,Intra region,SPE,1313,8.5,13.17,13.07,12.12,46.02
2026-07-18,Hà Nội,An Giang,Cross region,SPB,252,8.55,11.81,55.52,21.9,97.83
2026-07-18,Hà Nội,An Giang,Cross region,SPE,2102,5.32,12.02,54.5,20.52,92.9
2026-07-18,Hà Nội,Bắc Ninh,Intra region,SPB,449,5.36,12.02,15.5,19.45,52.81
2026-07-18,Hà Nội,Bắc Ninh,Intra region,SPE,3082,5.1,11.5,13.81,17.53,48.39
2026-07-18,Hà Nội,Cần Thơ,Cross region,SPB,188,6.98,11.08,51.59,19.41,89.77
2026-07-18,Hà Nội,Cần Thơ,Cross region,SPE,1974,6.12,11.2,50.66,16.76,85.62
2026-07-18,Hà Nội,Gia Lai,Cross region,SPB,185,6.15,12.12,41.05,13.68,72.83
2026-07-18,Hà Nội,Gia Lai,Cross region,SPE,1621,5.59,11.0,40.53,11.24,68.6
2026-07-18,Hà Nội,Hà Nội,Intra city,SPB,1690,9.74,11.01,23.6,11.72,55.11
2026-07-18,Hà Nội,Hà Nội,Intra city,SPE,852,10.73,9.2,12.99,13.08,45.37
2026-07-18,Hà Nội,Hưng Yên,Intra region,SPB,355,7.4,11.82,13.08,15.91,48.61
2026-07-18,Hà Nội,Hưng Yên,Intra region,SPE,2872,5.1,11.12,13.31,17.72,47.62
2026-07-18,Hà Nội,Hải Phòng,Intra region,SPB,639,6.89,10.63,18.32,20.95,56.89
2026-07-18,Hà Nội,Hải Phòng,Intra region,SPE,3986,5.4,11.46,20.14,18.7,56.18
2026-07-18,Hà Nội,Hồ Chí Minh,Cross metro,SPB,1381,8.49,12.15,50.19,13.03,84.0
2026-07-18,Hà Nội,Hồ Chí Minh,Cross metro,SPE,3089,8.03,10.28,49.64,9.09,78.06
2026-07-18,Hà Nội,Lào Cai,Intra region,SPB,141,8.35,13.33,17.25,23.66,62.74
2026-07-18,Hà Nội,Lào Cai,Intra region,SPE,1425,5.15,11.17,17.52,16.54,51.13
2026-07-18,Hà Nội,Lâm Đồng,Cross region,SPB,326,7.14,11.94,61.4,17.25,96.94
2026-07-18,Hà Nội,Lâm Đồng,Cross region,SPE,1853,5.09,10.24,51.39,15.93,83.08
2026-07-18,Hà Nội,Nghệ An,Cross region,SPB,252,8.23,9.74,24.17,23.63,65.3
2026-07-18,Hà Nội,Nghệ An,Cross region,SPE,2059,4.47,10.95,25.84,24.84,66.66
2026-07-18,Hà Nội,Ninh Bình,Intra region,SPB,441,6.67,11.07,12.69,12.19,42.71
2026-07-18,Hà Nội,Ninh Bình,Intra region,SPE,3372,5.05,10.94,13.16,10.74,40.17
2026-07-18,Hà Nội,Phú Thọ,Intra region,SPB,369,6.1,11.14,14.66,15.32,46.97
2026-07-18,Hà Nội,Phú Thọ,Intra region,SPE,3504,5.15,11.31,15.72,12.65,45.52
2026-07-18,Hà Nội,Quảng Ninh,Intra region,SPB,279,6.85,9.96,21.29,15.62,53.86
2026-07-18,Hà Nội,Quảng Ninh,Intra region,SPE,1699,5.77,11.62,20.16,16.95,55.05
2026-07-18,Hà Nội,Thanh Hóa,Intra region,SPB,438,6.52,11.65,17.72,16.97,52.72
2026-07-18,Hà Nội,Thanh Hóa,Intra region,SPE,2718,4.57,11.24,19.41,17.51,53.27
2026-07-18,Hà Nội,Tây Ninh,Cross region,SPB,197,5.94,12.34,49.3,24.68,93.67
2026-07-18,Hà Nội,Tây Ninh,Cross region,SPE,1644,5.26,11.55,44.65,21.18,83.23
2026-07-18,Hà Nội,Đà Nẵng,Cross metro *,SPB,334,7.3,11.72,30.14,17.85,66.86
2026-07-18,Hà Nội,Đà Nẵng,Cross metro *,SPE,672,7.66,8.91,30.12,14.14,61.83
2026-07-18,Hà Nội,Đắk Lắk,Cross region,SPB,167,6.8,11.53,43.09,15.33,76.61
2026-07-18,Hà Nội,Đắk Lắk,Cross region,SPE,1548,5.04,10.5,45.76,13.7,75.6
2026-07-18,Hà Nội,Đồng Nai,Cross region,SPB,353,5.9,10.71,52.13,17.64,86.23
2026-07-18,Hà Nội,Đồng Nai,Cross region,SPE,2660,5.46,11.18,53.07,18.96,88.99
2026-07-18,Hồ Chí Minh,An Giang,Intra region,SPB,806,7.46,8.51,16.6,13.89,46.3
2026-07-18,Hồ Chí Minh,An Giang,Intra region,SPE,3459,5.75,10.12,16.23,17.8,49.95
2026-07-18,Hồ Chí Minh,Cà Mau,Intra region,SPB,325,5.9,8.2,15.65,16.76,46.56
2026-07-18,Hồ Chí Minh,Cà Mau,Intra region,SPE,1704,5.52,10.13,15.81,12.43,43.96
2026-07-18,Hồ Chí Minh,Cần Thơ,Intra region,SPB,611,7.41,7.94,13.6,11.97,41.15
2026-07-18,Hồ Chí Minh,Cần Thơ,Intra region,SPE,2983,5.84,10.72,13.54,11.47,41.69
2026-07-18,Hồ Chí Minh,Gia Lai,Cross region,SPB,285,8.45,8.61,30.36,14.49,61.76
2026-07-18,Hồ Chí Minh,Gia Lai,Cross region,SPE,1491,5.63,10.06,31.74,10.9,58.19
2026-07-18,Hồ Chí Minh,Hà Nội,Cross metro,SPB,999,7.72,9.36,55.31,11.29,83.8
2026-07-18,Hồ Chí Minh,Hà Nội,Cross metro,SPE,1529,7.76,8.09,46.68,10.79,73.41
2026-07-18,Hồ Chí Minh,Hải Phòng,Cross region,SPB,288,6.52,7.71,52.24,23.42,89.91
2026-07-18,Hồ Chí Minh,Hải Phòng,Cross region,SPE,1713,6.31,10.9,56.01,18.41,91.68
2026-07-18,Hồ Chí Minh,Hồ Chí Minh,Intra city,SPB,4156,10.09,7.83,11.81,7.99,34.78
2026-07-18,Hồ Chí Minh,Hồ Chí Minh,Intra city,SPE,2664,9.31,9.77,14.32,11.27,44.34
2026-07-18,Hồ Chí Minh,Khánh Hòa,Cross region,SPB,336,8.16,8.94,21.69,30.1,69.05
2026-07-18,Hồ Chí Minh,Khánh Hòa,Cross region,SPE,1038,5.29,10.43,20.42,13.96,50.22
2026-07-18,Hồ Chí Minh,Lâm Đồng,Cross region,SPB,736,7.65,8.69,18.59,14.05,48.93
2026-07-18,Hồ Chí Minh,Lâm Đồng,Cross region,SPE,2449,5.81,10.87,17.26,13.23,46.85
2026-07-18,Hồ Chí Minh,Ninh Bình,Cross region,SPB,170,7.93,10.87,44.8,16.19,79.3
2026-07-18,Hồ Chí Minh,Ninh Bình,Cross region,SPE,1382,5.09,9.97,46.68,14.96,76.85
2026-07-18,Hồ Chí Minh,Tây Ninh,Intra region,SPB,690,7.83,7.94,11.59,18.42,45.99
2026-07-18,Hồ Chí Minh,Tây Ninh,Intra region,SPE,2976,6.32,10.31,10.53,16.26,43.57
2026-07-18,Hồ Chí Minh,Vĩnh Long,Intra region,SPB,488,7.73,8.23,13.09,12.88,41.94
2026-07-18,Hồ Chí Minh,Vĩnh Long,Intra region,SPE,2338,5.97,10.52,12.89,14.83,44.09
2026-07-18,Hồ Chí Minh,Đà Nẵng,Cross metro *,SPB,452,7.13,9.27,32.76,14.71,63.48
2026-07-18,Hồ Chí Minh,Đà Nẵng,Cross metro *,SPE,506,8.36,8.56,32.99,11.87,61.81
2026-07-18,Hồ Chí Minh,Đắk Lắk,Cross region,SPB,297,8.69,7.04,24.78,15.35,56.01
2026-07-18,Hồ Chí Minh,Đắk Lắk,Cross region,SPE,1442,5.85,10.49,25.43,15.33,56.89
2026-07-18,Hồ Chí Minh,Đồng Nai,Intra region,SPB,1105,7.64,7.62,14.12,14.27,43.72
2026-07-18,Hồ Chí Minh,Đồng Nai,Intra region,SPE,4790,6.21,10.21,14.06,15.84,46.32
2026-07-18,Hồ Chí Minh,Đồng Tháp,Intra region,SPB,551,7.33,9.8,12.92,12.4,42.48
2026-07-18,Hồ Chí Minh,Đồng Tháp,Intra region,SPE,2550,5.68,9.83,12.36,14.43,42.34
2026-07-18,Đà Nẵng,Hà Nội,Cross metro *,SPB,59,7.53,4.01,40.68,11.38,63.63
2026-07-18,Đà Nẵng,Hà Nội,Cross metro *,SPE,26,1.86,9.74,32.73,10.5,57.0
2026-07-18,Đà Nẵng,Hồ Chí Minh,Cross metro *,SPB,74,3.43,10.89,35.38,15.06,64.78
2026-07-18,Đà Nẵng,Hồ Chí Minh,Cross metro *,SPE,40,3.06,7.83,37.89,10.03,60.17
2026-07-17,,,,SPE,29,2.77,10.12,36.66,12.69,61.79
2026-07-17,Bắc Ninh,Hà Nội,Intra region,SPB,593,8.14,7.1,24.22,14.05,53.58
2026-07-17,Bắc Ninh,Hà Nội,Intra region,SPE,1539,8.31,12.72,12.96,12.7,45.93
2026-07-17,Hà Nội,An Giang,Cross region,SPB,337,3.81,10.9,56.67,19.54,90.44
2026-07-17,Hà Nội,An Giang,Cross region,SPE,2339,4.72,10.76,56.43,19.28,90.86
2026-07-17,Hà Nội,Bắc Ninh,Intra region,SPB,595,4.53,10.74,16.37,18.18,49.43
2026-07-17,Hà Nội,Bắc Ninh,Intra region,SPE,3610,4.76,10.26,12.24,17.57,44.89
2026-07-17,Hà Nội,Cần Thơ,Cross region,SPB,229,5.0,10.78,48.8,19.62,84.08
2026-07-17,Hà Nội,Cần Thơ,Cross region,SPE,2111,4.71,10.45,51.95,16.73,84.0
2026-07-17,Hà Nội,Gia Lai,Cross region,SPB,250,4.28,12.65,41.92,13.83,72.14
2026-07-17,Hà Nội,Gia Lai,Cross region,SPE,1721,4.61,9.96,44.06,11.75,70.08
2026-07-17,Hà Nội,Hà Nội,Intra city,SPB,2614,4.71,12.06,23.89,12.61,48.93
2026-07-17,Hà Nội,Hà Nội,Intra city,SPE,1436,3.02,10.27,13.88,12.63,39.96
2026-07-17,Hà Nội,Hưng Yên,Intra region,SPB,574,4.47,9.94,14.27,13.96,42.51
2026-07-17,Hà Nội,Hưng Yên,Intra region,SPE,3434,4.71,10.21,13.47,17.28,45.49
2026-07-17,Hà Nội,Hải Phòng,Intra region,SPB,868,5.26,11.23,20.11,19.03,55.4
2026-07-17,Hà Nội,Hải Phòng,Intra region,SPE,4611,4.9,10.05,21.23,19.34,55.48
2026-07-17,Hà Nội,Hồ Chí Minh,Cross metro,SPB,1750,6.27,12.21,50.1,13.54,81.9
2026-07-17,Hà Nội,Hồ Chí Minh,Cross metro,SPE,4238,4.91,9.71,49.97,10.89,75.65
2026-07-17,Hà Nội,Lào Cai,Intra region,SPB,240,5.32,13.91,18.77,18.03,55.12
2026-07-17,Hà Nội,Lào Cai,Intra region,SPE,1663,4.33,10.3,17.73,18.07,50.94
2026-07-17,Hà Nội,Lâm Đồng,Cross region,SPB,431,4.59,11.14,50.79,17.62,84.14
2026-07-17,Hà Nội,Lâm Đồng,Cross region,SPE,2399,4.76,10.07,50.6,17.78,83.13
2026-07-17,Hà Nội,Nghệ An,Cross region,SPB,322,6.56,10.77,23.71,21.26,62.21
2026-07-17,Hà Nội,Nghệ An,Cross region,SPE,2389,4.74,10.48,26.85,24.26,66.43
2026-07-17,Hà Nội,Ninh Bình,Intra region,SPB,610,4.43,10.79,13.2,12.01,39.93
2026-07-17,Hà Nội,Ninh Bình,Intra region,SPE,3911,4.74,10.07,13.18,11.38,39.4
2026-07-17,Hà Nội,Phú Thọ,Intra region,SPB,525,4.86,9.9,14.3,12.88,41.94
2026-07-17,Hà Nội,Phú Thọ,Intra region,SPE,4084,4.76,10.0,16.08,12.69,43.91
2026-07-17,Hà Nội,Quảng Ninh,Intra region,SPB,383,4.95,10.88,20.63,17.71,53.76
2026-07-17,Hà Nội,Quảng Ninh,Intra region,SPE,2096,4.35,10.15,21.09,16.84,52.61
2026-07-17,Hà Nội,Thanh Hóa,Intra region,SPB,563,4.68,11.88,19.45,19.22,55.13
2026-07-17,Hà Nội,Thanh Hóa,Intra region,SPE,3177,4.6,9.42,20.47,18.05,53.15
2026-07-17,Hà Nội,Tây Ninh,Cross region,SPB,267,5.19,13.18,46.98,21.24,86.42
2026-07-17,Hà Nội,Tây Ninh,Cross region,SPE,1879,4.49,10.78,45.53,21.05,82.04
2026-07-17,Hà Nội,Đà Nẵng,Cross metro *,SPB,480,5.01,11.03,29.79,18.5,64.14
2026-07-17,Hà Nội,Đà Nẵng,Cross metro *,SPE,977,3.94,8.57,29.82,17.09,60.38
2026-07-17,Hà Nội,Đắk Lắk,Cross region,SPB,236,3.69,11.58,41.79,12.61,69.82
2026-07-17,Hà Nội,Đắk Lắk,Cross region,SPE,1623,4.45,9.53,45.35,11.65,71.08
2026-07-17,Hà Nội,Đồng Nai,Cross region,SPB,426,5.23,11.48,53.09,17.89,87.34
2026-07-17,Hà Nội,Đồng Nai,Cross region,SPE,3084,4.81,10.51,51.4,20.16,86.56
2026-07-17,Hồ Chí Minh,An Giang,Intra region,SPB,1009,4.66,8.4,17.36,14.88,45.32
2026-07-17,Hồ Chí Minh,An Giang,Intra region,SPE,3855,4.62,8.76,16.3,17.01,46.4
2026-07-17,Hồ Chí Minh,Cà Mau,Intra region,SPB,437,5.34,7.32,16.1,20.42,49.24
2026-07-17,Hồ Chí Minh,Cà Mau,Intra region,SPE,2012,4.71,8.7,14.86,12.22,40.36
2026-07-17,Hồ Chí Minh,Cần Thơ,Intra region,SPB,782,5.65,6.94,13.66,11.9,38.13
2026-07-17,Hồ Chí Minh,Cần Thơ,Intra region,SPE,3641,4.87,8.69,13.58,11.6,38.62
2026-07-17,Hồ Chí Minh,Gia Lai,Cross region,SPB,410,5.42,7.26,28.86,15.33,56.67
2026-07-17,Hồ Chí Minh,Gia Lai,Cross region,SPE,1742,5.03,8.27,29.13,13.23,55.17
2026-07-17,Hồ Chí Minh,Hà Nội,Cross metro,SPB,1438,5.61,7.24,58.46,12.59,83.82
2026-07-17,Hồ Chí Minh,Hà Nội,Cross metro,SPE,1971,3.82,7.11,50.32,12.66,74.13
2026-07-17,Hồ Chí Minh,Hải Phòng,Cross region,SPB,385,4.79,7.37,56.28,19.07,87.67
2026-07-17,Hồ Chí Minh,Hải Phòng,Cross region,SPE,1970,5.38,8.4,57.21,19.97,90.8
2026-07-17,Hồ Chí Minh,Hồ Chí Minh,Intra city,SPB,6094,5.54,6.46,12.38,7.71,25.27
2026-07-17,Hồ Chí Minh,Hồ Chí Minh,Intra city,SPE,4070,3.65,7.76,13.62,10.95,35.95
2026-07-17,Hồ Chí Minh,Khánh Hòa,Cross region,SPB,503,5.71,8.0,22.17,30.36,66.35
2026-07-17,Hồ Chí Minh,Khánh Hòa,Cross region,SPE,1289,4.66,8.16,24.71,14.77,51.91
2026-07-17,Hồ Chí Minh,Lâm Đồng,Cross region,SPB,944,5.44,7.65,18.75,16.47,48.45
2026-07-17,Hồ Chí Minh,Lâm Đồng,Cross region,SPE,3101,4.78,8.74,17.8,14.65,45.9
2026-07-17,Hồ Chí Minh,Ninh Bình,Cross region,SPB,247,6.6,8.06,44.91,14.58,73.92
2026-07-17,Hồ Chí Minh,Ninh Bình,Cross region,SPE,1442,4.72,9.11,46.36,14.98,74.68
2026-07-17,Hồ Chí Minh,Tây Ninh,Intra region,SPB,912,4.61,7.3,11.02,17.67,40.6
2026-07-17,Hồ Chí Minh,Tây Ninh,Intra region,SPE,3454,5.09,8.46,10.76,15.12,39.22
2026-07-17,Hồ Chí Minh,Vĩnh Long,Intra region,SPB,681,4.74,7.74,12.63,14.04,39.42
2026-07-17,Hồ Chí Minh,Vĩnh Long,Intra region,SPE,2723,4.63,8.29,12.91,14.49,40.21
2026-07-17,Hồ Chí Minh,Đà Nẵng,Cross metro *,SPB,601,5.19,8.33,34.92,14.71,62.99
2026-07-17,Hồ Chí Minh,Đà Nẵng,Cross metro *,SPE,777,3.67,6.96,34.92,14.08,59.78
2026-07-17,Hồ Chí Minh,Đắk Lắk,Cross region,SPB,403,5.77,7.1,23.87,16.11,52.99
2026-07-17,Hồ Chí Minh,Đắk Lắk,Cross region,SPE,1533,4.77,8.14,25.09,15.24,52.98
2026-07-17,Hồ Chí Minh,Đồng Nai,Intra region,SPB,1515,5.17,7.27,14.83,13.56,40.86
2026-07-17,Hồ Chí Minh,Đồng Nai,Intra region,SPE,5335,4.88,8.49,14.69,15.47,43.42
2026-07-17,Hồ Chí Minh,Đồng Tháp,Intra region,SPB,734,5.06,7.16,12.8,14.07,39.02
2026-07-17,Hồ Chí Minh,Đồng Tháp,Intra region,SPE,2768,4.39,8.46,12.15,14.03,38.81
2026-07-17,Đà Nẵng,Hà Nội,Cross metro *,SPB,79,7.37,4.68,45.17,13.81,71.06
2026-07-17,Đà Nẵng,Hà Nội,Cross metro *,SPE,38,1.15,8.64,36.08,17.36,64.36
2026-07-17,Đà Nẵng,Hồ Chí Minh,Cross metro *,SPB,91,7.03,6.17,36.17,9.88,59.36
2026-07-17,Đà Nẵng,Hồ Chí Minh,Cross metro *,SPE,84,4.67,9.7,36.79,11.33,63.19
2026-07-16,,,,SPB,3,3.23,10.71,37.09,29.85,80.91
2026-07-16,,,,SPE,35,2.78,9.44,30.6,25.75,67.87
2026-07-16,Bắc Ninh,Hà Nội,Intra region,SPB,734,8.97,6.96,25.76,12.67,54.38
2026-07-16,Bắc Ninh,Hà Nội,Intra region,SPE,2494,4.47,11.58,12.33,11.06,39.46
2026-07-16,Hà Nội,An Giang,Cross region,SPB,360,3.69,12.19,55.32,20.21,91.08
2026-07-16,Hà Nội,An Giang,Cross region,SPE,2749,4.23,10.56,56.06,19.56,90.68
2026-07-16,Hà Nội,Bắc Ninh,Intra region,SPB,785,4.36,11.25,17.48,21.39,54.39
2026-07-16,Hà Nội,Bắc Ninh,Intra region,SPE,6717,3.65,10.85,12.69,17.45,44.87
2026-07-16,Hà Nội,Cần Thơ,Cross region,SPB,250,4.31,10.67,49.02,20.59,84.71
2026-07-16,Hà Nội,Cần Thơ,Cross region,SPE,2774,4.06,10.54,50.36,17.34,82.64
2026-07-16,Hà Nội,Gia Lai,Cross region,SPB,305,4.22,11.17,41.01,11.53,67.55
2026-07-16,Hà Nội,Gia Lai,Cross region,SPE,2444,3.96,10.17,41.54,11.41,67.23
2026-07-16,Hà Nội,Hà Nội,Intra city,SPB,3896,4.24,10.89,26.67,12.24,48.99
2026-07-16,Hà Nội,Hà Nội,Intra city,SPE,1839,3.66,8.9,14.11,11.05,38.34
2026-07-16,Hà Nội,Hưng Yên,Intra region,SPB,705,4.92,11.81,15.62,15.23,47.38
2026-07-16,Hà Nội,Hưng Yên,Intra region,SPE,5460,3.92,10.47,15.15,17.26,46.86
2026-07-16,Hà Nội,Hải Phòng,Intra region,SPB,1094,4.92,10.89,24.48,19.5,59.84
2026-07-16,Hà Nội,Hải Phòng,Intra region,SPE,7199,4.06,9.92,21.12,16.24,51.62
2026-07-16,Hà Nội,Hồ Chí Minh,Cross metro,SPB,2296,5.65,12.35,48.87,14.75,81.19
2026-07-16,Hà Nội,Hồ Chí Minh,Cross metro,SPE,14798,3.02,11.35,45.97,10.77,71.3
2026-07-16,Hà Nội,Lào Cai,Intra region,SPB,240,3.18,12.29,21.92,15.14,52.8
2026-07-16,Hà Nội,Lào Cai,Intra region,SPE,2167,4.07,10.43,19.55,18.05,52.5
2026-07-16,Hà Nội,Lâm Đồng,Cross region,SPB,495,5.31,11.89,49.4,18.41,85.17
2026-07-16,Hà Nội,Lâm Đồng,Cross region,SPE,3509,4.59,10.08,50.84,18.98,84.63
2026-07-16,Hà Nội,Nghệ An,Cross region,SPB,439,4.82,11.74,24.54,21.47,62.32
2026-07-16,Hà Nội,Nghệ An,Cross region,SPE,3271,4.14,9.88,29.05,27.61,71.11
2026-07-16,Hà Nội,Ninh Bình,Intra region,SPB,780,4.2,11.99,14.47,12.36,42.72
2026-07-16,Hà Nội,Ninh Bình,Intra region,SPE,6025,4.07,10.14,13.68,11.25,39.13
2026-07-16,Hà Nội,Phú Thọ,Intra region,SPB,656,3.61,11.46,15.61,13.2,43.8
2026-07-16,Hà Nội,Phú Thọ,Intra region,SPE,5680,3.9,10.18,16.49,13.58,44.87
2026-07-16,Hà Nội,Quảng Ninh,Intra region,SPB,461,4.82,10.86,24.18,16.87,56.74
2026-07-16,Hà Nội,Quảng Ninh,Intra region,SPE,3484,3.87,10.32,20.83,14.75,50.06
2026-07-16,Hà Nội,Thanh Hóa,Intra region,SPB,720,3.57,11.58,21.05,19.71,55.71
2026-07-16,Hà Nội,Thanh Hóa,Intra region,SPE,4526,3.82,9.96,22.25,20.04,56.59
2026-07-16,Hà Nội,Tây Ninh,Cross region,SPB,336,3.82,11.96,47.66,20.82,83.9
2026-07-16,Hà Nội,Tây Ninh,Cross region,SPE,2472,4.24,10.67,46.87,20.71,82.64
2026-07-16,Hà Nội,Đà Nẵng,Cross metro *,SPB,541,4.78,11.88,29.38,18.35,64.53
2026-07-16,Hà Nội,Đà Nẵng,Cross metro *,SPE,1084,3.91,8.96,29.92,15.51,58.72
2026-07-16,Hà Nội,Đắk Lắk,Cross region,SPB,267,4.48,11.81,43.44,12.71,72.56
2026-07-16,Hà Nội,Đắk Lắk,Cross region,SPE,2168,4.15,9.94,43.92,15.02,73.13
2026-07-16,Hà Nội,Đồng Nai,Cross region,SPB,496,4.43,12.14,50.28,19.26,86.11
2026-07-16,Hà Nội,Đồng Nai,Cross region,SPE,5483,3.62,10.55,52.93,21.48,88.57
2026-07-16,Hồ Chí Minh,An Giang,Intra region,SPB,1159,4.97,8.53,18.31,16.15,47.84
2026-07-16,Hồ Chí Minh,An Giang,Intra region,SPE,7708,3.42,8.79,16.38,17.0,45.47
2026-07-16,Hồ Chí Minh,Cà Mau,Intra region,SPB,512,5.55,7.69,16.45,19.99,49.95
2026-07-16,Hồ Chí Minh,Cà Mau,Intra region,SPE,3795,3.37,8.81,15.69,13.1,40.86
2026-07-16,Hồ Chí Minh,Cần Thơ,Intra region,SPB,953,4.92,8.7,14.01,13.73,41.5
2026-07-16,Hồ Chí Minh,Cần Thơ,Intra region,SPE,7422,3.24,8.8,13.76,11.7,37.43
2026-07-16,Hồ Chí Minh,Gia Lai,Cross region,SPB,509,5.84,7.97,30.54,12.78,57.04
2026-07-16,Hồ Chí Minh,Gia Lai,Cross region,SPE,3388,3.37,8.54,31.92,12.45,56.28
2026-07-16,Hồ Chí Minh,Hà Nội,Cross metro,SPB,2063,6.23,8.4,61.44,14.39,90.51
2026-07-16,Hồ Chí Minh,Hà Nội,Cross metro,SPE,9247,2.11,8.65,50.0,14.06,74.91
2026-07-16,Hồ Chí Minh,Hải Phòng,Cross region,SPB,527,5.48,8.24,55.46,21.76,91.03
2026-07-16,Hồ Chí Minh,Hải Phòng,Cross region,SPE,4017,3.22,8.56,58.1,21.93,91.67
2026-07-16,Hồ Chí Minh,Hồ Chí Minh,Intra city,SPB,8147,6.01,8.34,12.87,7.13,26.42
2026-07-16,Hồ Chí Minh,Hồ Chí Minh,Intra city,SPE,11412,2.5,9.34,12.48,9.96,34.2
2026-07-16,Hồ Chí Minh,Khánh Hòa,Cross region,SPB,611,5.4,7.45,24.72,26.82,64.29
2026-07-16,Hồ Chí Minh,Khánh Hòa,Cross region,SPE,2531,3.25,8.68,24.97,14.18,50.89
2026-07-16,Hồ Chí Minh,Lâm Đồng,Cross region,SPB,1200,5.46,9.19,20.81,16.12,51.35
2026-07-16,Hồ Chí Minh,Lâm Đồng,Cross region,SPE,6443,3.33,8.83,18.89,15.12,46.02
2026-07-16,Hồ Chí Minh,Ninh Bình,Cross region,SPB,340,5.08,8.68,48.57,16.0,78.84
2026-07-16,Hồ Chí Minh,Ninh Bình,Cross region,SPE,3108,3.06,8.67,47.87,16.92,76.54
2026-07-16,Hồ Chí Minh,Tây Ninh,Intra region,SPB,1174,5.27,8.32,11.53,16.74,41.88
2026-07-16,Hồ Chí Minh,Tây Ninh,Intra region,SPE,7541,3.31,8.56,10.34,14.39,36.54
2026-07-16,Hồ Chí Minh,Vĩnh Long,Intra region,SPB,821,4.82,7.96,13.46,14.17,40.38
2026-07-16,Hồ Chí Minh,Vĩnh Long,Intra region,SPE,5702,3.28,8.61,13.57,14.39,39.73
2026-07-16,Hồ Chí Minh,Đà Nẵng,Cross metro *,SPB,840,5.37,9.08,34.19,15.27,64.22
2026-07-16,Hồ Chí Minh,Đà Nẵng,Cross metro *,SPE,2983,2.19,8.86,32.94,13.03,57.07
2026-07-16,Hồ Chí Minh,Đắk Lắk,Cross region,SPB,472,6.33,8.77,24.12,15.72,54.76
2026-07-16,Hồ Chí Minh,Đắk Lắk,Cross region,SPE,3137,3.47,8.96,26.76,15.21,54.27
2026-07-16,Hồ Chí Minh,Đồng Nai,Intra region,SPB,1886,5.72,8.39,15.61,14.37,44.03
2026-07-16,Hồ Chí Minh,Đồng Nai,Intra region,SPE,11481,3.31,8.75,14.7,15.19,41.89
2026-07-16,Hồ Chí Minh,Đồng Tháp,Intra region,SPB,938,4.85,8.28,13.12,13.61,40.3
2026-07-16,Hồ Chí Minh,Đồng Tháp,Intra region,SPE,6152,3.2,8.73,12.41,14.13,38.31
2026-07-16,Đà Nẵng,Hà Nội,Cross metro *,SPB,91,6.8,6.59,47.78,14.53,75.81
2026-07-16,Đà Nẵng,Hà Nội,Cross metro *,SPE,50,2.02,9.89,33.99,14.36,59.98
2026-07-16,Đà Nẵng,Hồ Chí Minh,Cross metro *,SPB,99,7.22,5.88,35.57,11.9,60.78
2026-07-16,Đà Nẵng,Hồ Chí Minh,Cross metro *,SPE,329,1.31,9.86,35.3,9.64,56.21
2026-07-15,,,,SPB,10,5.51,5.08,27.54,23.25,62.3
2026-07-15,,,,SPE,35,4.41,10.41,34.31,24.55,72.68
2026-07-15,Bắc Ninh,Hà Nội,Intra region,SPB,3206,10.23,5.59,26.83,12.63,55.52
2026-07-15,Bắc Ninh,Hà Nội,Intra region,SPE,2085,8.03,11.17,12.62,11.08,43.19
2026-07-15,Hà Nội,An Giang,Cross region,SPB,510,4.87,12.46,56.49,20.94,94.67
2026-07-15,Hà Nội,An Giang,Cross region,SPE,2308,3.85,11.1,56.75,19.65,91.42
2026-07-15,Hà Nội,Bắc Ninh,Intra region,SPB,1287,4.58,10.8,17.49,19.79,52.97
2026-07-15,Hà Nội,Bắc Ninh,Intra region,SPE,4072,4.72,10.84,13.83,18.05,47.94
2026-07-15,Hà Nội,Cần Thơ,Cross region,SPB,410,5.77,11.58,51.44,18.76,87.95
2026-07-15,Hà Nội,Cần Thơ,Cross region,SPE,2037,4.0,10.86,52.36,16.96,84.51
2026-07-15,Hà Nội,Gia Lai,Cross region,SPB,430,4.1,10.9,40.37,10.68,66.51
2026-07-15,Hà Nội,Gia Lai,Cross region,SPE,1765,4.34,10.65,43.33,11.63,69.6
2026-07-15,Hà Nội,Hà Nội,Intra city,SPB,5532,6.19,11.63,27.92,11.3,51.74
2026-07-15,Hà Nội,Hà Nội,Intra city,SPE,2216,3.97,8.11,14.93,10.92,38.1
2026-07-15,Hà Nội,Hưng Yên,Intra region,SPB,1215,4.75,10.57,15.29,17.05,47.76
2026-07-15,Hà Nội,Hưng Yên,Intra region,SPE,3665,4.33,10.67,15.87,17.79,49.1
2026-07-15,Hà Nội,Hải Phòng,Intra region,SPB,1737,4.96,10.25,24.01,19.1,58.52
2026-07-15,Hà Nội,Hải Phòng,Intra region,SPE,4622,4.22,11.18,21.48,16.18,53.44
2026-07-15,Hà Nội,Hồ Chí Minh,Cross metro,SPB,3497,5.37,12.08,48.89,14.66,80.86
2026-07-15,Hà Nội,Hồ Chí Minh,Cross metro,SPE,7586,6.72,10.3,49.56,10.6,77.32
2026-07-15,Hà Nội,Lào Cai,Intra region,SPB,416,4.56,10.43,21.22,14.78,50.87
2026-07-15,Hà Nội,Lào Cai,Intra region,SPE,1584,3.8,11.29,21.56,17.55,54.24
2026-07-15,Hà Nội,Lâm Đồng,Cross region,SPB,721,5.3,10.53,50.73,16.35,82.99
2026-07-15,Hà Nội,Lâm Đồng,Cross region,SPE,2708,4.13,10.38,54.3,16.82,85.65
2026-07-15,Hà Nội,Nghệ An,Cross region,SPB,732,4.97,10.68,24.63,22.59,63.12
2026-07-15,Hà Nội,Nghệ An,Cross region,SPE,2384,3.95,10.56,27.42,26.8,68.94
2026-07-15,Hà Nội,Ninh Bình,Intra region,SPB,1431,4.87,10.61,14.03,12.16,41.74
2026-07-15,Hà Nội,Ninh Bình,Intra region,SPE,3966,4.11,10.78,14.73,11.61,41.6
2026-07-15,Hà Nội,Phú Thọ,Intra region,SPB,1014,5.03,10.9,15.61,13.22,44.84
2026-07-15,Hà Nội,Phú Thọ,Intra region,SPE,4069,3.98,10.99,17.16,13.24,45.71
2026-07-15,Hà Nội,Quảng Ninh,Intra region,SPB,780,5.14,10.67,25.86,13.78,55.69
2026-07-15,Hà Nội,Quảng Ninh,Intra region,SPE,2154,4.65,10.78,24.95,15.83,56.42
2026-07-15,Hà Nội,Thanh Hóa,Intra region,SPB,1199,4.94,11.07,20.66,20.77,57.38
2026-07-15,Hà Nội,Thanh Hóa,Intra region,SPE,3491,3.86,10.53,21.37,18.41,54.47
2026-07-15,Hà Nội,Tây Ninh,Cross region,SPB,435,4.2,11.15,49.42,22.82,87.44
2026-07-15,Hà Nội,Tây Ninh,Cross region,SPE,1935,4.41,11.01,47.94,20.07,83.59
2026-07-15,Hà Nội,Đà Nẵng,Cross metro *,SPB,969,5.6,10.21,30.8,18.29,64.9
2026-07-15,Hà Nội,Đà Nẵng,Cross metro *,SPE,1490,4.43,8.99,30.76,15.25,59.33
2026-07-15,Hà Nội,Đắk Lắk,Cross region,SPB,435,3.12,10.65,43.14,14.88,71.8
2026-07-15,Hà Nội,Đắk Lắk,Cross region,SPE,1678,3.73,10.63,47.81,14.13,76.07
2026-07-15,Hà Nội,Đồng Nai,Cross region,SPB,780,4.61,10.75,50.93,18.91,85.1
2026-07-15,Hà Nội,Đồng Nai,Cross region,SPE,3365,4.74,10.59,56.83,18.56,90.73
2026-07-15,Hồ Chí Minh,An Giang,Intra region,SPB,1894,5.85,7.75,17.95,17.69,49.15
2026-07-15,Hồ Chí Minh,An Giang,Intra region,SPE,4237,5.31,9.16,17.01,18.28,50.0
2026-07-15,Hồ Chí Minh,Cà Mau,Intra region,SPB,858,5.99,7.92,17.75,24.21,56.16
2026-07-15,Hồ Chí Minh,Cà Mau,Intra region,SPE,1960,5.27,9.42,14.95,13.64,43.41
2026-07-15,Hồ Chí Minh,Cần Thơ,Intra region,SPB,1633,5.78,6.77,14.15,12.71,39.65
2026-07-15,Hồ Chí Minh,Cần Thơ,Intra region,SPE,3793,5.45,9.3,14.29,11.63,40.61
2026-07-15,Hồ Chí Minh,Gia Lai,Cross region,SPB,1093,7.11,5.87,30.18,13.81,57.02
2026-07-15,Hồ Chí Minh,Gia Lai,Cross region,SPE,2011,5.57,10.52,31.35,11.91,58.93
2026-07-15,Hồ Chí Minh,Hà Nội,Cross metro,SPB,3933,6.83,6.56,62.56,14.95,91.22
2026-07-15,Hồ Chí Minh,Hà Nội,Cross metro,SPE,5286,7.34,8.09,49.55,12.8,77.1
2026-07-15,Hồ Chí Minh,Hải Phòng,Cross region,SPB,877,6.22,7.33,57.29,19.29,90.53
2026-07-15,Hồ Chí Minh,Hải Phòng,Cross region,SPE,2215,5.4,9.35,59.95,19.55,93.97
2026-07-15,Hồ Chí Minh,Hồ Chí Minh,Intra city,SPB,13200,7.12,5.84,12.67,7.88,28.61
2026-07-15,Hồ Chí Minh,Hồ Chí Minh,Intra city,SPE,7681,6.67,8.49,13.29,9.79,38.1
2026-07-15,Hồ Chí Minh,Khánh Hòa,Cross region,SPB,1162,6.62,5.78,23.56,24.71,60.9
2026-07-15,Hồ Chí Minh,Khánh Hòa,Cross region,SPE,1483,5.35,8.56,25.71,15.24,54.59
2026-07-15,Hồ Chí Minh,Lâm Đồng,Cross region,SPB,2269,6.82,6.51,20.55,14.42,48.43
2026-07-15,Hồ Chí Minh,Lâm Đồng,Cross region,SPE,3575,5.56,9.53,20.42,14.27,49.47
2026-07-15,Hồ Chí Minh,Ninh Bình,Cross region,SPB,626,7.65,6.91,47.2,14.7,76.79
2026-07-15,Hồ Chí Minh,Ninh Bình,Cross region,SPE,1704,5.72,9.3,47.42,15.07,77.24
2026-07-15,Hồ Chí Minh,Tây Ninh,Intra region,SPB,2039,6.09,6.41,11.24,16.92,40.95
2026-07-15,Hồ Chí Minh,Tây Ninh,Intra region,SPE,3714,5.26,9.13,10.9,14.14,39.39
2026-07-15,Hồ Chí Minh,Vĩnh Long,Intra region,SPB,1343,5.88,6.93,13.26,14.0,40.11
2026-07-15,Hồ Chí Minh,Vĩnh Long,Intra region,SPE,2823,5.41,9.73,13.68,14.61,43.36
2026-07-15,Hồ Chí Minh,Đà Nẵng,Cross metro *,SPB,1483,6.02,7.2,34.0,14.89,62.42
2026-07-15,Hồ Chí Minh,Đà Nẵng,Cross metro *,SPE,1551,7.03,8.33,33.57,12.81,61.29
2026-07-15,Hồ Chí Minh,Đắk Lắk,Cross region,SPB,1101,7.06,5.92,25.6,14.9,53.88
2026-07-15,Hồ Chí Minh,Đắk Lắk,Cross region,SPE,1768,5.36,9.55,27.63,14.52,56.84
2026-07-15,Hồ Chí Minh,Đồng Nai,Intra region,SPB,3564,6.5,6.7,14.99,13.58,41.8
2026-07-15,Hồ Chí Minh,Đồng Nai,Intra region,SPE,5920,5.69,9.1,15.15,14.84,44.66
2026-07-15,Hồ Chí Minh,Đồng Tháp,Intra region,SPB,1574,6.24,7.03,12.94,14.72,40.97
2026-07-15,Hồ Chí Minh,Đồng Tháp,Intra region,SPE,3028,5.51,8.88,13.09,13.99,41.36
2026-07-15,Đà Nẵng,Hà Nội,Cross metro *,SPB,270,7.95,5.63,48.68,12.54,74.83
2026-07-15,Đà Nẵng,Hà Nội,Cross metro *,SPE,60,1.43,8.87,38.89,12.84,62.11
2026-07-15,Đà Nẵng,Hồ Chí Minh,Cross metro *,SPB,267,6.62,5.18,38.22,11.17,61.21
2026-07-15,Đà Nẵng,Hồ Chí Minh,Cross metro *,SPE,108,4.68,9.3,38.71,12.93,65.76
2026-07-14,,,,SPB,2,0.06,20.5,34.56,11.5,66.63
2026-07-14,,,,SPE,25,2.88,9.02,39.08,23.64,73.9
2026-07-14,Bắc Ninh,Hà Nội,Intra region,SPB,558,9.85,6.55,27.26,13.24,57.37
2026-07-14,Bắc Ninh,Hà Nội,Intra region,SPE,1653,6.8,11.71,12.32,10.69,41.81
2026-07-14,Hà Nội,An Giang,Cross region,SPB,342,4.45,10.42,58.37,21.33,95.13
2026-07-14,Hà Nội,An Giang,Cross region,SPE,2480,4.63,10.9,56.78,20.59,92.81
2026-07-14,Hà Nội,Bắc Ninh,Intra region,SPB,668,4.99,10.21,17.79,19.14,52.51
2026-07-14,Hà Nội,Bắc Ninh,Intra region,SPE,4030,4.9,10.76,13.69,18.27,47.81
2026-07-14,Hà Nội,Cần Thơ,Cross region,SPB,237,5.56,11.69,50.47,19.98,87.63
2026-07-14,Hà Nội,Cần Thơ,Cross region,SPE,2341,4.99,10.52,51.63,16.51,83.81
2026-07-14,Hà Nội,Gia Lai,Cross region,SPB,280,5.25,10.48,40.4,13.74,69.55
2026-07-14,Hà Nội,Gia Lai,Cross region,SPE,1840,5.26,10.68,42.1,11.8,69.46
2026-07-14,Hà Nội,Hà Nội,Intra city,SPB,2788,3.89,10.96,30.4,12.61,51.87
2026-07-14,Hà Nội,Hà Nội,Intra city,SPE,1542,3.42,10.14,14.62,10.65,38.76
2026-07-14,Hà Nội,Hưng Yên,Intra region,SPB,595,5.12,9.68,15.39,16.78,46.84
2026-07-14,Hà Nội,Hưng Yên,Intra region,SPE,3708,4.71,10.58,15.6,16.25,47.1
2026-07-14,Hà Nội,Hải Phòng,Intra region,SPB,915,5.1,10.99,22.6,19.63,58.03
2026-07-14,Hà Nội,Hải Phòng,Intra region,SPE,4878,5.08,10.64,20.82,16.18,52.8
2026-07-14,Hà Nội,Hồ Chí Minh,Cross metro,SPB,1998,5.82,12.1,48.18,15.13,81.15
2026-07-14,Hà Nội,Hồ Chí Minh,Cross metro,SPE,4339,4.98,9.17,50.93,9.92,74.88
2026-07-14,Hà Nội,Lào Cai,Intra region,SPB,256,4.27,11.08,19.27,17.99,52.41
2026-07-14,Hà Nội,Lào Cai,Intra region,SPE,1690,4.74,10.56,19.55,17.8,52.86
2026-07-14,Hà Nội,Lâm Đồng,Cross region,SPB,466,4.62,10.14,50.82,18.2,83.48
2026-07-14,Hà Nội,Lâm Đồng,Cross region,SPE,2698,4.9,10.39,53.62,17.82,86.6
2026-07-14,Hà Nội,Nghệ An,Cross region,SPB,319,3.66,10.69,24.71,24.58,63.73
2026-07-14,Hà Nội,Nghệ An,Cross region,SPE,2601,4.89,10.43,28.33,26.41,69.89
2026-07-14,Hà Nội,Ninh Bình,Intra region,SPB,679,5.16,10.04,13.68,11.92,40.66
2026-07-14,Hà Nội,Ninh Bình,Intra region,SPE,3932,4.9,10.39,13.84,10.74,39.73
2026-07-14,Hà Nội,Phú Thọ,Intra region,SPB,573,4.75,11.91,16.8,12.92,46.43
2026-07-14,Hà Nội,Phú Thọ,Intra region,SPE,4061,4.72,10.34,16.44,12.95,44.65
2026-07-14,Hà Nội,Quảng Ninh,Intra region,SPB,415,5.14,10.61,22.93,15.35,53.85
2026-07-14,Hà Nội,Quảng Ninh,Intra region,SPE,2127,4.77,10.78,22.64,15.63,54.2
2026-07-14,Hà Nội,Thanh Hóa,Intra region,SPB,576,5.2,10.49,21.49,19.17,56.32
2026-07-14,Hà Nội,Thanh Hóa,Intra region,SPE,3905,4.55,10.36,21.24,18.65,54.8
2026-07-14,Hà Nội,Tây Ninh,Cross region,SPB,262,4.25,10.83,48.56,20.67,84.82
2026-07-14,Hà Nội,Tây Ninh,Cross region,SPE,1996,5.01,10.34,47.63,18.66,81.85
2026-07-14,Hà Nội,Đà Nẵng,Cross metro *,SPB,538,5.59,11.46,30.8,16.35,63.96
2026-07-14,Hà Nội,Đà Nẵng,Cross metro *,SPE,1016,4.93,9.15,30.82,13.99,58.89
2026-07-14,Hà Nội,Đắk Lắk,Cross region,SPB,269,4.89,10.51,41.51,13.06,69.34
2026-07-14,Hà Nội,Đắk Lắk,Cross region,SPE,1733,4.7,10.45,45.3,14.94,75.32
2026-07-14,Hà Nội,Đồng Nai,Cross region,SPB,492,5.06,11.02,51.81,19.74,87.89
2026-07-14,Hà Nội,Đồng Nai,Cross region,SPE,3185,5.31,10.15,55.27,18.48,88.82
2026-07-14,Hồ Chí Minh,An Giang,Intra region,SPB,1076,5.11,7.46,17.63,14.94,45.2
2026-07-14,Hồ Chí Minh,An Giang,Intra region,SPE,4251,4.58,8.79,16.47,17.98,47.62
2026-07-14,Hồ Chí Minh,Cà Mau,Intra region,SPB,513,5.68,7.95,20.91,20.99,55.35
2026-07-14,Hồ Chí Minh,Cà Mau,Intra region,SPE,2056,4.92,8.99,14.78,13.34,41.63
2026-07-14,Hồ Chí Minh,Cần Thơ,Intra region,SPB,837,5.39,7.55,14.55,12.05,39.64
2026-07-14,Hồ Chí Minh,Cần Thơ,Intra region,SPE,3764,5.0,8.72,13.36,11.48,38.16
2026-07-14,Hồ Chí Minh,Gia Lai,Cross region,SPB,421,5.61,7.28,29.85,16.31,58.86
2026-07-14,Hồ Chí Minh,Gia Lai,Cross region,SPE,1800,5.05,8.59,32.82,11.07,57.07
2026-07-14,Hồ Chí Minh,Hà Nội,Cross metro,SPB,1590,5.49,7.34,64.55,13.56,90.95
2026-07-14,Hồ Chí Minh,Hà Nội,Cross metro,SPE,2067,3.87,7.4,50.9,10.73,73.21
2026-07-14,Hồ Chí Minh,Hải Phòng,Cross region,SPB,400,5.98,7.29,63.75,22.95,100.46
2026-07-14,Hồ Chí Minh,Hải Phòng,Cross region,SPE,2169,5.29,8.37,61.57,18.22,93.23
2026-07-14,Hồ Chí Minh,Hồ Chí Minh,Intra city,SPB,6703,5.49,6.81,12.23,7.06,24.55
2026-07-14,Hồ Chí Minh,Hồ Chí Minh,Intra city,SPE,4171,3.78,8.74,13.61,10.5,36.5
2026-07-14,Hồ Chí Minh,Khánh Hòa,Cross region,SPB,514,5.59,6.52,23.65,25.13,61.0
2026-07-14,Hồ Chí Minh,Khánh Hòa,Cross region,SPE,1417,5.44,8.39,25.56,13.9,52.88
2026-07-14,Hồ Chí Minh,Lâm Đồng,Cross region,SPB,1007,5.82,7.24,18.48,15.7,47.59
2026-07-14,Hồ Chí Minh,Lâm Đồng,Cross region,SPE,3603,4.94,8.36,18.35,14.8,46.17
2026-07-14,Hồ Chí Minh,Ninh Bình,Cross region,SPB,255,5.11,7.27,48.78,15.87,76.83
2026-07-14,Hồ Chí Minh,Ninh Bình,Cross region,SPE,1534,5.38,8.93,49.07,15.0,77.91
2026-07-14,Hồ Chí Minh,Tây Ninh,Intra region,SPB,1062,5.04,6.72,11.62,15.68,39.24
2026-07-14,Hồ Chí Minh,Tây Ninh,Intra region,SPE,3540,5.28,8.6,10.77,13.17,37.42
2026-07-14,Hồ Chí Minh,Vĩnh Long,Intra region,SPB,714,4.68,7.61,13.83,15.69,41.83
2026-07-14,Hồ Chí Minh,Vĩnh Long,Intra region,SPE,2892,4.83,8.38,13.27,13.91,39.95
2026-07-14,Hồ Chí Minh,Đà Nẵng,Cross metro *,SPB,646,5.66,7.05,34.54,15.38,62.92
2026-07-14,Hồ Chí Minh,Đà Nẵng,Cross metro *,SPE,826,3.78,7.13,34.06,11.96,56.82
2026-07-14,Hồ Chí Minh,Đắk Lắk,Cross region,SPB,414,5.67,5.96,25.59,15.05,52.43
2026-07-14,Hồ Chí Minh,Đắk Lắk,Cross region,SPE,1741,5.17,8.57,27.74,15.5,56.49
2026-07-14,Hồ Chí Minh,Đồng Nai,Intra region,SPB,1640,5.26,6.82,14.26,13.64,40.03
2026-07-14,Hồ Chí Minh,Đồng Nai,Intra region,SPE,5697,5.21,8.56,13.84,14.77,42.05
2026-07-14,Hồ Chí Minh,Đồng Tháp,Intra region,SPB,721,5.23,7.04,12.87,14.32,39.69
2026-07-14,Hồ Chí Minh,Đồng Tháp,Intra region,SPE,3008,4.97,8.52,12.3,14.03,39.45
2026-07-14,Đà Nẵng,Hà Nội,Cross metro *,SPB,71,5.18,4.38,45.93,13.9,69.41
2026-07-14,Đà Nẵng,Hà Nội,Cross metro *,SPE,53,1.98,9.42,34.39,14.23,60.01
2026-07-14,Đà Nẵng,Hồ Chí Minh,Cross metro *,SPB,73,3.62,6.17,38.9,10.62,59.5
2026-07-14,Đà Nẵng,Hồ Chí Minh,Cross metro *,SPE,72,0.79,10.5,37.99,10.4,60.81
2026-07-13,,,,SPB,4,1.06,6.93,39.6,6.18,53.8
2026-07-13,,,,SPE,49,4.23,10.05,35.28,20.9,70.58
2026-07-13,Bắc Ninh,Hà Nội,Intra region,SPB,656,8.27,8.81,36.21,14.37,68.09
2026-07-13,Bắc Ninh,Hà Nội,Intra region,SPE,2116,7.18,12.21,13.05,10.71,42.77
2026-07-13,Hà Nội,An Giang,Cross region,SPB,422,3.76,11.48,55.98,25.59,97.7
2026-07-13,Hà Nội,An Giang,Cross region,SPE,3583,4.04,11.84,55.4,20.5,91.89
2026-07-13,Hà Nội,Bắc Ninh,Intra region,SPB,800,4.42,11.17,17.37,20.52,54.21
2026-07-13,Hà Nội,Bắc Ninh,Intra region,SPE,5962,4.21,11.59,13.38,18.64,47.89
2026-07-13,Hà Nội,Cần Thơ,Cross region,SPB,358,4.88,12.55,49.32,20.58,87.8
2026-07-13,Hà Nội,Cần Thơ,Cross region,SPE,3207,4.29,11.63,52.23,15.27,83.6
2026-07-13,Hà Nội,Gia Lai,Cross region,SPB,310,3.54,11.41,41.45,12.68,69.64
2026-07-13,Hà Nội,Gia Lai,Cross region,SPE,2737,3.95,10.85,44.54,11.98,71.09
2026-07-13,Hà Nội,Hà Nội,Intra city,SPB,4990,4.28,11.36,34.85,13.12,57.72
2026-07-13,Hà Nội,Hà Nội,Intra city,SPE,2978,3.75,10.1,14.14,11.19,39.6
2026-07-13,Hà Nội,Hưng Yên,Intra region,SPB,792,4.79,11.05,16.93,17.24,50.03
2026-07-13,Hà Nội,Hưng Yên,Intra region,SPE,4940,4.27,11.54,17.16,16.64,49.45
2026-07-13,Hà Nội,Hải Phòng,Intra region,SPB,1212,4.52,11.12,20.42,18.13,54.26
2026-07-13,Hà Nội,Hải Phòng,Intra region,SPE,7668,3.96,11.41,18.99,16.07,50.57
2026-07-13,Hà Nội,Hồ Chí Minh,Cross metro,SPB,2543,5.01,13.38,48.59,14.89,82.67
2026-07-13,Hà Nội,Hồ Chí Minh,Cross metro,SPE,5654,4.4,10.16,51.35,9.9,75.97
2026-07-13,Hà Nội,Lào Cai,Intra region,SPB,320,3.6,11.63,19.75,15.38,51.15
2026-07-13,Hà Nội,Lào Cai,Intra region,SPE,2399,4.04,11.72,19.77,17.55,53.47
2026-07-13,Hà Nội,Lâm Đồng,Cross region,SPB,589,5.9,12.6,51.54,17.97,88.14
2026-07-13,Hà Nội,Lâm Đồng,Cross region,SPE,4157,4.12,11.06,53.35,16.89,85.27
2026-07-13,Hà Nội,Nghệ An,Cross region,SPB,425,3.96,12.07,22.61,21.62,60.26
2026-07-13,Hà Nội,Nghệ An,Cross region,SPE,3803,4.07,11.18,26.23,24.65,66.47
2026-07-13,Hà Nội,Ninh Bình,Intra region,SPB,800,4.59,11.76,13.73,12.26,42.51
2026-07-13,Hà Nội,Ninh Bình,Intra region,SPE,5587,4.26,11.33,15.23,11.45,42.18
2026-07-13,Hà Nội,Phú Thọ,Intra region,SPB,768,4.03,11.19,16.72,12.83,45.26
2026-07-13,Hà Nội,Phú Thọ,Intra region,SPE,6058,3.87,11.49,16.47,13.78,45.84
2026-07-13,Hà Nội,Quảng Ninh,Intra region,SPB,548,5.27,11.67,24.37,16.22,57.78
2026-07-13,Hà Nội,Quảng Ninh,Intra region,SPE,3301,4.24,11.28,22.23,16.49,53.98
2026-07-13,Hà Nội,Thanh Hóa,Intra region,SPB,735,4.45,10.76,21.13,18.76,55.91
2026-07-13,Hà Nội,Thanh Hóa,Intra region,SPE,5698,3.93,11.23,21.14,18.24,54.59
2026-07-13,Hà Nội,Tây Ninh,Cross region,SPB,341,4.46,13.35,50.0,18.29,85.93
2026-07-13,Hà Nội,Tây Ninh,Cross region,SPE,2966,4.07,12.24,47.79,18.67,82.89
2026-07-13,Hà Nội,Đà Nẵng,Cross metro *,SPB,614,3.86,12.05,30.51,16.58,64.08
2026-07-13,Hà Nội,Đà Nẵng,Cross metro *,SPE,1304,3.98,9.61,30.88,14.43,58.97
2026-07-13,Hà Nội,Đắk Lắk,Cross region,SPB,320,4.7,11.38,44.56,14.11,74.84
2026-07-13,Hà Nội,Đắk Lắk,Cross region,SPE,2546,3.98,11.79,48.19,13.92,77.7
2026-07-13,Hà Nội,Đồng Nai,Cross region,SPB,580,3.54,13.02,50.32,17.81,84.68
2026-07-13,Hà Nội,Đồng Nai,Cross region,SPE,4865,4.16,11.51,55.28,18.84,89.56
2026-07-13,Hồ Chí Minh,An Giang,Intra region,SPB,1464,5.12,9.08,19.11,15.53,48.86
2026-07-13,Hồ Chí Minh,An Giang,Intra region,SPE,6115,4.0,8.87,18.08,17.75,48.4
2026-07-13,Hồ Chí Minh,Cà Mau,Intra region,SPB,634,5.37,9.58,18.61,22.39,56.18
2026-07-13,Hồ Chí Minh,Cà Mau,Intra region,SPE,2913,3.93,8.9,15.45,13.34,41.37
2026-07-13,Hồ Chí Minh,Cần Thơ,Intra region,SPB,1212,5.0,8.17,14.23,11.94,39.56
2026-07-13,Hồ Chí Minh,Cần Thơ,Intra region,SPE,5512,4.33,8.66,13.46,12.14,38.38
2026-07-13,Hồ Chí Minh,Gia Lai,Cross region,SPB,581,5.73,7.4,29.65,15.4,58.59
2026-07-13,Hồ Chí Minh,Gia Lai,Cross region,SPE,2576,4.1,8.74,32.49,12.63,57.84
2026-07-13,Hồ Chí Minh,Hà Nội,Cross metro,SPB,2068,5.96,8.93,64.27,14.75,94.26
2026-07-13,Hồ Chí Minh,Hà Nội,Cross metro,SPE,2768,3.57,8.04,49.72,10.83,72.14
2026-07-13,Hồ Chí Minh,Hải Phòng,Cross region,SPB,593,5.48,8.23,57.44,20.25,91.56
2026-07-13,Hồ Chí Minh,Hải Phòng,Cross region,SPE,3409,3.58,8.83,59.85,17.78,89.93
2026-07-13,Hồ Chí Minh,Hồ Chí Minh,Intra city,SPB,10881,5.62,7.58,12.48,6.41,24.46
2026-07-13,Hồ Chí Minh,Hồ Chí Minh,Intra city,SPE,6311,4.03,7.63,13.48,9.88,35.17
2026-07-13,Hồ Chí Minh,Khánh Hòa,Cross region,SPB,641,5.48,8.36,24.07,20.86,58.91
2026-07-13,Hồ Chí Minh,Khánh Hòa,Cross region,SPE,2150,4.03,8.5,24.68,13.73,50.83
2026-07-13,Hồ Chí Minh,Lâm Đồng,Cross region,SPB,1380,5.63,9.15,20.11,15.9,50.76
2026-07-13,Hồ Chí Minh,Lâm Đồng,Cross region,SPE,5512,4.01,8.73,19.18,15.14,46.86
2026-07-13,Hồ Chí Minh,Ninh Bình,Cross region,SPB,360,5.4,8.33,46.34,15.81,75.89
2026-07-13,Hồ Chí Minh,Ninh Bình,Cross region,SPE,2198,3.89,8.99,48.48,14.19,75.41
2026-07-13,Hồ Chí Minh,Tây Ninh,Intra region,SPB,1412,4.71,8.47,12.15,17.45,42.89
2026-07-13,Hồ Chí Minh,Tây Ninh,Intra region,SPE,5296,4.02,8.68,11.07,13.31,36.87
2026-07-13,Hồ Chí Minh,Vĩnh Long,Intra region,SPB,986,5.02,8.5,13.83,13.94,41.51
2026-07-13,Hồ Chí Minh,Vĩnh Long,Intra region,SPE,4188,4.23,8.6,13.61,14.81,41.15
2026-07-13,Hồ Chí Minh,Đà Nẵng,Cross metro *,SPB,844,5.76,8.55,35.21,13.52,63.52
2026-07-13,Hồ Chí Minh,Đà Nẵng,Cross metro *,SPE,1108,3.58,7.92,34.54,12.35,58.45
2026-07-13,Hồ Chí Minh,Đắk Lắk,Cross region,SPB,549,5.84,8.59,26.34,15.99,56.7
2026-07-13,Hồ Chí Minh,Đắk Lắk,Cross region,SPE,2647,4.23,8.63,28.9,13.92,55.37
2026-07-13,Hồ Chí Minh,Đồng Nai,Intra region,SPB,2274,5.28,8.03,15.47,13.69,42.6
2026-07-13,Hồ Chí Minh,Đồng Nai,Intra region,SPE,8206,3.92,8.57,14.53,14.53,41.3
2026-07-13,Hồ Chí Minh,Đồng Tháp,Intra region,SPB,1045,4.87,8.32,13.27,15.18,42.02
2026-07-13,Hồ Chí Minh,Đồng Tháp,Intra region,SPE,4407,4.08,8.71,12.88,15.51,40.78
2026-07-13,Đà Nẵng,Hà Nội,Cross metro *,SPB,94,4.61,6.96,51.75,14.8,78.34
2026-07-13,Đà Nẵng,Hà Nội,Cross metro *,SPE,53,1.22,10.44,35.73,10.72,64.22
2026-07-13,Đà Nẵng,Hồ Chí Minh,Cross metro *,SPB,113,3.87,8.42,36.4,11.19,60.35
2026-07-13,Đà Nẵng,Hồ Chí Minh,Cross metro *,SPE,91,1.24,11.17,35.89,10.46,58.84
2026-07-12,,,,SPB,3,11.98,6.03,28.14,11.27,45.71
2026-07-12,,,,SPE,21,11.8,10.98,44.96,20.96,88.79
2026-07-12,Bắc Ninh,Hà Nội,Intra region,SPB,499,11.2,7.84,33.78,13.51,66.78
2026-07-12,Bắc Ninh,Hà Nội,Intra region,SPE,1409,10.35,11.28,13.22,10.23,46.48
2026-07-12,Hà Nội,An Giang,Cross region,SPB,218,6.6,12.43,56.43,20.37,96.38
2026-07-12,Hà Nội,An Giang,Cross region,SPE,1687,8.56,14.64,55.16,20.83,99.39
2026-07-12,Hà Nội,Bắc Ninh,Intra region,SPB,365,9.08,12.03,16.7,20.03,57.9
2026-07-12,Hà Nội,Bắc Ninh,Intra region,SPE,2562,8.51,14.98,13.39,18.3,54.83
2026-07-12,Hà Nội,Cần Thơ,Cross region,SPB,155,7.86,13.28,49.37,20.61,90.81
2026-07-12,Hà Nội,Cần Thơ,Cross region,SPE,1565,8.66,14.6,50.87,17.55,91.63
2026-07-12,Hà Nội,Gia Lai,Cross region,SPB,182,6.78,12.26,41.44,13.57,73.86
2026-07-12,Hà Nội,Gia Lai,Cross region,SPE,1383,8.31,14.12,44.72,11.87,78.32
2026-07-12,Hà Nội,Hà Nội,Intra city,SPB,1301,8.11,14.03,33.21,12.36,61.92
2026-07-12,Hà Nội,Hà Nội,Intra city,SPE,405,4.57,17.15,14.12,11.67,48.28
2026-07-12,Hà Nội,Hưng Yên,Intra region,SPB,357,8.46,13.12,19.29,16.67,58.19
2026-07-12,Hà Nội,Hưng Yên,Intra region,SPE,2191,8.55,14.47,16.68,17.2,56.12
2026-07-12,Hà Nội,Hải Phòng,Intra region,SPB,542,9.4,12.54,20.6,19.37,62.37
2026-07-12,Hà Nội,Hải Phòng,Intra region,SPE,3578,8.93,14.9,18.73,16.06,57.98
2026-07-12,Hà Nội,Hồ Chí Minh,Cross metro,SPB,1257,9.13,14.61,48.14,13.19,85.08
2026-07-12,Hà Nội,Hồ Chí Minh,Cross metro,SPE,2784,8.69,11.36,49.06,9.94,79.43
2026-07-12,Hà Nội,Lào Cai,Intra region,SPB,179,7.76,12.8,17.43,15.32,53.23
2026-07-12,Hà Nội,Lào Cai,Intra region,SPE,1162,7.98,16.02,19.35,16.49,59.61
2026-07-12,Hà Nội,Lâm Đồng,Cross region,SPB,264,8.05,13.25,50.78,18.55,90.78
2026-07-12,Hà Nội,Lâm Đồng,Cross region,SPE,1989,8.39,14.17,53.1,18.38,93.74
2026-07-12,Hà Nội,Nghệ An,Cross region,SPB,187,9.84,11.02,24.84,22.36,67.97
2026-07-12,Hà Nội,Nghệ An,Cross region,SPE,1844,8.03,14.69,28.58,24.61,75.72
2026-07-12,Hà Nội,Ninh Bình,Intra region,SPB,356,8.3,12.35,15.28,12.69,49.4
2026-07-12,Hà Nội,Ninh Bình,Intra region,SPE,2611,8.42,15.13,15.68,11.69,50.6
2026-07-12,Hà Nội,Phú Thọ,Intra region,SPB,339,8.98,12.38,15.97,13.49,51.22
2026-07-12,Hà Nội,Phú Thọ,Intra region,SPE,2940,8.35,14.34,17.17,13.34,53.25
2026-07-12,Hà Nội,Quảng Ninh,Intra region,SPB,238,10.54,14.59,24.95,15.4,65.13
2026-07-12,Hà Nội,Quảng Ninh,Intra region,SPE,1432,8.72,15.0,21.68,15.9,61.3
2026-07-12,Hà Nội,Thanh Hóa,Intra region,SPB,419,8.9,10.86,19.56,17.49,56.75
2026-07-12,Hà Nội,Thanh Hóa,Intra region,SPE,2688,8.51,15.02,22.1,18.43,64.06
2026-07-12,Hà Nội,Tây Ninh,Cross region,SPB,169,7.52,13.99,48.34,19.06,90.48
2026-07-12,Hà Nội,Tây Ninh,Cross region,SPE,1402,8.25,14.61,46.79,19.02,89.17
2026-07-12,Hà Nội,Đà Nẵng,Cross metro *,SPB,302,7.89,14.24,30.84,15.32,68.02
2026-07-12,Hà Nội,Đà Nẵng,Cross metro *,SPE,658,8.79,11.92,30.68,13.79,64.77
2026-07-12,Hà Nội,Đắk Lắk,Cross region,SPB,175,9.13,12.15,47.35,13.99,82.95
2026-07-12,Hà Nội,Đắk Lắk,Cross region,SPE,1319,8.07,13.93,49.64,13.49,84.49
2026-07-12,Hà Nội,Đồng Nai,Cross region,SPB,272,6.56,13.03,50.52,20.73,91.39
2026-07-12,Hà Nội,Đồng Nai,Cross region,SPE,2206,9.22,14.34,54.48,20.79,98.19
2026-07-12,Hồ Chí Minh,An Giang,Intra region,SPB,488,8.63,9.16,17.64,20.07,55.88
2026-07-12,Hồ Chí Minh,An Giang,Intra region,SPE,2486,9.06,11.88,17.91,18.83,57.45
2026-07-12,Hồ Chí Minh,Cà Mau,Intra region,SPB,265,8.47,9.29,15.32,21.93,55.08
2026-07-12,Hồ Chí Minh,Cà Mau,Intra region,SPE,1196,8.95,11.77,16.18,14.05,50.55
2026-07-12,Hồ Chí Minh,Cần Thơ,Intra region,SPB,417,8.5,9.25,14.0,13.08,45.07
2026-07-12,Hồ Chí Minh,Cần Thơ,Intra region,SPE,2183,9.63,11.76,14.4,13.15,48.62
2026-07-12,Hồ Chí Minh,Gia Lai,Cross region,SPB,213,9.21,7.67,30.42,15.0,63.15
2026-07-12,Hồ Chí Minh,Gia Lai,Cross region,SPE,1075,9.96,11.49,33.32,12.34,66.49
2026-07-12,Hồ Chí Minh,Hà Nội,Cross metro,SPB,772,10.5,8.79,66.98,16.01,103.12
2026-07-12,Hồ Chí Minh,Hà Nội,Cross metro,SPE,1229,10.0,12.16,48.17,11.47,81.95
2026-07-12,Hồ Chí Minh,Hải Phòng,Cross region,SPB,196,10.92,10.51,54.15,20.25,96.6
2026-07-12,Hồ Chí Minh,Hải Phòng,Cross region,SPE,1391,9.37,11.59,58.28,18.04,96.8
2026-07-12,Hồ Chí Minh,Hồ Chí Minh,Intra city,SPB,2848,9.29,8.65,12.36,8.19,33.99
2026-07-12,Hồ Chí Minh,Hồ Chí Minh,Intra city,SPE,1693,10.26,14.67,15.07,11.23,50.7
2026-07-12,Hồ Chí Minh,Khánh Hòa,Cross region,SPB,216,10.43,9.22,23.56,20.9,65.06
2026-07-12,Hồ Chí Minh,Khánh Hòa,Cross region,SPE,861,9.32,12.05,24.27,13.17,58.72
2026-07-12,Hồ Chí Minh,Lâm Đồng,Cross region,SPB,490,10.37,9.11,18.84,14.41,53.38
2026-07-12,Hồ Chí Minh,Lâm Đồng,Cross region,SPE,2101,9.08,11.86,19.24,15.83,55.69
2026-07-12,Hồ Chí Minh,Ninh Bình,Cross region,SPB,125,8.88,9.23,46.06,15.97,81.08
2026-07-12,Hồ Chí Minh,Ninh Bình,Cross region,SPE,1026,9.1,11.61,48.57,14.18,82.95
2026-07-12,Hồ Chí Minh,Tây Ninh,Intra region,SPB,551,9.62,8.85,12.8,18.19,49.44
2026-07-12,Hồ Chí Minh,Tây Ninh,Intra region,SPE,2008,9.13,11.62,11.08,14.62,46.24
2026-07-12,Hồ Chí Minh,Vĩnh Long,Intra region,SPB,359,9.48,9.49,14.06,12.97,46.06
2026-07-12,Hồ Chí Minh,Vĩnh Long,Intra region,SPE,1597,9.28,11.21,14.59,16.3,51.07
2026-07-12,Hồ Chí Minh,Đà Nẵng,Cross metro *,SPB,288,10.59,8.65,32.8,14.6,67.27
2026-07-12,Hồ Chí Minh,Đà Nẵng,Cross metro *,SPE,409,10.82,10.99,33.74,12.06,67.47
2026-07-12,Hồ Chí Minh,Đắk Lắk,Cross region,SPB,205,9.44,8.26,27.03,14.23,58.87
2026-07-12,Hồ Chí Minh,Đắk Lắk,Cross region,SPE,1160,8.99,12.11,28.33,13.84,63.15
2026-07-12,Hồ Chí Minh,Đồng Nai,Intra region,SPB,781,9.69,8.13,14.98,12.88,45.87
2026-07-12,Hồ Chí Minh,Đồng Nai,Intra region,SPE,3245,9.19,12.13,15.72,13.93,50.58
2026-07-12,Hồ Chí Minh,Đồng Tháp,Intra region,SPB,369,8.72,8.2,13.66,14.86,45.59
2026-07-12,Hồ Chí Minh,Đồng Tháp,Intra region,SPE,1687,9.18,11.51,13.44,16.65,50.06
2026-07-12,Đà Nẵng,Hà Nội,Cross metro *,SPB,36,7.87,5.8,58.39,14.61,87.32
2026-07-12,Đà Nẵng,Hà Nội,Cross metro *,SPE,14,3.6,7.62,32.31,7.12,50.67
2026-07-12,Đà Nẵng,Hồ Chí Minh,Cross metro *,SPB,57,6.51,5.54,34.63,10.28,57.1
2026-07-12,Đà Nẵng,Hồ Chí Minh,Cross metro *,SPE,21,4.82,9.81,36.76,11.01,63.37
2026-07-11,,,,SPB,2,13.0,32.78,38.08,45.86,129.75
2026-07-11,,,,SPE,43,3.01,11.25,32.08,25.35,70.84
2026-07-11,Bắc Ninh,Hà Nội,Intra region,SPB,702,10.27,12.63,39.49,13.87,76.31
2026-07-11,Bắc Ninh,Hà Nội,Intra region,SPE,2094,6.89,12.95,14.18,13.68,48.7
2026-07-11,Hà Nội,An Giang,Cross region,SPB,329,5.66,13.1,55.8,22.27,97.47
2026-07-11,Hà Nội,An Giang,Cross region,SPE,3467,4.19,12.57,57.19,18.59,92.68
2026-07-11,Hà Nội,Bắc Ninh,Intra region,SPB,794,4.63,13.03,19.12,21.95,59.01
2026-07-11,Hà Nội,Bắc Ninh,Intra region,SPE,5720,4.23,12.83,13.84,19.79,50.72
2026-07-11,Hà Nội,Cần Thơ,Cross region,SPB,298,4.3,13.06,48.56,19.08,84.88
2026-07-11,Hà Nội,Cần Thơ,Cross region,SPE,3327,3.96,12.85,52.78,18.12,87.99
2026-07-11,Hà Nội,Gia Lai,Cross region,SPB,306,5.6,14.61,41.92,12.79,76.08
2026-07-11,Hà Nội,Gia Lai,Cross region,SPE,2807,4.12,12.59,47.42,11.76,75.85
2026-07-11,Hà Nội,Hà Nội,Intra city,SPB,4472,8.69,13.82,37.99,13.18,67.29
2026-07-11,Hà Nội,Hà Nội,Intra city,SPE,1787,5.98,8.55,14.13,14.46,45.52
2026-07-11,Hà Nội,Hưng Yên,Intra region,SPB,678,6.18,12.2,23.11,17.84,59.99
2026-07-11,Hà Nội,Hưng Yên,Intra region,SPE,5317,3.96,12.65,19.62,18.22,54.36
2026-07-11,Hà Nội,Hải Phòng,Intra region,SPB,1013,5.17,14.24,23.38,21.38,64.21
2026-07-11,Hà Nội,Hải Phòng,Intra region,SPE,6722,4.58,12.92,19.27,18.72,55.56
2026-07-11,Hà Nội,Hồ Chí Minh,Cross metro,SPB,1991,6.06,13.88,48.2,13.55,81.36
2026-07-11,Hà Nội,Hồ Chí Minh,Cross metro,SPE,4461,5.13,11.12,50.64,9.87,77.43
2026-07-11,Hà Nội,Lào Cai,Intra region,SPB,237,4.65,11.67,20.36,17.9,54.75
2026-07-11,Hà Nội,Lào Cai,Intra region,SPE,2336,4.11,12.74,19.5,18.58,55.24
2026-07-11,Hà Nội,Lâm Đồng,Cross region,SPB,468,4.83,14.23,53.07,15.62,87.7
2026-07-11,Hà Nội,Lâm Đồng,Cross region,SPE,3951,4.39,11.28,56.44,17.26,89.47
2026-07-11,Hà Nội,Nghệ An,Cross region,SPB,366,3.87,12.04,26.77,23.16,66.3
2026-07-11,Hà Nội,Nghệ An,Cross region,SPE,3662,4.13,12.26,30.77,24.9,72.34
2026-07-11,Hà Nội,Ninh Bình,Intra region,SPB,725,5.15,13.26,19.68,13.82,51.99
2026-07-11,Hà Nội,Ninh Bình,Intra region,SPE,5896,3.94,12.42,18.01,13.44,47.71
2026-07-11,Hà Nội,Phú Thọ,Intra region,SPB,632,4.69,12.32,17.91,13.99,49.11
2026-07-11,Hà Nội,Phú Thọ,Intra region,SPE,5992,4.39,12.54,16.78,14.37,48.19
2026-07-11,Hà Nội,Quảng Ninh,Intra region,SPB,443,4.58,13.76,29.47,16.14,64.08
2026-07-11,Hà Nội,Quảng Ninh,Intra region,SPE,2987,4.45,12.05,23.23,15.49,55.56
2026-07-11,Hà Nội,Thanh Hóa,Intra region,SPB,645,4.57,12.66,21.19,20.62,59.03
2026-07-11,Hà Nội,Thanh Hóa,Intra region,SPE,5674,4.04,12.38,22.73,19.74,58.91
2026-07-11,Hà Nội,Tây Ninh,Cross region,SPB,276,5.41,13.63,48.6,23.31,90.97
2026-07-11,Hà Nội,Tây Ninh,Cross region,SPE,3032,4.37,12.66,46.34,19.26,82.77
2026-07-11,Hà Nội,Đà Nẵng,Cross metro *,SPB,547,4.48,13.93,31.98,17.46,67.51
2026-07-11,Hà Nội,Đà Nẵng,Cross metro *,SPE,1072,5.05,11.23,32.35,15.64,64.73
2026-07-11,Hà Nội,Đắk Lắk,Cross region,SPB,276,4.34,12.68,43.36,13.58,74.15
2026-07-11,Hà Nội,Đắk Lắk,Cross region,SPE,2615,4.51,12.34,49.58,13.29,79.62
2026-07-11,Hà Nội,Đồng Nai,Cross region,SPB,508,4.49,13.5,51.65,17.18,86.97
2026-07-11,Hà Nội,Đồng Nai,Cross region,SPE,4835,4.18,12.42,57.71,19.4,93.74
2026-07-11,Hồ Chí Minh,An Giang,Intra region,SPB,1226,5.19,8.51,19.79,17.21,50.77
2026-07-11,Hồ Chí Minh,An Giang,Intra region,SPE,5466,4.15,9.81,17.76,19.02,50.44
2026-07-11,Hồ Chí Minh,Cà Mau,Intra region,SPB,503,6.83,9.07,17.3,22.99,56.64
2026-07-11,Hồ Chí Minh,Cà Mau,Intra region,SPE,3082,4.25,9.56,16.79,15.22,45.63
2026-07-11,Hồ Chí Minh,Cần Thơ,Intra region,SPB,871,6.01,8.93,15.77,14.23,44.93
2026-07-11,Hồ Chí Minh,Cần Thơ,Intra region,SPE,5352,4.23,10.05,14.94,14.6,43.56
2026-07-11,Hồ Chí Minh,Gia Lai,Cross region,SPB,483,6.3,8.82,31.4,13.81,60.05
2026-07-11,Hồ Chí Minh,Gia Lai,Cross region,SPE,2795,4.25,9.86,31.84,11.54,57.17
2026-07-11,Hồ Chí Minh,Hà Nội,Cross metro,SPB,1727,7.61,8.46,75.56,15.7,107.1
2026-07-11,Hồ Chí Minh,Hà Nội,Cross metro,SPE,2144,4.37,8.07,51.26,12.18,75.93
2026-07-11,Hồ Chí Minh,Hải Phòng,Cross region,SPB,415,7.08,9.79,55.85,19.73,92.69
2026-07-11,Hồ Chí Minh,Hải Phòng,Cross region,SPE,3186,4.37,9.92,58.85,16.33,89.2
2026-07-11,Hồ Chí Minh,Hồ Chí Minh,Intra city,SPB,8477,8.91,8.86,12.31,7.61,30.97
2026-07-11,Hồ Chí Minh,Hồ Chí Minh,Intra city,SPE,4505,5.74,10.24,14.36,12.36,42.47
2026-07-11,Hồ Chí Minh,Khánh Hòa,Cross region,SPB,525,7.0,9.5,25.42,27.13,69.29
2026-07-11,Hồ Chí Minh,Khánh Hòa,Cross region,SPE,2181,4.36,9.83,24.6,15.3,53.86
2026-07-11,Hồ Chí Minh,Lâm Đồng,Cross region,SPB,1051,6.38,8.36,20.28,16.44,51.28
2026-07-11,Hồ Chí Minh,Lâm Đồng,Cross region,SPE,5023,4.33,10.08,18.89,16.02,49.11
2026-07-11,Hồ Chí Minh,Ninh Bình,Cross region,SPB,295,6.37,10.49,47.55,16.58,80.3
2026-07-11,Hồ Chí Minh,Ninh Bình,Cross region,SPE,2627,3.75,9.74,49.59,13.38,76.28
2026-07-11,Hồ Chí Minh,Tây Ninh,Intra region,SPB,1088,5.77,7.73,11.21,18.12,42.99
2026-07-11,Hồ Chí Minh,Tây Ninh,Intra region,SPE,5085,4.18,9.72,10.66,15.94,40.24
2026-07-11,Hồ Chí Minh,Vĩnh Long,Intra region,SPB,723,5.14,8.91,14.27,15.05,43.58
2026-07-11,Hồ Chí Minh,Vĩnh Long,Intra region,SPE,4094,3.83,9.89,14.38,17.55,45.47
2026-07-11,Hồ Chí Minh,Đà Nẵng,Cross metro *,SPB,708,6.88,9.41,33.99,16.44,66.81
2026-07-11,Hồ Chí Minh,Đà Nẵng,Cross metro *,SPE,813,5.41,8.95,34.12,11.27,59.64
2026-07-11,Hồ Chí Minh,Đắk Lắk,Cross region,SPB,419,5.65,8.49,26.56,16.15,56.59
2026-07-11,Hồ Chí Minh,Đắk Lắk,Cross region,SPE,2741,4.58,9.17,27.98,15.22,56.78
2026-07-11,Hồ Chí Minh,Đồng Nai,Intra region,SPB,1584,6.16,9.32,14.43,14.19,44.15
2026-07-11,Hồ Chí Minh,Đồng Nai,Intra region,SPE,7960,4.25,9.75,14.19,14.81,42.76
2026-07-11,Hồ Chí Minh,Đồng Tháp,Intra region,SPB,878,5.88,8.87,14.08,16.93,45.75
2026-07-11,Hồ Chí Minh,Đồng Tháp,Intra region,SPE,4217,4.02,10.06,13.21,18.5,45.55
2026-07-11,Đà Nẵng,Hà Nội,Cross metro *,SPB,86,4.43,7.52,62.58,11.98,86.3
2026-07-11,Đà Nẵng,Hà Nội,Cross metro *,SPE,41,1.42,7.42,35.63,12.27,56.7
2026-07-11,Đà Nẵng,Hồ Chí Minh,Cross metro *,SPB,116,4.03,6.72,35.11,11.19,56.99
2026-07-11,Đà Nẵng,Hồ Chí Minh,Cross metro *,SPE,60,0.94,8.08,39.05,12.69,62.05
2026-07-10,,,,SPB,5,19.09,8.7,30.58,21.3,74.6
2026-07-10,,,,SPE,31,4.14,9.82,38.6,27.72,80.58
2026-07-10,Bắc Ninh,Hà Nội,Intra region,SPB,2026,9.35,9.22,40.76,14.1,73.51
2026-07-10,Bắc Ninh,Hà Nội,Intra region,SPE,1727,8.69,11.38,15.22,14.14,51.05
2026-07-10,Hà Nội,An Giang,Cross region,SPB,463,4.23,12.81,58.13,20.14,96.27
2026-07-10,Hà Nội,An Giang,Cross region,SPE,2400,5.22,12.45,57.54,19.4,94.8
2026-07-10,Hà Nội,Bắc Ninh,Intra region,SPB,965,4.66,12.06,18.94,20.47,56.94
2026-07-10,Hà Nội,Bắc Ninh,Intra region,SPE,3894,5.06,12.27,15.29,19.3,52.47
2026-07-10,Hà Nội,Cần Thơ,Cross region,SPB,404,4.39,13.25,51.92,19.29,88.65
2026-07-10,Hà Nội,Cần Thơ,Cross region,SPE,2237,4.75,12.14,52.56,18.14,88.39
2026-07-10,Hà Nội,Gia Lai,Cross region,SPB,388,4.36,11.75,47.51,12.05,75.78
2026-07-10,Hà Nội,Gia Lai,Cross region,SPE,1932,4.88,11.81,51.26,11.64,79.81
2026-07-10,Hà Nội,Hà Nội,Intra city,SPB,3581,5.3,13.68,41.39,13.2,65.54
2026-07-10,Hà Nội,Hà Nội,Intra city,SPE,879,3.68,10.93,16.11,14.6,46.21
2026-07-10,Hà Nội,Hưng Yên,Intra region,SPB,943,5.12,11.39,27.07,16.75,60.82
2026-07-10,Hà Nội,Hưng Yên,Intra region,SPE,3367,5.53,12.41,25.44,18.7,62.06
2026-07-10,Hà Nội,Hải Phòng,Intra region,SPB,1418,5.51,11.2,25.06,21.27,63.74
2026-07-10,Hà Nội,Hải Phòng,Intra region,SPE,4491,5.33,12.22,22.26,19.73,59.86
2026-07-10,Hà Nội,Hồ Chí Minh,Cross metro,SPB,3120,5.7,12.35,49.52,15.1,82.94
2026-07-10,Hà Nội,Hồ Chí Minh,Cross metro,SPE,4672,4.73,10.07,51.37,11.29,78.41
2026-07-10,Hà Nội,Lào Cai,Intra region,SPB,346,4.54,11.0,21.98,15.87,53.55
2026-07-10,Hà Nội,Lào Cai,Intra region,SPE,1578,4.86,12.67,20.46,19.65,58.62
2026-07-10,Hà Nội,Lâm Đồng,Cross region,SPB,659,4.6,12.76,54.06,17.19,88.3
2026-07-10,Hà Nội,Lâm Đồng,Cross region,SPE,2656,5.21,11.4,62.05,17.07,95.73
2026-07-10,Hà Nội,Nghệ An,Cross region,SPB,565,5.34,11.55,29.33,22.46,68.71
2026-07-10,Hà Nội,Nghệ An,Cross region,SPE,2548,5.06,11.77,34.43,24.04,75.88
2026-07-10,Hà Nội,Ninh Bình,Intra region,SPB,1058,5.63,12.05,23.43,14.5,56.0
2026-07-10,Hà Nội,Ninh Bình,Intra region,SPE,3855,5.44,12.14,24.19,13.83,55.35
2026-07-10,Hà Nội,Phú Thọ,Intra region,SPB,906,5.26,11.42,17.62,13.34,47.94
2026-07-10,Hà Nội,Phú Thọ,Intra region,SPE,4138,4.68,12.35,19.04,13.74,50.67
2026-07-10,Hà Nội,Quảng Ninh,Intra region,SPB,653,4.89,10.89,33.75,14.77,64.74
2026-07-10,Hà Nội,Quảng Ninh,Intra region,SPE,2004,5.0,12.39,27.06,15.57,60.68
2026-07-10,Hà Nội,Thanh Hóa,Intra region,SPB,1001,5.54,12.68,22.04,18.48,58.7
2026-07-10,Hà Nội,Thanh Hóa,Intra region,SPE,3808,5.31,11.73,24.56,20.42,62.71
2026-07-10,Hà Nội,Tây Ninh,Cross region,SPB,353,6.0,11.37,50.2,23.36,91.04
2026-07-10,Hà Nội,Tây Ninh,Cross region,SPE,2040,5.28,12.12,47.13,19.96,85.11
2026-07-10,Hà Nội,Đà Nẵng,Cross metro *,SPB,837,4.82,11.66,32.7,18.31,68.12
2026-07-10,Hà Nội,Đà Nẵng,Cross metro *,SPE,1057,4.41,9.51,34.68,16.01,65.14
2026-07-10,Hà Nội,Đắk Lắk,Cross region,SPB,405,4.05,12.07,47.19,13.01,77.14
2026-07-10,Hà Nội,Đắk Lắk,Cross region,SPE,1753,4.67,11.71,54.96,12.21,83.66
2026-07-10,Hà Nội,Đồng Nai,Cross region,SPB,723,4.32,12.69,54.81,15.7,87.78
2026-07-10,Hà Nội,Đồng Nai,Cross region,SPE,3297,5.4,12.02,63.03,18.6,99.02
2026-07-10,Hồ Chí Minh,An Giang,Intra region,SPB,1694,6.64,8.31,18.2,17.46,50.61
2026-07-10,Hồ Chí Minh,An Giang,Intra region,SPE,3736,5.43,9.35,17.21,18.06,49.9
2026-07-10,Hồ Chí Minh,Cà Mau,Intra region,SPB,771,7.59,8.18,15.45,19.45,50.94
2026-07-10,Hồ Chí Minh,Cà Mau,Intra region,SPE,2102,5.47,9.33,15.53,12.78,43.04
2026-07-10,Hồ Chí Minh,Cần Thơ,Intra region,SPB,1416,6.72,7.99,14.16,13.7,42.67
2026-07-10,Hồ Chí Minh,Cần Thơ,Intra region,SPE,3355,5.48,9.28,14.46,12.87,42.1
2026-07-10,Hồ Chí Minh,Gia Lai,Cross region,SPB,815,8.74,8.0,31.23,14.5,62.38
2026-07-10,Hồ Chí Minh,Gia Lai,Cross region,SPE,1733,5.87,9.04,31.51,12.73,58.9
2026-07-10,Hồ Chí Minh,Hà Nội,Cross metro,SPB,2830,8.53,8.93,77.04,15.04,109.67
2026-07-10,Hồ Chí Minh,Hà Nội,Cross metro,SPE,2451,4.22,7.38,57.67,13.57,82.62
2026-07-10,Hồ Chí Minh,Hải Phòng,Cross region,SPB,743,9.05,8.29,59.38,19.62,96.44
2026-07-10,Hồ Chí Minh,Hải Phòng,Cross region,SPE,2060,5.82,9.64,60.27,18.28,93.56
2026-07-10,Hồ Chí Minh,Hồ Chí Minh,Intra city,SPB,10421,8.76,7.34,12.32,9.66,32.59
2026-07-10,Hồ Chí Minh,Hồ Chí Minh,Intra city,SPE,3526,4.17,8.5,15.36,11.22,39.43
2026-07-10,Hồ Chí Minh,Khánh Hòa,Cross region,SPB,992,8.23,8.02,25.25,24.2,65.6
2026-07-10,Hồ Chí Minh,Khánh Hòa,Cross region,SPE,1369,5.26,9.44,25.87,16.42,56.69
2026-07-10,Hồ Chí Minh,Lâm Đồng,Cross region,SPB,1804,7.66,8.05,20.23,16.89,52.92
2026-07-10,Hồ Chí Minh,Lâm Đồng,Cross region,SPE,3286,5.88,9.25,18.91,16.09,50.04
2026-07-10,Hồ Chí Minh,Ninh Bình,Cross region,SPB,605,10.6,8.92,51.73,15.81,87.06
2026-07-10,Hồ Chí Minh,Ninh Bình,Cross region,SPE,1577,5.95,9.78,52.52,14.23,81.95
2026-07-10,Hồ Chí Minh,Tây Ninh,Intra region,SPB,1823,7.46,7.35,11.52,17.88,44.29
2026-07-10,Hồ Chí Minh,Tây Ninh,Intra region,SPE,3473,5.89,9.03,10.86,15.81,41.37
2026-07-10,Hồ Chí Minh,Vĩnh Long,Intra region,SPB,1185,6.24,7.46,13.6,14.78,42.41
2026-07-10,Hồ Chí Minh,Vĩnh Long,Intra region,SPE,2754,5.57,9.2,14.24,16.89,45.81
2026-07-10,Hồ Chí Minh,Đà Nẵng,Cross metro *,SPB,1207,8.5,8.61,34.5,15.62,67.12
2026-07-10,Hồ Chí Minh,Đà Nẵng,Cross metro *,SPE,887,4.53,7.54,35.42,13.56,61.08
2026-07-10,Hồ Chí Minh,Đắk Lắk,Cross region,SPB,836,9.63,7.37,26.19,15.0,58.5
2026-07-10,Hồ Chí Minh,Đắk Lắk,Cross region,SPE,1687,5.86,9.2,27.1,15.25,57.2
2026-07-10,Hồ Chí Minh,Đồng Nai,Intra region,SPB,2977,7.47,7.9,14.97,15.42,45.85
2026-07-10,Hồ Chí Minh,Đồng Nai,Intra region,SPE,5334,5.69,9.12,14.77,14.19,43.68
2026-07-10,Hồ Chí Minh,Đồng Tháp,Intra region,SPB,1267,6.52,7.89,13.41,17.12,44.86
2026-07-10,Hồ Chí Minh,Đồng Tháp,Intra region,SPE,2642,5.51,8.79,13.0,17.0,44.41
2026-07-10,Đà Nẵng,Hà Nội,Cross metro *,SPB,146,8.98,4.71,60.01,15.44,88.95
2026-07-10,Đà Nẵng,Hà Nội,Cross metro *,SPE,47,0.64,7.33,41.61,15.27,66.49
2026-07-10,Đà Nẵng,Hồ Chí Minh,Cross metro *,SPB,128,5.53,6.71,36.67,13.13,61.97
2026-07-10,Đà Nẵng,Hồ Chí Minh,Cross metro *,SPE,79,1.44,8.55,36.95,13.22,60.32
2026-07-09,,,,SPB,8,3.74,10.83,35.75,27.34,76.27
2026-07-09,,,,SPE,28,3.65,8.92,39.62,14.84,67.42
2026-07-09,Bắc Ninh,Hà Nội,Intra region,SPB,798,7.47,7.38,43.5,16.87,75.22
2026-07-09,Bắc Ninh,Hà Nội,Intra region,SPE,1516,9.36,11.47,16.83,12.53,51.53
2026-07-09,Hà Nội,An Giang,Cross region,SPB,345,3.53,11.56,57.77,20.78,93.91
2026-07-09,Hà Nội,An Giang,Cross region,SPE,2219,5.63,11.8,58.78,18.85,95.47
2026-07-09,Hà Nội,Bắc Ninh,Intra region,SPB,715,4.81,12.06,19.46,20.42,56.99
2026-07-09,Hà Nội,Bắc Ninh,Intra region,SPE,3584,5.66,11.61,15.35,17.27,50.41
2026-07-09,Hà Nội,Cần Thơ,Cross region,SPB,252,4.97,11.77,51.93,20.16,89.34
2026-07-09,Hà Nội,Cần Thơ,Cross region,SPE,2160,5.48,12.0,54.06,17.91,89.24
2026-07-09,Hà Nội,Gia Lai,Cross region,SPB,280,4.07,12.51,44.45,13.37,74.83
2026-07-09,Hà Nội,Gia Lai,Cross region,SPE,1782,5.16,10.71,52.88,11.31,79.85
2026-07-09,Hà Nội,Hà Nội,Intra city,SPB,3490,4.88,13.02,39.12,13.8,64.09
2026-07-09,Hà Nội,Hà Nội,Intra city,SPE,1798,4.68,11.47,17.27,13.74,47.23
2026-07-09,Hà Nội,Hưng Yên,Intra region,SPB,636,4.77,12.91,28.18,16.79,62.62
2026-07-09,Hà Nội,Hưng Yên,Intra region,SPE,3261,5.23,12.07,26.38,16.22,60.04
2026-07-09,Hà Nội,Hải Phòng,Intra region,SPB,934,5.04,13.23,26.38,20.84,65.67
2026-07-09,Hà Nội,Hải Phòng,Intra region,SPE,4557,5.65,11.92,22.46,17.04,57.59
2026-07-09,Hà Nội,Hồ Chí Minh,Cross metro,SPB,2107,4.77,12.92,50.11,16.05,84.51
2026-07-09,Hà Nội,Hồ Chí Minh,Cross metro,SPE,4277,5.32,10.01,52.8,11.87,80.08
2026-07-09,Hà Nội,Lào Cai,Intra region,SPB,250,3.95,13.34,19.98,17.04,54.67
2026-07-09,Hà Nội,Lào Cai,Intra region,SPE,1509,5.15,11.72,21.44,19.15,58.12
2026-07-09,Hà Nội,Lâm Đồng,Cross region,SPB,458,3.49,12.25,54.91,17.27,88.29
2026-07-09,Hà Nội,Lâm Đồng,Cross region,SPE,2658,5.32,11.38,62.5,18.01,96.6
2026-07-09,Hà Nội,Nghệ An,Cross region,SPB,418,4.33,11.72,31.62,21.93,69.33
2026-07-09,Hà Nội,Nghệ An,Cross region,SPE,2431,5.15,11.81,32.64,25.16,75.1
2026-07-09,Hà Nội,Ninh Bình,Intra region,SPB,746,4.13,12.37,29.19,13.02,58.5
2026-07-09,Hà Nội,Ninh Bình,Intra region,SPE,3802,5.37,11.95,28.08,11.99,57.28
2026-07-09,Hà Nội,Phú Thọ,Intra region,SPB,597,4.49,12.44,18.65,14.95,51.05
2026-07-09,Hà Nội,Phú Thọ,Intra region,SPE,3973,5.61,12.05,19.04,13.43,50.98
2026-07-09,Hà Nội,Quảng Ninh,Intra region,SPB,432,4.19,11.98,33.26,15.52,65.64
2026-07-09,Hà Nội,Quảng Ninh,Intra region,SPE,1993,5.43,11.69,25.56,14.72,57.97
2026-07-09,Hà Nội,Thanh Hóa,Intra region,SPB,751,4.83,12.49,22.98,19.21,59.64
2026-07-09,Hà Nội,Thanh Hóa,Intra region,SPE,3686,5.13,11.54,24.19,20.14,61.69
2026-07-09,Hà Nội,Tây Ninh,Cross region,SPB,304,4.71,11.65,49.23,21.44,87.31
2026-07-09,Hà Nội,Tây Ninh,Cross region,SPE,2063,6.06,11.01,47.79,21.2,86.72
2026-07-09,Hà Nội,Đà Nẵng,Cross metro *,SPB,531,5.28,12.35,32.78,20.4,71.02
2026-07-09,Hà Nội,Đà Nẵng,Cross metro *,SPE,1039,5.01,9.77,33.26,16.02,65.06
2026-07-09,Hà Nội,Đắk Lắk,Cross region,SPB,275,3.59,11.05,46.4,13.16,73.96
2026-07-09,Hà Nội,Đắk Lắk,Cross region,SPE,1707,5.28,11.82,55.47,14.08,86.16
2026-07-09,Hà Nội,Đồng Nai,Cross region,SPB,492,4.26,12.77,52.82,17.78,87.81
2026-07-09,Hà Nội,Đồng Nai,Cross region,SPE,3242,5.48,11.27,63.47,18.37,98.16
2026-07-09,Hồ Chí Minh,An Giang,Intra region,SPB,1129,5.61,8.75,19.3,16.86,50.6
2026-07-09,Hồ Chí Minh,An Giang,Intra region,SPE,3492,5.06,8.6,16.56,18.02,47.72
2026-07-09,Hồ Chí Minh,Cà Mau,Intra region,SPB,500,5.29,8.45,15.67,24.71,54.25
2026-07-09,Hồ Chí Minh,Cà Mau,Intra region,SPE,1890,5.16,8.96,15.3,12.95,41.99
2026-07-09,Hồ Chí Minh,Cần Thơ,Intra region,SPB,946,5.71,9.31,13.56,13.3,41.96
2026-07-09,Hồ Chí Minh,Cần Thơ,Intra region,SPE,3426,5.8,8.76,13.09,12.32,39.38
2026-07-09,Hồ Chí Minh,Gia Lai,Cross region,SPB,442,6.9,8.38,31.01,14.84,61.27
2026-07-09,Hồ Chí Minh,Gia Lai,Cross region,SPE,1564,5.78,8.2,32.74,11.85,57.67
2026-07-09,Hồ Chí Minh,Hà Nội,Cross metro,SPB,1860,6.7,10.01,80.82,16.07,113.18
2026-07-09,Hồ Chí Minh,Hà Nội,Cross metro,SPE,1923,3.9,7.45,53.46,17.31,82.23
2026-07-09,Hồ Chí Minh,Hải Phòng,Cross region,SPB,463,6.86,10.14,61.85,21.56,100.25
2026-07-09,Hồ Chí Minh,Hải Phòng,Cross region,SPE,1822,5.39,8.48,63.46,20.15,96.86
2026-07-09,Hồ Chí Minh,Hồ Chí Minh,Intra city,SPB,8139,6.64,7.74,12.39,7.78,27.46
2026-07-09,Hồ Chí Minh,Hồ Chí Minh,Intra city,SPE,4346,4.88,8.35,14.17,9.96,37.34
2026-07-09,Hồ Chí Minh,Khánh Hòa,Cross region,SPB,556,6.18,8.93,22.81,23.3,61.01
2026-07-09,Hồ Chí Minh,Khánh Hòa,Cross region,SPE,1339,5.88,8.45,23.41,18.23,55.36
2026-07-09,Hồ Chí Minh,Lâm Đồng,Cross region,SPB,1095,5.92,10.19,20.54,16.31,52.71
2026-07-09,Hồ Chí Minh,Lâm Đồng,Cross region,SPE,3275,5.89,8.68,19.02,15.77,48.69
2026-07-09,Hồ Chí Minh,Ninh Bình,Cross region,SPB,294,6.77,9.07,56.32,16.86,88.93
2026-07-09,Hồ Chí Minh,Ninh Bình,Cross region,SPE,1471,5.2,9.49,59.85,14.28,88.08
2026-07-09,Hồ Chí Minh,Tây Ninh,Intra region,SPB,1225,5.65,8.54,11.05,17.06,42.35
2026-07-09,Hồ Chí Minh,Tây Ninh,Intra region,SPE,3418,5.72,8.76,10.62,14.08,38.46
2026-07-09,Hồ Chí Minh,Vĩnh Long,Intra region,SPB,743,5.61,8.71,13.7,14.94,42.91
2026-07-09,Hồ Chí Minh,Vĩnh Long,Intra region,SPE,2596,5.33,8.79,13.43,16.04,42.87
2026-07-09,Hồ Chí Minh,Đà Nẵng,Cross metro *,SPB,727,5.97,9.27,33.74,17.0,65.65
2026-07-09,Hồ Chí Minh,Đà Nẵng,Cross metro *,SPE,761,4.52,7.47,33.12,13.28,58.42
2026-07-09,Hồ Chí Minh,Đắk Lắk,Cross region,SPB,467,6.41,8.59,25.9,17.84,58.65
2026-07-09,Hồ Chí Minh,Đắk Lắk,Cross region,SPE,1638,5.35,8.87,27.08,14.73,55.38
2026-07-09,Hồ Chí Minh,Đồng Nai,Intra region,SPB,1808,6.15,9.39,15.42,15.07,46.04
2026-07-09,Hồ Chí Minh,Đồng Nai,Intra region,SPE,5157,5.47,8.48,14.17,13.01,40.59
2026-07-09,Hồ Chí Minh,Đồng Tháp,Intra region,SPB,837,5.72,8.84,12.75,19.22,46.61
2026-07-09,Hồ Chí Minh,Đồng Tháp,Intra region,SPE,2533,5.32,8.56,12.3,14.74,40.27
2026-07-09,Đà Nẵng,Hà Nội,Cross metro *,SPB,52,3.28,6.64,60.38,15.16,85.52
2026-07-09,Đà Nẵng,Hà Nội,Cross metro *,SPE,38,1.17,11.32,35.45,15.88,63.74
2026-07-09,Đà Nẵng,Hồ Chí Minh,Cross metro *,SPB,80,3.61,8.01,36.6,11.77,60.04
2026-07-09,Đà Nẵng,Hồ Chí Minh,Cross metro *,SPE,64,1.62,10.35,40.65,10.62,63.45
2026-07-08,,,,SPB,7,11.29,8.05,32.62,31.32,83.32
2026-07-08,,,,SPE,46,2.86,9.51,41.91,24.85,80.41
2026-07-08,Bắc Ninh,Hà Nội,Intra region,SPB,1135,10.9,12.96,41.63,16.58,82.2
2026-07-08,Bắc Ninh,Hà Nội,Intra region,SPE,2937,7.67,11.0,16.11,11.87,48.25
2026-07-08,Hà Nội,An Giang,Cross region,SPB,649,4.34,14.5,58.4,21.97,99.85
2026-07-08,Hà Nội,An Giang,Cross region,SPE,3724,4.13,11.23,59.51,17.85,93.18
2026-07-08,Hà Nội,Bắc Ninh,Intra region,SPB,1368,4.71,12.9,19.18,21.31,58.3
2026-07-08,Hà Nội,Bắc Ninh,Intra region,SPE,6708,3.99,10.72,15.51,18.57,49.26
2026-07-08,Hà Nội,Cần Thơ,Cross region,SPB,447,4.81,13.1,49.86,20.94,88.67
2026-07-08,Hà Nội,Cần Thơ,Cross region,SPE,3869,4.16,10.84,54.65,17.26,87.18
2026-07-08,Hà Nội,Gia Lai,Cross region,SPB,617,4.74,13.45,42.99,13.14,74.39
2026-07-08,Hà Nội,Gia Lai,Cross region,SPE,3352,3.77,10.9,46.41,11.77,72.93
2026-07-08,Hà Nội,Hà Nội,Intra city,SPB,9029,4.96,13.02,41.47,13.86,63.84
2026-07-08,Hà Nội,Hà Nội,Intra city,SPE,2677,4.08,11.88,17.44,12.45,46.11
2026-07-08,Hà Nội,Hưng Yên,Intra region,SPB,1248,5.09,13.01,29.67,16.61,64.55
2026-07-08,Hà Nội,Hưng Yên,Intra region,SPE,5716,4.12,10.9,22.72,15.02,52.79
2026-07-08,Hà Nội,Hải Phòng,Intra region,SPB,1846,5.01,12.43,24.21,20.15,62.21
2026-07-08,Hà Nội,Hải Phòng,Intra region,SPE,8386,3.99,10.7,21.97,16.27,53.55
2026-07-08,Hà Nội,Hồ Chí Minh,Cross metro,SPB,4339,5.15,13.97,52.11,15.13,86.51
2026-07-08,Hà Nội,Hồ Chí Minh,Cross metro,SPE,6483,4.96,11.31,54.16,10.72,81.5
2026-07-08,Hà Nội,Lào Cai,Intra region,SPB,407,5.4,12.84,21.35,15.75,56.07
2026-07-08,Hà Nội,Lào Cai,Intra region,SPE,2078,3.71,11.04,20.67,18.42,54.74
2026-07-08,Hà Nội,Lâm Đồng,Cross region,SPB,854,3.84,12.69,54.35,17.5,89.15
2026-07-08,Hà Nội,Lâm Đồng,Cross region,SPE,4799,3.77,10.72,57.01,18.27,89.83
2026-07-08,Hà Nội,Nghệ An,Cross region,SPB,827,5.15,12.86,28.8,21.76,68.71
2026-07-08,Hà Nội,Nghệ An,Cross region,SPE,4287,3.8,10.68,32.91,24.47,72.63
2026-07-08,Hà Nội,Ninh Bình,Intra region,SPB,1535,4.82,13.21,26.46,12.08,56.96
2026-07-08,Hà Nội,Ninh Bình,Intra region,SPE,6874,4.02,10.66,22.99,11.62,49.82
2026-07-08,Hà Nội,Phú Thọ,Intra region,SPB,1114,4.56,12.71,19.11,14.17,50.64
2026-07-08,Hà Nội,Phú Thọ,Intra region,SPE,6575,3.85,10.8,18.44,14.39,48.38
2026-07-08,Hà Nội,Quảng Ninh,Intra region,SPB,792,4.55,12.57,34.62,14.6,66.51
2026-07-08,Hà Nội,Quảng Ninh,Intra region,SPE,3438,3.91,10.74,24.03,16.02,55.49
2026-07-08,Hà Nội,Thanh Hóa,Intra region,SPB,1201,4.72,13.5,22.93,20.11,61.64
2026-07-08,Hà Nội,Thanh Hóa,Intra region,SPE,6201,3.82,10.87,23.79,20.87,60.22
2026-07-08,Hà Nội,Tây Ninh,Cross region,SPB,450,3.88,12.5,50.27,20.27,86.94
2026-07-08,Hà Nội,Tây Ninh,Cross region,SPE,3528,3.92,10.81,46.99,20.07,82.51
2026-07-08,Hà Nội,Đà Nẵng,Cross metro *,SPB,1093,4.26,13.19,33.49,17.66,68.93
2026-07-08,Hà Nội,Đà Nẵng,Cross metro *,SPE,1528,5.05,11.0,33.06,15.7,66.08
2026-07-08,Hà Nội,Đắk Lắk,Cross region,SPB,574,5.06,13.79,44.36,13.95,77.61
2026-07-08,Hà Nội,Đắk Lắk,Cross region,SPE,3297,3.8,10.64,50.27,15.13,80.13
2026-07-08,Hà Nội,Đồng Nai,Cross region,SPB,968,4.38,13.32,52.74,18.31,89.34
2026-07-08,Hà Nội,Đồng Nai,Cross region,SPE,6237,3.84,10.78,62.29,16.97,94.01
2026-07-08,Hồ Chí Minh,An Giang,Intra region,SPB,1845,6.42,10.96,18.22,16.46,52.24
2026-07-08,Hồ Chí Minh,An Giang,Intra region,SPE,5977,4.15,9.18,16.68,16.99,46.7
2026-07-08,Hồ Chí Minh,Cà Mau,Intra region,SPB,825,7.66,11.64,15.79,23.81,59.18
2026-07-08,Hồ Chí Minh,Cà Mau,Intra region,SPE,3320,4.42,9.09,15.98,14.42,43.64
2026-07-08,Hồ Chí Minh,Cần Thơ,Intra region,SPB,1565,7.32,11.67,14.37,14.26,47.72
2026-07-08,Hồ Chí Minh,Cần Thơ,Intra region,SPE,6267,4.17,8.75,14.06,12.82,39.58
2026-07-08,Hồ Chí Minh,Gia Lai,Cross region,SPB,1052,8.6,11.68,32.98,14.7,68.26
2026-07-08,Hồ Chí Minh,Gia Lai,Cross region,SPE,3238,3.96,8.94,34.34,10.31,57.21
2026-07-08,Hồ Chí Minh,Hà Nội,Cross metro,SPB,4283,8.74,13.13,79.25,16.7,117.9
2026-07-08,Hồ Chí Minh,Hà Nội,Cross metro,SPE,2894,4.33,9.53,52.45,14.66,81.02
2026-07-08,Hồ Chí Minh,Hải Phòng,Cross region,SPB,896,8.07,12.88,62.6,22.14,105.66
2026-07-08,Hồ Chí Minh,Hải Phòng,Cross region,SPE,3591,4.11,8.81,66.61,17.59,96.84
2026-07-08,Hồ Chí Minh,Hồ Chí Minh,Intra city,SPB,17465,7.89,11.78,12.86,7.66,30.65
2026-07-08,Hồ Chí Minh,Hồ Chí Minh,Intra city,SPE,5507,4.31,8.61,14.2,9.23,36.29
2026-07-08,Hồ Chí Minh,Khánh Hòa,Cross region,SPB,1036,7.66,11.61,23.59,21.06,64.36
2026-07-08,Hồ Chí Minh,Khánh Hòa,Cross region,SPE,2553,3.9,8.5,21.78,16.88,50.79
2026-07-08,Hồ Chí Minh,Lâm Đồng,Cross region,SPB,2070,6.87,12.14,21.5,16.77,57.36
2026-07-08,Hồ Chí Minh,Lâm Đồng,Cross region,SPE,6080,4.03,8.91,18.94,16.11,47.59
2026-07-08,Hồ Chí Minh,Ninh Bình,Cross region,SPB,623,9.04,14.01,57.12,15.11,95.13
2026-07-08,Hồ Chí Minh,Ninh Bình,Cross region,SPE,2774,4.13,9.27,63.9,11.82,88.72
2026-07-08,Hồ Chí Minh,Tây Ninh,Intra region,SPB,1880,7.46,10.99,12.22,16.51,47.35
2026-07-08,Hồ Chí Minh,Tây Ninh,Intra region,SPE,6339,4.07,8.52,10.76,13.14,36.33
2026-07-08,Hồ Chí Minh,Vĩnh Long,Intra region,SPB,1361,7.07,10.55,13.92,16.14,47.88
2026-07-08,Hồ Chí Minh,Vĩnh Long,Intra region,SPE,4924,4.1,8.31,14.03,16.08,42.16
2026-07-08,Hồ Chí Minh,Đà Nẵng,Cross metro *,SPB,1655,7.54,11.46,34.71,14.94,69.22
2026-07-08,Hồ Chí Minh,Đà Nẵng,Cross metro *,SPE,1006,3.68,9.02,34.95,12.43,60.11
2026-07-08,Hồ Chí Minh,Đắk Lắk,Cross region,SPB,951,8.89,10.84,28.52,14.99,63.35
2026-07-08,Hồ Chí Minh,Đắk Lắk,Cross region,SPE,3232,3.99,8.51,28.2,14.94,55.38
2026-07-08,Hồ Chí Minh,Đồng Nai,Intra region,SPB,3276,7.44,11.26,15.06,13.27,47.18
2026-07-08,Hồ Chí Minh,Đồng Nai,Intra region,SPE,10188,4.16,8.62,15.09,13.37,40.92
2026-07-08,Hồ Chí Minh,Đồng Tháp,Intra region,SPB,1481,6.6,10.24,13.82,16.49,47.39
2026-07-08,Hồ Chí Minh,Đồng Tháp,Intra region,SPE,4678,4.23,8.67,13.18,14.87,40.58
2026-07-08,Đà Nẵng,Hà Nội,Cross metro *,SPB,158,4.05,5.68,52.08,18.53,80.37
2026-07-08,Đà Nẵng,Hà Nội,Cross metro *,SPE,70,2.52,8.58,41.17,14.95,67.3
2026-07-08,Đà Nẵng,Hồ Chí Minh,Cross metro *,SPB,181,3.49,6.07,40.35,14.58,64.49
2026-07-08,Đà Nẵng,Hồ Chí Minh,Cross metro *,SPE,77,2.35,8.6,39.22,9.47,59.65
2026-07-07,,,,SPB,11,17.22,7.38,25.25,22.11,71.98
2026-07-07,,,,SPE,45,4.2,11.9,43.44,34.2,93.32
2026-07-07,Bắc Ninh,Hà Nội,Intra region,SPB,7793,16.54,10.8,38.1,15.06,80.82
2026-07-07,Bắc Ninh,Hà Nội,Intra region,SPE,3507,11.37,11.97,15.03,11.86,53.42
2026-07-07,Hà Nội,An Giang,Cross region,SPB,953,4.67,12.94,58.21,18.79,95.24
2026-07-07,Hà Nội,An Giang,Cross region,SPE,3472,4.5,11.97,58.17,18.43,93.25
2026-07-07,Hà Nội,Bắc Ninh,Intra region,SPB,2464,5.48,12.45,19.8,19.64,57.36
2026-07-07,Hà Nội,Bắc Ninh,Intra region,SPE,5532,5.35,11.96,14.92,18.86,51.34
2026-07-07,Hà Nội,Cần Thơ,Cross region,SPB,737,4.76,12.45,51.88,20.95,89.98
2026-07-07,Hà Nội,Cần Thơ,Cross region,SPE,3741,4.77,12.21,53.02,18.01,88.35
2026-07-07,Hà Nội,Gia Lai,Cross region,SPB,1076,4.71,12.29,42.25,12.29,71.59
2026-07-07,Hà Nội,Gia Lai,Cross region,SPE,3278,4.72,11.35,45.83,12.77,74.65
2026-07-07,Hà Nội,Hà Nội,Intra city,SPB,15489,6.53,13.01,38.23,12.69,61.42
2026-07-07,Hà Nội,Hà Nội,Intra city,SPE,3309,4.93,10.32,15.91,11.41,42.79
2026-07-07,Hà Nội,Hưng Yên,Intra region,SPB,2391,5.44,12.55,22.99,15.99,56.98
2026-07-07,Hà Nội,Hưng Yên,Intra region,SPE,5664,4.98,12.53,20.45,16.08,54.02
2026-07-07,Hà Nội,Hải Phòng,Intra region,SPB,3521,5.36,13.0,21.59,19.24,59.27
2026-07-07,Hà Nội,Hải Phòng,Intra region,SPE,7254,5.3,11.73,21.31,16.56,55.0
2026-07-07,Hà Nội,Hồ Chí Minh,Cross metro,SPB,7779,5.22,12.99,51.35,14.62,84.35
2026-07-07,Hà Nội,Hồ Chí Minh,Cross metro,SPE,8257,5.07,10.61,52.44,9.58,78.37
2026-07-07,Hà Nội,Lào Cai,Intra region,SPB,800,5.31,11.89,20.28,18.54,56.13
2026-07-07,Hà Nội,Lào Cai,Intra region,SPE,2093,4.73,14.07,19.81,19.79,59.68
2026-07-07,Hà Nội,Lâm Đồng,Cross region,SPB,1546,4.69,12.52,52.86,16.32,86.83
2026-07-07,Hà Nội,Lâm Đồng,Cross region,SPE,4220,5.0,11.42,55.95,17.55,89.97
2026-07-07,Hà Nội,Nghệ An,Cross region,SPB,1465,5.86,12.65,29.44,22.68,70.74
2026-07-07,Hà Nội,Nghệ An,Cross region,SPE,3427,5.34,11.18,31.88,23.08,71.93
2026-07-07,Hà Nội,Ninh Bình,Intra region,SPB,2795,5.92,12.77,21.21,12.4,52.23
2026-07-07,Hà Nội,Ninh Bình,Intra region,SPE,6296,5.19,12.71,19.82,11.87,49.51
2026-07-07,Hà Nội,Phú Thọ,Intra region,SPB,2075,5.24,12.41,17.16,14.02,48.73
2026-07-07,Hà Nội,Phú Thọ,Intra region,SPE,6166,5.14,12.93,17.74,14.49,50.84
2026-07-07,Hà Nội,Quảng Ninh,Intra region,SPB,1402,5.23,12.91,32.72,12.92,63.54
2026-07-07,Hà Nội,Quảng Ninh,Intra region,SPE,3077,5.16,12.35,22.24,14.56,54.9
2026-07-07,Hà Nội,Thanh Hóa,Intra region,SPB,2268,5.75,13.52,22.45,20.5,62.17
2026-07-07,Hà Nội,Thanh Hóa,Intra region,SPE,5893,5.0,12.36,22.35,19.96,60.16
2026-07-07,Hà Nội,Tây Ninh,Cross region,SPB,835,4.79,13.19,49.06,21.57,88.83
2026-07-07,Hà Nội,Tây Ninh,Cross region,SPE,3077,5.04,11.98,46.56,19.21,83.17
2026-07-07,Hà Nội,Đà Nẵng,Cross metro *,SPB,2016,4.42,13.26,34.75,15.77,68.53
2026-07-07,Hà Nội,Đà Nẵng,Cross metro *,SPE,1946,5.52,11.11,35.58,14.11,66.61
2026-07-07,Hà Nội,Đắk Lắk,Cross region,SPB,901,5.07,12.14,45.18,15.12,77.34
2026-07-07,Hà Nội,Đắk Lắk,Cross region,SPE,2998,4.77,11.67,50.45,14.33,80.94
2026-07-07,Hà Nội,Đồng Nai,Cross region,SPB,1655,4.52,11.8,53.08,18.75,88.33
2026-07-07,Hà Nội,Đồng Nai,Cross region,SPE,4758,5.56,11.24,59.55,15.55,91.79
2026-07-07,Hồ Chí Minh,An Giang,Intra region,SPB,3612,9.96,8.71,18.72,15.2,52.76
2026-07-07,Hồ Chí Minh,An Giang,Intra region,SPE,6450,5.64,9.77,18.97,16.41,50.35
2026-07-07,Hồ Chí Minh,Cà Mau,Intra region,SPB,1479,10.54,8.51,16.9,21.73,58.1
2026-07-07,Hồ Chí Minh,Cà Mau,Intra region,SPE,3286,5.24,9.77,17.76,14.31,46.88
2026-07-07,Hồ Chí Minh,Cần Thơ,Intra region,SPB,3256,10.8,8.15,14.03,13.39,46.48
2026-07-07,Hồ Chí Minh,Cần Thơ,Intra region,SPE,6707,5.56,9.84,14.85,12.63,42.44
2026-07-07,Hồ Chí Minh,Gia Lai,Cross region,SPB,2593,14.44,6.87,32.74,12.48,67.03
2026-07-07,Hồ Chí Minh,Gia Lai,Cross region,SPE,3570,6.09,9.56,33.77,9.88,58.94
2026-07-07,Hồ Chí Minh,Hà Nội,Cross metro,SPB,10281,12.83,6.89,78.71,17.87,116.9
2026-07-07,Hồ Chí Minh,Hà Nội,Cross metro,SPE,5227,6.57,8.27,52.23,13.25,80.3
2026-07-07,Hồ Chí Minh,Hải Phòng,Cross region,SPB,2117,11.5,7.95,64.52,19.86,103.99
2026-07-07,Hồ Chí Minh,Hải Phòng,Cross region,SPE,3525,6.39,9.46,67.7,16.96,99.93
2026-07-07,Hồ Chí Minh,Hồ Chí Minh,Intra city,SPB,37945,15.89,6.02,12.24,9.62,38.74
2026-07-07,Hồ Chí Minh,Hồ Chí Minh,Intra city,SPE,8853,6.71,8.85,13.54,9.02,38.18
2026-07-07,Hồ Chí Minh,Khánh Hòa,Cross region,SPB,2607,13.39,6.97,24.34,18.18,63.32
2026-07-07,Hồ Chí Minh,Khánh Hòa,Cross region,SPE,2755,5.94,9.23,23.66,16.63,54.82
2026-07-07,Hồ Chí Minh,Lâm Đồng,Cross region,SPB,4886,12.12,7.81,21.48,15.27,57.0
2026-07-07,Hồ Chí Minh,Lâm Đồng,Cross region,SPE,6169,6.16,9.63,19.8,16.01,51.14
2026-07-07,Hồ Chí Minh,Ninh Bình,Cross region,SPB,1535,12.11,7.0,62.88,14.31,96.46
2026-07-07,Hồ Chí Minh,Ninh Bình,Cross region,SPE,2760,6.39,9.65,64.57,11.4,91.84
2026-07-07,Hồ Chí Minh,Tây Ninh,Intra region,SPB,4111,11.21,7.81,11.77,16.93,47.93
2026-07-07,Hồ Chí Minh,Tây Ninh,Intra region,SPE,6155,6.11,9.38,10.72,12.78,38.48
2026-07-07,Hồ Chí Minh,Vĩnh Long,Intra region,SPB,2818,10.76,8.05,13.86,15.22,48.06
2026-07-07,Hồ Chí Minh,Vĩnh Long,Intra region,SPE,4802,5.58,9.78,14.28,15.78,45.06
2026-07-07,Hồ Chí Minh,Đà Nẵng,Cross metro *,SPB,3713,12.0,7.21,34.22,14.55,68.48
2026-07-07,Hồ Chí Minh,Đà Nẵng,Cross metro *,SPE,1762,6.12,8.38,34.66,11.88,60.96
2026-07-07,Hồ Chí Minh,Đắk Lắk,Cross region,SPB,2329,13.6,6.7,28.31,13.78,62.61
2026-07-07,Hồ Chí Minh,Đắk Lắk,Cross region,SPE,3565,6.09,9.55,28.24,14.0,57.48
2026-07-07,Hồ Chí Minh,Đồng Nai,Intra region,SPB,7632,12.23,7.5,16.35,13.31,49.6
2026-07-07,Hồ Chí Minh,Đồng Nai,Intra region,SPE,8658,6.82,9.26,15.74,12.87,44.17
2026-07-07,Hồ Chí Minh,Đồng Tháp,Intra region,SPB,3199,10.93,7.86,13.43,16.26,48.69
2026-07-07,Hồ Chí Minh,Đồng Tháp,Intra region,SPE,4650,5.82,9.44,13.42,15.22,43.62
2026-07-07,Đà Nẵng,Hà Nội,Cross metro *,SPB,659,9.51,4.5,64.68,16.9,95.56
2026-07-07,Đà Nẵng,Hà Nội,Cross metro *,SPE,110,3.4,7.85,37.45,13.57,62.32
2026-07-07,Đà Nẵng,Hồ Chí Minh,Cross metro *,SPB,647,10.15,4.89,44.45,11.89,71.4
2026-07-07,Đà Nẵng,Hồ Chí Minh,Cross metro *,SPE,128,3.33,8.51,37.95,8.06,58.11
2026-07-06,,,,SPB,2,7.09,3.88,31.3,66.34,108.64
2026-07-06,,,,SPE,41,1.35,10.79,33.3,33.49,79.12
2026-07-06,Bắc Ninh,Hà Nội,Intra region,SPB,1842,10.82,12.2,32.19,12.68,68.0
2026-07-06,Bắc Ninh,Hà Nội,Intra region,SPE,2310,5.87,11.89,12.79,10.63,41.16
2026-07-06,Hà Nội,An Giang,Cross region,SPB,459,3.61,12.37,58.02,20.58,94.62
2026-07-06,Hà Nội,An Giang,Cross region,SPE,3639,3.33,12.07,55.31,18.32,89.51
2026-07-06,Hà Nội,Bắc Ninh,Intra region,SPB,866,3.97,11.89,18.54,19.2,53.88
2026-07-06,Hà Nội,Bắc Ninh,Intra region,SPE,5575,3.24,12.09,13.56,16.77,45.8
2026-07-06,Hà Nội,Cần Thơ,Cross region,SPB,352,3.62,11.79,53.17,21.95,90.63
2026-07-06,Hà Nội,Cần Thơ,Cross region,SPE,3533,3.22,11.87,51.26,17.08,83.84
2026-07-06,Hà Nội,Gia Lai,Cross region,SPB,328,4.82,12.05,47.36,13.67,77.66
2026-07-06,Hà Nội,Gia Lai,Cross region,SPE,2894,3.12,11.84,49.18,12.01,76.08
2026-07-06,Hà Nội,Hà Nội,Intra city,SPB,5598,4.1,11.05,27.18,10.56,48.51
2026-07-06,Hà Nội,Hà Nội,Intra city,SPE,2988,5.12,9.41,15.1,10.42,39.41
2026-07-06,Hà Nội,Hưng Yên,Intra region,SPB,861,4.91,11.36,16.11,15.77,48.32
2026-07-06,Hà Nội,Hưng Yên,Intra region,SPE,5424,3.34,11.88,14.26,14.85,44.39
2026-07-06,Hà Nội,Hải Phòng,Intra region,SPB,1402,4.21,10.6,17.4,17.07,49.51
2026-07-06,Hà Nội,Hải Phòng,Intra region,SPE,6675,3.25,11.85,17.64,14.63,47.53
2026-07-06,Hà Nội,Hồ Chí Minh,Cross metro,SPB,2691,5.51,12.27,51.28,14.99,84.23
2026-07-06,Hà Nội,Hồ Chí Minh,Cross metro,SPE,5480,4.21,9.88,50.66,9.26,73.99
2026-07-06,Hà Nội,Lào Cai,Intra region,SPB,341,3.87,13.25,20.85,18.04,55.99
2026-07-06,Hà Nội,Lào Cai,Intra region,SPE,2172,3.37,12.45,18.88,19.54,54.45
2026-07-06,Hà Nội,Lâm Đồng,Cross region,SPB,586,4.34,12.44,51.09,19.57,88.17
2026-07-06,Hà Nội,Lâm Đồng,Cross region,SPE,3749,3.54,11.78,54.31,18.26,87.92
2026-07-06,Hà Nội,Nghệ An,Cross region,SPB,507,4.54,10.94,25.64,22.55,63.63
2026-07-06,Hà Nội,Nghệ An,Cross region,SPE,2746,3.26,11.45,28.8,23.8,67.22
2026-07-06,Hà Nội,Ninh Bình,Intra region,SPB,888,4.19,11.46,15.84,12.5,44.17
2026-07-06,Hà Nội,Ninh Bình,Intra region,SPE,6063,3.27,12.0,14.99,11.62,42.0
2026-07-06,Hà Nội,Phú Thọ,Intra region,SPB,828,4.34,10.96,16.59,12.68,44.41
2026-07-06,Hà Nội,Phú Thọ,Intra region,SPE,6034,3.35,11.84,16.4,13.74,45.5
2026-07-06,Hà Nội,Quảng Ninh,Intra region,SPB,578,4.51,11.55,27.99,13.64,57.61
2026-07-06,Hà Nội,Quảng Ninh,Intra region,SPE,2675,3.4,11.82,18.08,13.85,47.31
2026-07-06,Hà Nội,Thanh Hóa,Intra region,SPB,894,4.52,12.04,20.42,19.61,56.56
2026-07-06,Hà Nội,Thanh Hóa,Intra region,SPE,5952,3.2,11.82,21.25,20.12,56.44
2026-07-06,Hà Nội,Tây Ninh,Cross region,SPB,356,4.5,11.02,47.26,21.44,84.17
2026-07-06,Hà Nội,Tây Ninh,Cross region,SPE,2882,3.45,11.99,44.33,19.35,79.2
2026-07-06,Hà Nội,Đà Nẵng,Cross metro *,SPB,713,4.09,11.35,33.04,15.61,64.11
2026-07-06,Hà Nội,Đà Nẵng,Cross metro *,SPE,1305,3.99,9.65,32.77,13.25,59.42
2026-07-06,Hà Nội,Đắk Lắk,Cross region,SPB,366,3.9,10.92,46.57,15.33,76.71
2026-07-06,Hà Nội,Đắk Lắk,Cross region,SPE,2720,3.13,11.57,48.83,14.53,78.28
2026-07-06,Hà Nội,Đồng Nai,Cross region,SPB,612,3.87,11.99,52.41,17.57,86.04
2026-07-06,Hà Nội,Đồng Nai,Cross region,SPE,3611,3.25,11.36,53.97,15.44,83.99
2026-07-06,Hồ Chí Minh,An Giang,Intra region,SPB,1775,5.19,7.71,18.3,14.94,46.17
2026-07-06,Hồ Chí Minh,An Giang,Intra region,SPE,5882,3.78,9.61,17.69,16.01,46.89
2026-07-06,Hồ Chí Minh,Cà Mau,Intra region,SPB,657,5.38,8.96,15.97,20.51,50.75
2026-07-06,Hồ Chí Minh,Cà Mau,Intra region,SPE,3078,3.49,10.0,16.12,13.28,42.8
2026-07-06,Hồ Chí Minh,Cần Thơ,Intra region,SPB,1406,5.55,7.68,13.24,12.63,39.29
2026-07-06,Hồ Chí Minh,Cần Thơ,Intra region,SPE,5893,3.73,9.74,14.18,11.22,38.76
2026-07-06,Hồ Chí Minh,Gia Lai,Cross region,SPB,859,6.28,5.91,30.74,11.57,54.5
2026-07-06,Hồ Chí Minh,Gia Lai,Cross region,SPE,2772,3.74,9.57,31.31,10.73,55.06
2026-07-06,Hồ Chí Minh,Hà Nội,Cross metro,SPB,2545,5.89,7.62,70.92,15.32,99.99
2026-07-06,Hồ Chí Minh,Hà Nội,Cross metro,SPE,2568,4.26,8.1,50.79,11.46,74.44
2026-07-06,Hồ Chí Minh,Hải Phòng,Cross region,SPB,651,5.55,8.19,61.15,19.31,94.19
2026-07-06,Hồ Chí Minh,Hải Phòng,Cross region,SPE,2961,3.77,10.06,63.63,18.12,95.34
2026-07-06,Hồ Chí Minh,Hồ Chí Minh,Intra city,SPB,13265,6.83,6.72,11.62,7.03,26.37
2026-07-06,Hồ Chí Minh,Hồ Chí Minh,Intra city,SPE,6239,4.71,7.61,13.47,9.44,35.23
2026-07-06,Hồ Chí Minh,Khánh Hòa,Cross region,SPB,774,6.91,6.55,22.41,14.96,50.79
2026-07-06,Hồ Chí Minh,Khánh Hòa,Cross region,SPE,2189,3.7,9.14,23.17,15.22,50.96
2026-07-06,Hồ Chí Minh,Lâm Đồng,Cross region,SPB,1778,6.09,8.07,20.3,15.91,50.25
2026-07-06,Hồ Chí Minh,Lâm Đồng,Cross region,SPE,5034,3.84,9.89,19.18,15.77,48.45
2026-07-06,Hồ Chí Minh,Ninh Bình,Cross region,SPB,394,5.67,8.36,55.69,15.02,84.4
2026-07-06,Hồ Chí Minh,Ninh Bình,Cross region,SPE,2517,3.66,9.76,54.95,15.63,83.97
2026-07-06,Hồ Chí Minh,Tây Ninh,Intra region,SPB,1797,5.37,7.52,10.8,14.5,38.16
2026-07-06,Hồ Chí Minh,Tây Ninh,Intra region,SPE,4943,3.86,9.66,10.54,12.13,36.03
2026-07-06,Hồ Chí Minh,Vĩnh Long,Intra region,SPB,1205,5.15,7.42,13.22,14.59,40.44
2026-07-06,Hồ Chí Minh,Vĩnh Long,Intra region,SPE,4165,3.56,9.76,13.74,13.29,40.32
2026-07-06,Hồ Chí Minh,Đà Nẵng,Cross metro *,SPB,1186,5.83,7.43,33.73,15.33,62.15
2026-07-06,Hồ Chí Minh,Đà Nẵng,Cross metro *,SPE,960,3.86,8.02,33.96,13.16,59.22
2026-07-06,Hồ Chí Minh,Đắk Lắk,Cross region,SPB,786,6.76,6.0,28.22,13.45,54.4
2026-07-06,Hồ Chí Minh,Đắk Lắk,Cross region,SPE,2771,3.63,9.74,26.94,14.63,54.57
2026-07-06,Hồ Chí Minh,Đồng Nai,Intra region,SPB,2806,6.04,6.98,14.03,12.38,39.4
2026-07-06,Hồ Chí Minh,Đồng Nai,Intra region,SPE,5852,3.94,9.31,14.46,11.58,39.25
2026-07-06,Hồ Chí Minh,Đồng Tháp,Intra region,SPB,1320,5.57,7.08,12.32,15.12,40.2
2026-07-06,Hồ Chí Minh,Đồng Tháp,Intra region,SPE,3848,3.75,9.41,12.81,12.83,38.73
2026-07-06,Đà Nẵng,Hà Nội,Cross metro *,SPB,133,5.88,6.48,46.96,14.4,73.54
2026-07-06,Đà Nẵng,Hà Nội,Cross metro *,SPE,61,2.66,9.35,35.66,9.12,60.4
2026-07-06,Đà Nẵng,Hồ Chí Minh,Cross metro *,SPB,173,6.25,5.31,36.68,12.36,60.4
2026-07-06,Đà Nẵng,Hồ Chí Minh,Cross metro *,SPE,93,1.5,9.27,36.38,8.77,57.4
2026-07-05,,,,SPB,1,1.47,10.98,11.37,3.83,27.68
2026-07-05,,,,SPE,23,7.85,16.92,31.23,23.1,78.67
2026-07-05,Bắc Ninh,Hà Nội,Intra region,SPB,775,10.64,5.47,19.72,10.46,46.74
2026-07-05,Bắc Ninh,Hà Nội,Intra region,SPE,1598,9.12,12.42,13.07,10.63,43.98
2026-07-05,Hà Nội,An Giang,Cross region,SPB,216,7.6,12.87,56.44,20.0,96.6
2026-07-05,Hà Nội,An Giang,Cross region,SPE,2328,7.26,13.98,55.04,18.71,94.6
2026-07-05,Hà Nội,Bắc Ninh,Intra region,SPB,364,8.84,13.43,15.96,18.73,56.65
2026-07-05,Hà Nội,Bắc Ninh,Intra region,SPE,3255,8.16,13.31,13.34,15.97,50.53
2026-07-05,Hà Nội,Cần Thơ,Cross region,SPB,179,7.77,10.87,49.49,21.33,89.37
2026-07-05,Hà Nội,Cần Thơ,Cross region,SPE,2375,7.85,13.21,50.62,18.89,90.65
2026-07-05,Hà Nội,Gia Lai,Cross region,SPB,165,6.68,11.97,44.17,12.97,75.7
2026-07-05,Hà Nội,Gia Lai,Cross region,SPE,1865,7.49,12.92,44.26,10.44,75.14
2026-07-05,Hà Nội,Hà Nội,Intra city,SPB,893,8.15,13.49,22.78,9.32,47.76
2026-07-05,Hà Nội,Hà Nội,Intra city,SPE,13,33.55,12.48,15.3,10.4,55.51
2026-07-05,Hà Nội,Hưng Yên,Intra region,SPB,350,7.99,12.05,15.44,14.43,50.23
2026-07-05,Hà Nội,Hưng Yên,Intra region,SPE,3169,7.98,14.15,13.37,13.47,48.41
2026-07-05,Hà Nội,Hải Phòng,Intra region,SPB,525,8.66,12.3,17.15,19.62,57.74
2026-07-05,Hà Nội,Hải Phòng,Intra region,SPE,3780,7.95,13.48,16.5,14.14,52.02
2026-07-05,Hà Nội,Hồ Chí Minh,Cross metro,SPB,1197,9.94,12.84,49.14,14.01,85.85
2026-07-05,Hà Nội,Hồ Chí Minh,Cross metro,SPE,3047,8.83,10.24,49.41,8.35,75.97
2026-07-05,Hà Nội,Lào Cai,Intra region,SPB,169,6.97,11.86,18.62,31.32,68.84
2026-07-05,Hà Nội,Lào Cai,Intra region,SPE,1330,6.96,13.69,17.78,16.69,55.25
2026-07-05,Hà Nội,Lâm Đồng,Cross region,SPB,263,8.65,12.64,51.85,17.59,90.55
2026-07-05,Hà Nội,Lâm Đồng,Cross region,SPE,2404,7.66,13.36,52.28,18.54,91.44
2026-07-05,Hà Nội,Nghệ An,Cross region,SPB,202,8.87,12.12,25.41,29.13,75.15
2026-07-05,Hà Nội,Nghệ An,Cross region,SPE,1902,7.59,13.1,28.51,21.7,70.73
2026-07-05,Hà Nội,Ninh Bình,Intra region,SPB,388,7.64,11.05,12.98,11.79,43.37
2026-07-05,Hà Nội,Ninh Bình,Intra region,SPE,3714,8.05,13.04,13.83,10.61,45.21
2026-07-05,Hà Nội,Phú Thọ,Intra region,SPB,326,7.48,12.08,15.6,11.78,46.81
2026-07-05,Hà Nội,Phú Thọ,Intra region,SPE,3746,7.61,13.22,15.91,13.32,49.95
2026-07-05,Hà Nội,Quảng Ninh,Intra region,SPB,226,8.38,13.05,28.84,13.09,63.8
2026-07-05,Hà Nội,Quảng Ninh,Intra region,SPE,1445,8.35,12.92,18.52,12.91,52.35
2026-07-05,Hà Nội,Thanh Hóa,Intra region,SPB,343,8.01,11.02,18.52,22.57,59.87
2026-07-05,Hà Nội,Thanh Hóa,Intra region,SPE,3571,7.72,13.05,20.91,19.77,61.3
2026-07-05,Hà Nội,Tây Ninh,Cross region,SPB,162,8.07,10.52,49.6,22.69,90.66
2026-07-05,Hà Nội,Tây Ninh,Cross region,SPE,1701,8.09,12.85,43.7,19.14,83.27
2026-07-05,Hà Nội,Đà Nẵng,Cross metro *,SPB,324,10.24,12.64,30.34,15.58,68.75
2026-07-05,Hà Nội,Đà Nẵng,Cross metro *,SPE,794,9.94,10.79,29.16,14.66,64.25
2026-07-05,Hà Nội,Đắk Lắk,Cross region,SPB,179,7.61,15.28,46.35,14.34,83.38
2026-07-05,Hà Nội,Đắk Lắk,Cross region,SPE,1704,7.79,13.09,46.18,14.61,81.01
2026-07-05,Hà Nội,Đồng Nai,Cross region,SPB,268,8.59,10.96,47.59,18.83,85.9
2026-07-05,Hà Nội,Đồng Nai,Cross region,SPE,2180,7.88,13.55,50.53,15.52,86.77
2026-07-05,Hồ Chí Minh,An Giang,Intra region,SPB,655,9.81,9.04,16.81,14.01,49.83
2026-07-05,Hồ Chí Minh,An Giang,Intra region,SPE,3024,8.8,11.54,16.88,14.71,51.66
2026-07-05,Hồ Chí Minh,Cà Mau,Intra region,SPB,257,10.01,8.19,15.99,19.06,54.03
2026-07-05,Hồ Chí Minh,Cà Mau,Intra region,SPE,1789,8.4,11.49,15.83,13.25,48.94
2026-07-05,Hồ Chí Minh,Cần Thơ,Intra region,SPB,504,10.01,9.63,13.5,11.36,44.39
2026-07-05,Hồ Chí Minh,Cần Thơ,Intra region,SPE,3271,8.94,11.43,14.23,11.21,45.42
2026-07-05,Hồ Chí Minh,Gia Lai,Cross region,SPB,280,11.84,5.85,32.05,11.58,61.42
2026-07-05,Hồ Chí Minh,Gia Lai,Cross region,SPE,1561,8.43,11.25,32.03,11.19,63.0
2026-07-05,Hồ Chí Minh,Hà Nội,Cross metro,SPB,919,11.21,9.41,68.1,15.01,103.44
2026-07-05,Hồ Chí Minh,Hà Nội,Cross metro,SPE,1217,10.8,9.81,50.04,10.44,80.55
2026-07-05,Hồ Chí Minh,Hải Phòng,Cross region,SPB,229,9.56,8.19,56.6,19.73,94.16
2026-07-05,Hồ Chí Minh,Hải Phòng,Cross region,SPE,1594,9.15,11.61,60.56,17.52,98.47
2026-07-05,Hồ Chí Minh,Hồ Chí Minh,Intra city,SPB,3032,11.5,6.9,11.69,8.86,36.12
2026-07-05,Hồ Chí Minh,Hồ Chí Minh,Intra city,SPE,1427,13.63,17.34,15.1,9.44,54.64
2026-07-05,Hồ Chí Minh,Khánh Hòa,Cross region,SPB,205,10.75,6.55,20.64,14.72,52.84
2026-07-05,Hồ Chí Minh,Khánh Hòa,Cross region,SPE,1153,8.96,12.22,22.7,13.75,56.91
2026-07-05,Hồ Chí Minh,Lâm Đồng,Cross region,SPB,679,10.76,7.98,18.2,14.1,51.16
2026-07-05,Hồ Chí Minh,Lâm Đồng,Cross region,SPE,2664,9.27,11.29,18.87,15.58,54.64
2026-07-05,Hồ Chí Minh,Ninh Bình,Cross region,SPB,155,9.72,9.05,52.56,14.19,85.18
2026-07-05,Hồ Chí Minh,Ninh Bình,Cross region,SPE,1404,8.2,11.64,52.87,15.53,87.78
2026-07-05,Hồ Chí Minh,Tây Ninh,Intra region,SPB,574,9.97,7.55,10.63,12.93,41.21
2026-07-05,Hồ Chí Minh,Tây Ninh,Intra region,SPE,2583,9.13,11.55,10.37,12.46,42.97
2026-07-05,Hồ Chí Minh,Vĩnh Long,Intra region,SPB,433,10.46,8.45,13.04,13.68,46.18
2026-07-05,Hồ Chí Minh,Vĩnh Long,Intra region,SPE,2287,8.7,11.72,14.0,12.8,46.95
2026-07-05,Hồ Chí Minh,Đà Nẵng,Cross metro *,SPB,425,11.19,9.26,32.03,16.49,69.25
2026-07-05,Hồ Chí Minh,Đà Nẵng,Cross metro *,SPE,496,10.94,9.55,33.13,14.26,67.97
2026-07-05,Hồ Chí Minh,Đắk Lắk,Cross region,SPB,273,10.98,7.48,26.69,14.36,59.24
2026-07-05,Hồ Chí Minh,Đắk Lắk,Cross region,SPE,1441,8.68,12.29,26.39,14.36,61.21
2026-07-05,Hồ Chí Minh,Đồng Nai,Intra region,SPB,982,10.21,8.31,14.26,10.22,42.95
2026-07-05,Hồ Chí Minh,Đồng Nai,Intra region,SPE,3009,9.17,11.78,14.48,11.19,46.12
2026-07-05,Hồ Chí Minh,Đồng Tháp,Intra region,SPB,488,9.91,8.61,12.05,14.14,44.57
2026-07-05,Hồ Chí Minh,Đồng Tháp,Intra region,SPE,2163,8.6,11.38,12.91,12.52,45.12
2026-07-05,Đà Nẵng,Hà Nội,Cross metro *,SPB,35,6.51,7.09,58.89,10.73,83.25
2026-07-05,Đà Nẵng,Hà Nội,Cross metro *,SPE,25,2.17,7.65,41.27,11.33,62.46
2026-07-05,Đà Nẵng,Hồ Chí Minh,Cross metro *,SPB,59,7.89,4.83,42.39,15.75,70.59
2026-07-05,Đà Nẵng,Hồ Chí Minh,Cross metro *,SPE,34,5.93,8.76,37.93,13.71,67.03
